node=hai001.haicore.berlin cpus=220 local=/tmp/simdjson-jni-152522 pin=taskset -c 0,2,4,6,8,10,12,14,16,18,20,22,24,26,28,30,32,34,36,38,40,42,44,46,48,50,52,54,56,58,60,62,64,66,68,70,72,74,76,78,80,82,84,86,88,90,92,94,96,98,100,102,104,106,108,110,112,114,116,118,120,122,124,126,128,130,132,134,136,138,140,142,144,146,148,150,152,154,156,158,160,162,164,166,168,170,172,174,176,178,180,182,184,186,188,190,192,194,196,198,200,202,204,206,208,210,212,214,216,218,220,222
Model name:                              Intel(R) Xeon(R) Platinum 8480+
Core(s) per socket:                      56
Socket(s):                               2
NUMA node(s):                            2
/dev/mapper/vg_hai001-lv_tmp  292G  3.2G  289G   2% /tmp
==> fetching dependencies
simdjson 4.6.11 already vendored
==> building native bridge
/tmp/simdjson-jni-152522/native/simdjson_jni.cpp: In function ‘const uint8_t* {anonymous}::DirectAddress(JNIEnv*, jobject, jint)’:
/tmp/simdjson-jni-152522/native/simdjson_jni.cpp:289:16: warning: comparison of integer expressions of different signedness: ‘jlong’ {aka ‘long int’} and ‘long unsigned int’ [-Wsign-compare]
  289 |   if (capacity < static_cast<jlong>(length) + simdjson::SIMDJSON_PADDING) {
      |       ~~~~~~~~~^~~~~~~~~~~~~~~~~~~~~~~~~~~~~~~~~~~~~~~~~~~~~~~~~~~~~~~~~
==> generating vehicle feed
records=50242 bytes=69781988 sha256=dfcc04d87dd224585c84561350dca02cfb7e90f7ab3f64a5b86fb6bdc07ffb80
==> building java
==> recording environment provenance
wrote /tmp/simdjson-jni-152522/results/environment.json
==> verifying engine equivalence
twitter.json                       631515 bytes  checksum=0xa9a4761e68cc164c  agree=true
twitterescaped.json                562408 bytes  checksum=0x36d4a4a84bea25a6  agree=true
github_events.json                  65132 bytes  checksum=0x0d8c1166ddf63ee9  agree=true
citm_catalog.json                 1727204 bytes  checksum=0xcaadbe1bd71d0ee9  agree=true
canada.json                       2251051 bytes  checksum=0xd940a49cb6314585  agree=true
gsoc-2018.json                    3327831 bytes  checksum=0xe421b20845149d2f  agree=true
marine_ik.json                    2983466 bytes  checksum=0x5e398fcbffe69b2d  agree=true
mesh.json                          723597 bytes  checksum=0x12910d0cd77ae4d8  agree=true
update-center.json                 533178 bytes  checksum=0xeb009ff4da3c20ce  agree=true
vpic_makes.json                    612133 bytes  checksum=0x2e6d6b4e8ba44c4e  agree=true
vehicles-latency-batch             354484 bytes  checksum=0x8bfadb974dafa11e  agree=true
vehicles-pipeline-batch           5693383 bytes  checksum=0xb6a385adf628d0bc  agree=true
pipeline agree=true valid=4096 of 4096
mismatches=0
==> jmh throughput
# JMH version: 1.37
# VM version: JDK 21.0.12.1, OpenJDK 64-Bit Server VM, 21.0.12.1+1-LTS
# VM invoker: /tmp/toolchain-152522/jdk21/bin/java
# VM options: -Dsimdjson.jni.library=/tmp/simdjson-jni-152522/build/libsimdjson_jni.so -Dsimdjson.data.dir=/tmp/simdjson-jni-152522/data -Xms2g -Xmx2g -XX:+UseG1GC
# Blackhole mode: compiler (auto-detected, use -Djmh.blackhole.autoDetect=false to disable)
# Warmup: 5 iterations, 1 s each
# Measurement: 10 iterations, 1 s each
# Timeout: 10 min per iteration
# Threads: 1 thread, will synchronize iterations
# Benchmark mode: Throughput, ops/time
# Benchmark: dev.yll.simdjsonjni.bench.ThroughputBenchmark.checksum
# Parameters: (dataset = twitter.json, engine = jackson-tree)

# Run progress: 0.00% complete, ETA 00:30:00
# Fork: 1 of 3
# Warmup Iteration   1: 412.610 ops/s
# Warmup Iteration   2: 445.241 ops/s
# Warmup Iteration   3: 476.689 ops/s
# Warmup Iteration   4: 476.862 ops/s
# Warmup Iteration   5: 480.125 ops/s
Iteration   1: 475.321 ops/s
Iteration   2: 476.958 ops/s
Iteration   3: 469.951 ops/s
Iteration   4: 484.949 ops/s
Iteration   5: 478.089 ops/s
Iteration   6: 483.609 ops/s
Iteration   7: 472.865 ops/s
Iteration   8: 476.724 ops/s
Iteration   9: 480.158 ops/s
Iteration  10: 478.265 ops/s

# Run progress: 0.83% complete, ETA 00:30:39
# Fork: 2 of 3
# Warmup Iteration   1: 405.152 ops/s
# Warmup Iteration   2: 454.616 ops/s
# Warmup Iteration   3: 470.549 ops/s
# Warmup Iteration   4: 490.420 ops/s
# Warmup Iteration   5: 477.217 ops/s
Iteration   1: 476.870 ops/s
Iteration   2: 490.981 ops/s
Iteration   3: 474.413 ops/s
Iteration   4: 483.419 ops/s
Iteration   5: 482.684 ops/s
Iteration   6: 482.822 ops/s
Iteration   7: 485.980 ops/s
Iteration   8: 480.484 ops/s
Iteration   9: 493.508 ops/s
Iteration  10: 481.325 ops/s

# Run progress: 1.67% complete, ETA 00:30:22
# Fork: 3 of 3
# Warmup Iteration   1: 408.500 ops/s
# Warmup Iteration   2: 457.526 ops/s
# Warmup Iteration   3: 478.303 ops/s
# Warmup Iteration   4: 490.009 ops/s
# Warmup Iteration   5: 480.509 ops/s
Iteration   1: 488.564 ops/s
Iteration   2: 494.019 ops/s
Iteration   3: 481.187 ops/s
Iteration   4: 481.569 ops/s
Iteration   5: 490.911 ops/s
Iteration   6: 480.655 ops/s
Iteration   7: 494.923 ops/s
Iteration   8: 487.281 ops/s
Iteration   9: 488.473 ops/s
Iteration  10: 493.437 ops/s


Result "dev.yll.simdjsonjni.bench.ThroughputBenchmark.checksum":
  483.013 ±(99.9%) 4.466 ops/s [Average]
  (min, avg, max) = (469.951, 483.013, 494.923), stdev = 6.684
  CI (99.9%): [478.548, 487.479] (assumes normal distribution)


# JMH version: 1.37
# VM version: JDK 21.0.12.1, OpenJDK 64-Bit Server VM, 21.0.12.1+1-LTS
# VM invoker: /tmp/toolchain-152522/jdk21/bin/java
# VM options: -Dsimdjson.jni.library=/tmp/simdjson-jni-152522/build/libsimdjson_jni.so -Dsimdjson.data.dir=/tmp/simdjson-jni-152522/data -Xms2g -Xmx2g -XX:+UseG1GC
# Blackhole mode: compiler (auto-detected, use -Djmh.blackhole.autoDetect=false to disable)
# Warmup: 5 iterations, 1 s each
# Measurement: 10 iterations, 1 s each
# Timeout: 10 min per iteration
# Threads: 1 thread, will synchronize iterations
# Benchmark mode: Throughput, ops/time
# Benchmark: dev.yll.simdjsonjni.bench.ThroughputBenchmark.checksum
# Parameters: (dataset = twitter.json, engine = jackson-stream)

# Run progress: 2.50% complete, ETA 00:30:06
# Fork: 1 of 3
# Warmup Iteration   1: 711.064 ops/s
# Warmup Iteration   2: 735.718 ops/s
# Warmup Iteration   3: 753.147 ops/s
# Warmup Iteration   4: 735.502 ops/s
# Warmup Iteration   5: 744.940 ops/s
Iteration   1: 744.618 ops/s
Iteration   2: 736.106 ops/s
Iteration   3: 753.183 ops/s
Iteration   4: 736.893 ops/s
Iteration   5: 737.453 ops/s
Iteration   6: 753.397 ops/s
Iteration   7: 744.325 ops/s
Iteration   8: 745.337 ops/s
Iteration   9: 735.512 ops/s
Iteration  10: 753.389 ops/s

# Run progress: 3.33% complete, ETA 00:29:52
# Fork: 2 of 3
# Warmup Iteration   1: 721.362 ops/s
# Warmup Iteration   2: 746.963 ops/s
# Warmup Iteration   3: 745.098 ops/s
# Warmup Iteration   4: 763.929 ops/s
# Warmup Iteration   5: 756.342 ops/s
Iteration   1: 754.875 ops/s
Iteration   2: 764.744 ops/s
Iteration   3: 747.218 ops/s
Iteration   4: 748.034 ops/s
Iteration   5: 765.443 ops/s
Iteration   6: 764.939 ops/s
Iteration   7: 746.879 ops/s
Iteration   8: 764.979 ops/s
Iteration   9: 748.399 ops/s
Iteration  10: 746.400 ops/s

# Run progress: 4.17% complete, ETA 00:29:36
# Fork: 3 of 3
# Warmup Iteration   1: 713.061 ops/s
# Warmup Iteration   2: 753.876 ops/s
# Warmup Iteration   3: 746.802 ops/s
# Warmup Iteration   4: 746.757 ops/s
# Warmup Iteration   5: 748.544 ops/s
Iteration   1: 757.113 ops/s
Iteration   2: 756.574 ops/s
Iteration   3: 757.474 ops/s
Iteration   4: 740.972 ops/s
Iteration   5: 750.581 ops/s
Iteration   6: 759.086 ops/s
Iteration   7: 748.692 ops/s
Iteration   8: 758.981 ops/s
Iteration   9: 740.502 ops/s
Iteration  10: 749.330 ops/s


Result "dev.yll.simdjsonjni.bench.ThroughputBenchmark.checksum":
  750.381 ±(99.9%) 5.944 ops/s [Average]
  (min, avg, max) = (735.512, 750.381, 765.443), stdev = 8.896
  CI (99.9%): [744.437, 756.325] (assumes normal distribution)


# JMH version: 1.37
# VM version: JDK 21.0.12.1, OpenJDK 64-Bit Server VM, 21.0.12.1+1-LTS
# VM invoker: /tmp/toolchain-152522/jdk21/bin/java
# VM options: -Dsimdjson.jni.library=/tmp/simdjson-jni-152522/build/libsimdjson_jni.so -Dsimdjson.data.dir=/tmp/simdjson-jni-152522/data -Xms2g -Xmx2g -XX:+UseG1GC
# Blackhole mode: compiler (auto-detected, use -Djmh.blackhole.autoDetect=false to disable)
# Warmup: 5 iterations, 1 s each
# Measurement: 10 iterations, 1 s each
# Timeout: 10 min per iteration
# Threads: 1 thread, will synchronize iterations
# Benchmark mode: Throughput, ops/time
# Benchmark: dev.yll.simdjsonjni.bench.ThroughputBenchmark.checksum
# Parameters: (dataset = twitter.json, engine = simdjson-jni-copy)

# Run progress: 5.00% complete, ETA 00:29:20
# Fork: 1 of 3
# Warmup Iteration   1: 3918.654 ops/s
# Warmup Iteration   2: 3999.791 ops/s
# Warmup Iteration   3: 3896.203 ops/s
# Warmup Iteration   4: 3898.189 ops/s
# Warmup Iteration   5: 3992.398 ops/s
Iteration   1: 3897.107 ops/s
Iteration   2: 3952.966 ops/s
Iteration   3: 3991.305 ops/s
Iteration   4: 3909.140 ops/s
Iteration   5: 3903.923 ops/s
Iteration   6: 3991.804 ops/s
Iteration   7: 3889.342 ops/s
Iteration   8: 3996.640 ops/s
Iteration   9: 3882.429 ops/s
Iteration  10: 3956.501 ops/s

# Run progress: 5.83% complete, ETA 00:29:04
# Fork: 2 of 3
# Warmup Iteration   1: 4015.509 ops/s
# Warmup Iteration   2: 3931.516 ops/s
# Warmup Iteration   3: 3973.758 ops/s
# Warmup Iteration   4: 3975.207 ops/s
# Warmup Iteration   5: 3943.371 ops/s
Iteration   1: 3972.015 ops/s
Iteration   2: 3885.940 ops/s
Iteration   3: 3927.542 ops/s
Iteration   4: 3969.592 ops/s
Iteration   5: 3890.587 ops/s
Iteration   6: 3976.027 ops/s
Iteration   7: 3881.713 ops/s
Iteration   8: 3928.045 ops/s
Iteration   9: 3932.277 ops/s
Iteration  10: 3885.076 ops/s

# Run progress: 6.67% complete, ETA 00:28:48
# Fork: 3 of 3
# Warmup Iteration   1: 3961.796 ops/s
# Warmup Iteration   2: 3969.556 ops/s
# Warmup Iteration   3: 3964.565 ops/s
# Warmup Iteration   4: 3969.683 ops/s
# Warmup Iteration   5: 3923.250 ops/s
Iteration   1: 3919.821 ops/s
Iteration   2: 3964.024 ops/s
Iteration   3: 3918.561 ops/s
Iteration   4: 3964.292 ops/s
Iteration   5: 3959.338 ops/s
Iteration   6: 3927.861 ops/s
Iteration   7: 3960.356 ops/s
Iteration   8: 3873.557 ops/s
Iteration   9: 3970.335 ops/s
Iteration  10: 3856.054 ops/s


Result "dev.yll.simdjsonjni.bench.ThroughputBenchmark.checksum":
  3931.139 ±(99.9%) 26.974 ops/s [Average]
  (min, avg, max) = (3856.054, 3931.139, 3996.640), stdev = 40.373
  CI (99.9%): [3904.165, 3958.113] (assumes normal distribution)


# JMH version: 1.37
# VM version: JDK 21.0.12.1, OpenJDK 64-Bit Server VM, 21.0.12.1+1-LTS
# VM invoker: /tmp/toolchain-152522/jdk21/bin/java
# VM options: -Dsimdjson.jni.library=/tmp/simdjson-jni-152522/build/libsimdjson_jni.so -Dsimdjson.data.dir=/tmp/simdjson-jni-152522/data -Xms2g -Xmx2g -XX:+UseG1GC
# Blackhole mode: compiler (auto-detected, use -Djmh.blackhole.autoDetect=false to disable)
# Warmup: 5 iterations, 1 s each
# Measurement: 10 iterations, 1 s each
# Timeout: 10 min per iteration
# Threads: 1 thread, will synchronize iterations
# Benchmark mode: Throughput, ops/time
# Benchmark: dev.yll.simdjsonjni.bench.ThroughputBenchmark.checksum
# Parameters: (dataset = twitter.json, engine = simdjson-jni-direct)

# Run progress: 7.50% complete, ETA 00:28:33
# Fork: 1 of 3
# Warmup Iteration   1: 4234.289 ops/s
# Warmup Iteration   2: 4237.692 ops/s
# Warmup Iteration   3: 4166.710 ops/s
# Warmup Iteration   4: 4206.612 ops/s
# Warmup Iteration   5: 4204.751 ops/s
Iteration   1: 4161.331 ops/s
Iteration   2: 4269.952 ops/s
Iteration   3: 4175.063 ops/s
Iteration   4: 4287.521 ops/s
Iteration   5: 4171.026 ops/s
Iteration   6: 4177.039 ops/s
Iteration   7: 4258.360 ops/s
Iteration   8: 4163.084 ops/s
Iteration   9: 4256.697 ops/s
Iteration  10: 4177.551 ops/s

# Run progress: 8.33% complete, ETA 00:28:17
# Fork: 2 of 3
# Warmup Iteration   1: 4177.644 ops/s
# Warmup Iteration   2: 4200.746 ops/s
# Warmup Iteration   3: 4197.446 ops/s
# Warmup Iteration   4: 4153.220 ops/s
# Warmup Iteration   5: 4217.315 ops/s
Iteration   1: 4189.689 ops/s
Iteration   2: 4158.718 ops/s
Iteration   3: 4237.629 ops/s
Iteration   4: 4147.197 ops/s
Iteration   5: 4263.875 ops/s
Iteration   6: 4191.277 ops/s
Iteration   7: 4141.651 ops/s
Iteration   8: 4154.041 ops/s
Iteration   9: 4257.578 ops/s
Iteration  10: 4165.499 ops/s

# Run progress: 9.17% complete, ETA 00:28:01
# Fork: 3 of 3
# Warmup Iteration   1: 4326.293 ops/s
# Warmup Iteration   2: 4315.852 ops/s
# Warmup Iteration   3: 4261.649 ops/s
# Warmup Iteration   4: 4222.917 ops/s
# Warmup Iteration   5: 4324.088 ops/s
Iteration   1: 4302.956 ops/s
Iteration   2: 4309.591 ops/s
Iteration   3: 4272.045 ops/s
Iteration   4: 4262.807 ops/s
Iteration   5: 4323.034 ops/s
Iteration   6: 4303.698 ops/s
Iteration   7: 4274.235 ops/s
Iteration   8: 4276.143 ops/s
Iteration   9: 4297.706 ops/s
Iteration  10: 4312.608 ops/s


Result "dev.yll.simdjsonjni.bench.ThroughputBenchmark.checksum":
  4231.320 ±(99.9%) 40.480 ops/s [Average]
  (min, avg, max) = (4141.651, 4231.320, 4323.034), stdev = 60.589
  CI (99.9%): [4190.840, 4271.800] (assumes normal distribution)


# JMH version: 1.37
# VM version: JDK 21.0.12.1, OpenJDK 64-Bit Server VM, 21.0.12.1+1-LTS
# VM invoker: /tmp/toolchain-152522/jdk21/bin/java
# VM options: -Dsimdjson.jni.library=/tmp/simdjson-jni-152522/build/libsimdjson_jni.so -Dsimdjson.data.dir=/tmp/simdjson-jni-152522/data -Xms2g -Xmx2g -XX:+UseG1GC
# Blackhole mode: compiler (auto-detected, use -Djmh.blackhole.autoDetect=false to disable)
# Warmup: 5 iterations, 1 s each
# Measurement: 10 iterations, 1 s each
# Timeout: 10 min per iteration
# Threads: 1 thread, will synchronize iterations
# Benchmark mode: Throughput, ops/time
# Benchmark: dev.yll.simdjsonjni.bench.ThroughputBenchmark.checksum
# Parameters: (dataset = twitterescaped.json, engine = jackson-tree)

# Run progress: 10.00% complete, ETA 00:27:46
# Fork: 1 of 3
# Warmup Iteration   1: 433.635 ops/s
# Warmup Iteration   2: 472.213 ops/s
# Warmup Iteration   3: 501.508 ops/s
# Warmup Iteration   4: 519.566 ops/s
# Warmup Iteration   5: 507.739 ops/s
Iteration   1: 519.079 ops/s
Iteration   2: 514.663 ops/s
Iteration   3: 508.319 ops/s
Iteration   4: 520.845 ops/s
Iteration   5: 509.740 ops/s
Iteration   6: 515.270 ops/s
Iteration   7: 517.635 ops/s
Iteration   8: 511.472 ops/s
Iteration   9: 516.350 ops/s
Iteration  10: 521.838 ops/s

# Run progress: 10.83% complete, ETA 00:27:30
# Fork: 2 of 3
# Warmup Iteration   1: 423.067 ops/s
# Warmup Iteration   2: 476.917 ops/s
# Warmup Iteration   3: 504.537 ops/s
# Warmup Iteration   4: 508.389 ops/s
# Warmup Iteration   5: 504.759 ops/s
Iteration   1: 514.246 ops/s
Iteration   2: 503.886 ops/s
Iteration   3: 512.145 ops/s
Iteration   4: 506.396 ops/s
Iteration   5: 517.490 ops/s
Iteration   6: 505.094 ops/s
Iteration   7: 506.114 ops/s
Iteration   8: 518.829 ops/s
Iteration   9: 507.323 ops/s
Iteration  10: 508.605 ops/s

# Run progress: 11.67% complete, ETA 00:27:15
# Fork: 3 of 3
# Warmup Iteration   1: 436.743 ops/s
# Warmup Iteration   2: 481.781 ops/s
# Warmup Iteration   3: 511.097 ops/s
# Warmup Iteration   4: 523.230 ops/s
# Warmup Iteration   5: 511.487 ops/s
Iteration   1: 518.812 ops/s
Iteration   2: 524.754 ops/s
Iteration   3: 519.930 ops/s
Iteration   4: 523.162 ops/s
Iteration   5: 515.133 ops/s
Iteration   6: 524.040 ops/s
Iteration   7: 520.913 ops/s
Iteration   8: 522.801 ops/s
Iteration   9: 523.039 ops/s
Iteration  10: 514.353 ops/s


Result "dev.yll.simdjsonjni.bench.ThroughputBenchmark.checksum":
  515.409 ±(99.9%) 4.177 ops/s [Average]
  (min, avg, max) = (503.886, 515.409, 524.754), stdev = 6.252
  CI (99.9%): [511.232, 519.586] (assumes normal distribution)


# JMH version: 1.37
# VM version: JDK 21.0.12.1, OpenJDK 64-Bit Server VM, 21.0.12.1+1-LTS
# VM invoker: /tmp/toolchain-152522/jdk21/bin/java
# VM options: -Dsimdjson.jni.library=/tmp/simdjson-jni-152522/build/libsimdjson_jni.so -Dsimdjson.data.dir=/tmp/simdjson-jni-152522/data -Xms2g -Xmx2g -XX:+UseG1GC
# Blackhole mode: compiler (auto-detected, use -Djmh.blackhole.autoDetect=false to disable)
# Warmup: 5 iterations, 1 s each
# Measurement: 10 iterations, 1 s each
# Timeout: 10 min per iteration
# Threads: 1 thread, will synchronize iterations
# Benchmark mode: Throughput, ops/time
# Benchmark: dev.yll.simdjsonjni.bench.ThroughputBenchmark.checksum
# Parameters: (dataset = twitterescaped.json, engine = jackson-stream)

# Run progress: 12.50% complete, ETA 00:27:00
# Fork: 1 of 3
# Warmup Iteration   1: 757.218 ops/s
# Warmup Iteration   2: 797.275 ops/s
# Warmup Iteration   3: 787.016 ops/s
# Warmup Iteration   4: 807.302 ops/s
# Warmup Iteration   5: 808.541 ops/s
Iteration   1: 790.114 ops/s
Iteration   2: 807.862 ops/s
Iteration   3: 787.746 ops/s
Iteration   4: 808.406 ops/s
Iteration   5: 808.198 ops/s
Iteration   6: 788.590 ops/s
Iteration   7: 808.505 ops/s
Iteration   8: 790.355 ops/s
Iteration   9: 789.862 ops/s
Iteration  10: 808.937 ops/s

# Run progress: 13.33% complete, ETA 00:26:44
# Fork: 2 of 3
# Warmup Iteration   1: 777.573 ops/s
# Warmup Iteration   2: 810.460 ops/s
# Warmup Iteration   3: 819.200 ops/s
# Warmup Iteration   4: 819.697 ops/s
# Warmup Iteration   5: 801.113 ops/s
Iteration   1: 820.841 ops/s
Iteration   2: 820.810 ops/s
Iteration   3: 820.186 ops/s
Iteration   4: 822.230 ops/s
Iteration   5: 800.202 ops/s
Iteration   6: 811.268 ops/s
Iteration   7: 811.557 ops/s
Iteration   8: 802.295 ops/s
Iteration   9: 812.506 ops/s
Iteration  10: 820.837 ops/s

# Run progress: 14.17% complete, ETA 00:26:29
# Fork: 3 of 3
# Warmup Iteration   1: 744.285 ops/s
# Warmup Iteration   2: 805.992 ops/s
# Warmup Iteration   3: 787.372 ops/s
# Warmup Iteration   4: 786.800 ops/s
# Warmup Iteration   5: 805.668 ops/s
Iteration   1: 787.505 ops/s
Iteration   2: 787.661 ops/s
Iteration   3: 805.988 ops/s
Iteration   4: 798.433 ops/s
Iteration   5: 807.895 ops/s
Iteration   6: 788.610 ops/s
Iteration   7: 788.279 ops/s
Iteration   8: 807.847 ops/s
Iteration   9: 787.349 ops/s
Iteration  10: 785.780 ops/s


Result "dev.yll.simdjsonjni.bench.ThroughputBenchmark.checksum":
  802.555 ±(99.9%) 8.281 ops/s [Average]
  (min, avg, max) = (785.780, 802.555, 822.230), stdev = 12.395
  CI (99.9%): [794.274, 810.836] (assumes normal distribution)


# JMH version: 1.37
# VM version: JDK 21.0.12.1, OpenJDK 64-Bit Server VM, 21.0.12.1+1-LTS
# VM invoker: /tmp/toolchain-152522/jdk21/bin/java
# VM options: -Dsimdjson.jni.library=/tmp/simdjson-jni-152522/build/libsimdjson_jni.so -Dsimdjson.data.dir=/tmp/simdjson-jni-152522/data -Xms2g -Xmx2g -XX:+UseG1GC
# Blackhole mode: compiler (auto-detected, use -Djmh.blackhole.autoDetect=false to disable)
# Warmup: 5 iterations, 1 s each
# Measurement: 10 iterations, 1 s each
# Timeout: 10 min per iteration
# Threads: 1 thread, will synchronize iterations
# Benchmark mode: Throughput, ops/time
# Benchmark: dev.yll.simdjsonjni.bench.ThroughputBenchmark.checksum
# Parameters: (dataset = twitterescaped.json, engine = simdjson-jni-copy)

# Run progress: 15.00% complete, ETA 00:26:13
# Fork: 1 of 3
# Warmup Iteration   1: 1867.318 ops/s
# Warmup Iteration   2: 1981.271 ops/s
# Warmup Iteration   3: 1943.028 ops/s
# Warmup Iteration   4: 1938.618 ops/s
# Warmup Iteration   5: 1989.195 ops/s
Iteration   1: 1938.808 ops/s
Iteration   2: 1942.656 ops/s
Iteration   3: 1990.465 ops/s
Iteration   4: 1944.111 ops/s
Iteration   5: 1988.738 ops/s
Iteration   6: 1989.495 ops/s
Iteration   7: 1967.052 ops/s
Iteration   8: 1988.758 ops/s
Iteration   9: 1944.225 ops/s
Iteration  10: 1969.547 ops/s

# Run progress: 15.83% complete, ETA 00:25:58
# Fork: 2 of 3
# Warmup Iteration   1: 1990.784 ops/s
# Warmup Iteration   2: 1967.819 ops/s
# Warmup Iteration   3: 1990.328 ops/s
# Warmup Iteration   4: 1943.396 ops/s
# Warmup Iteration   5: 1944.905 ops/s
Iteration   1: 1992.574 ops/s
Iteration   2: 1944.389 ops/s
Iteration   3: 1942.781 ops/s
Iteration   4: 1991.354 ops/s
Iteration   5: 1943.952 ops/s
Iteration   6: 1968.589 ops/s
Iteration   7: 1968.063 ops/s
Iteration   8: 1944.126 ops/s
Iteration   9: 1970.340 ops/s
Iteration  10: 1969.126 ops/s

# Run progress: 16.67% complete, ETA 00:25:42
# Fork: 3 of 3
# Warmup Iteration   1: 1964.730 ops/s
# Warmup Iteration   2: 1994.059 ops/s
# Warmup Iteration   3: 1946.592 ops/s
# Warmup Iteration   4: 1993.809 ops/s
# Warmup Iteration   5: 1946.302 ops/s
Iteration   1: 1945.064 ops/s
Iteration   2: 1971.010 ops/s
Iteration   3: 1968.727 ops/s
Iteration   4: 1995.668 ops/s
Iteration   5: 1994.438 ops/s
Iteration   6: 1948.600 ops/s
Iteration   7: 1947.703 ops/s
Iteration   8: 1990.455 ops/s
Iteration   9: 1947.111 ops/s
Iteration  10: 1974.281 ops/s


Result "dev.yll.simdjsonjni.bench.ThroughputBenchmark.checksum":
  1966.074 ±(99.9%) 13.372 ops/s [Average]
  (min, avg, max) = (1938.808, 1966.074, 1995.668), stdev = 20.014
  CI (99.9%): [1952.702, 1979.445] (assumes normal distribution)


# JMH version: 1.37
# VM version: JDK 21.0.12.1, OpenJDK 64-Bit Server VM, 21.0.12.1+1-LTS
# VM invoker: /tmp/toolchain-152522/jdk21/bin/java
# VM options: -Dsimdjson.jni.library=/tmp/simdjson-jni-152522/build/libsimdjson_jni.so -Dsimdjson.data.dir=/tmp/simdjson-jni-152522/data -Xms2g -Xmx2g -XX:+UseG1GC
# Blackhole mode: compiler (auto-detected, use -Djmh.blackhole.autoDetect=false to disable)
# Warmup: 5 iterations, 1 s each
# Measurement: 10 iterations, 1 s each
# Timeout: 10 min per iteration
# Threads: 1 thread, will synchronize iterations
# Benchmark mode: Throughput, ops/time
# Benchmark: dev.yll.simdjsonjni.bench.ThroughputBenchmark.checksum
# Parameters: (dataset = twitterescaped.json, engine = simdjson-jni-direct)

# Run progress: 17.50% complete, ETA 00:25:27
# Fork: 1 of 3
# Warmup Iteration   1: 2067.030 ops/s
# Warmup Iteration   2: 2020.242 ops/s
# Warmup Iteration   3: 2042.382 ops/s
# Warmup Iteration   4: 2034.609 ops/s
# Warmup Iteration   5: 2017.400 ops/s
Iteration   1: 2064.428 ops/s
Iteration   2: 2015.053 ops/s
Iteration   3: 2015.869 ops/s
Iteration   4: 2065.650 ops/s
Iteration   5: 2013.630 ops/s
Iteration   6: 2063.667 ops/s
Iteration   7: 2019.355 ops/s
Iteration   8: 2042.633 ops/s
Iteration   9: 2039.607 ops/s
Iteration  10: 2065.410 ops/s

# Run progress: 18.33% complete, ETA 00:25:11
# Fork: 2 of 3
# Warmup Iteration   1: 2006.039 ops/s
# Warmup Iteration   2: 2058.053 ops/s
# Warmup Iteration   3: 2008.318 ops/s
# Warmup Iteration   4: 2028.954 ops/s
# Warmup Iteration   5: 2028.893 ops/s
Iteration   1: 2004.942 ops/s
Iteration   2: 2054.139 ops/s
Iteration   3: 2008.478 ops/s
Iteration   4: 2007.147 ops/s
Iteration   5: 2027.969 ops/s
Iteration   6: 2032.266 ops/s
Iteration   7: 2029.387 ops/s
Iteration   8: 2056.149 ops/s
Iteration   9: 2008.289 ops/s
Iteration  10: 2029.512 ops/s

# Run progress: 19.17% complete, ETA 00:24:56
# Fork: 3 of 3
# Warmup Iteration   1: 2041.645 ops/s
# Warmup Iteration   2: 2036.501 ops/s
# Warmup Iteration   3: 2014.997 ops/s
# Warmup Iteration   4: 2060.584 ops/s
# Warmup Iteration   5: 2010.868 ops/s
Iteration   1: 2060.840 ops/s
Iteration   2: 2013.733 ops/s
Iteration   3: 2035.546 ops/s
Iteration   4: 2038.031 ops/s
Iteration   5: 2013.519 ops/s
Iteration   6: 2037.761 ops/s
Iteration   7: 2037.566 ops/s
Iteration   8: 2014.839 ops/s
Iteration   9: 2061.729 ops/s
Iteration  10: 2013.109 ops/s


Result "dev.yll.simdjsonjni.bench.ThroughputBenchmark.checksum":
  2033.008 ±(99.9%) 13.710 ops/s [Average]
  (min, avg, max) = (2004.942, 2033.008, 2065.650), stdev = 20.520
  CI (99.9%): [2019.299, 2046.718] (assumes normal distribution)


# JMH version: 1.37
# VM version: JDK 21.0.12.1, OpenJDK 64-Bit Server VM, 21.0.12.1+1-LTS
# VM invoker: /tmp/toolchain-152522/jdk21/bin/java
# VM options: -Dsimdjson.jni.library=/tmp/simdjson-jni-152522/build/libsimdjson_jni.so -Dsimdjson.data.dir=/tmp/simdjson-jni-152522/data -Xms2g -Xmx2g -XX:+UseG1GC
# Blackhole mode: compiler (auto-detected, use -Djmh.blackhole.autoDetect=false to disable)
# Warmup: 5 iterations, 1 s each
# Measurement: 10 iterations, 1 s each
# Timeout: 10 min per iteration
# Threads: 1 thread, will synchronize iterations
# Benchmark mode: Throughput, ops/time
# Benchmark: dev.yll.simdjsonjni.bench.ThroughputBenchmark.checksum
# Parameters: (dataset = github_events.json, engine = jackson-tree)

# Run progress: 20.00% complete, ETA 00:24:40
# Fork: 1 of 3
# Warmup Iteration   1: 4861.299 ops/s
# Warmup Iteration   2: 5410.786 ops/s
# Warmup Iteration   3: 5725.694 ops/s
# Warmup Iteration   4: 5734.408 ops/s
# Warmup Iteration   5: 5805.539 ops/s
Iteration   1: 5714.426 ops/s
Iteration   2: 5810.305 ops/s
Iteration   3: 5782.981 ops/s
Iteration   4: 5819.864 ops/s
Iteration   5: 5752.344 ops/s
Iteration   6: 5754.741 ops/s
Iteration   7: 5752.689 ops/s
Iteration   8: 5727.999 ops/s
Iteration   9: 5806.027 ops/s
Iteration  10: 5679.947 ops/s

# Run progress: 20.83% complete, ETA 00:24:25
# Fork: 2 of 3
# Warmup Iteration   1: 4895.574 ops/s
# Warmup Iteration   2: 5237.791 ops/s
# Warmup Iteration   3: 5677.838 ops/s
# Warmup Iteration   4: 5736.894 ops/s
# Warmup Iteration   5: 5628.344 ops/s
Iteration   1: 5740.557 ops/s
Iteration   2: 5650.079 ops/s
Iteration   3: 5707.251 ops/s
Iteration   4: 5685.244 ops/s
Iteration   5: 5631.103 ops/s
Iteration   6: 5762.369 ops/s
Iteration   7: 5710.172 ops/s
Iteration   8: 5712.554 ops/s
Iteration   9: 5679.857 ops/s
Iteration  10: 5695.091 ops/s

# Run progress: 21.67% complete, ETA 00:24:10
# Fork: 3 of 3
# Warmup Iteration   1: 4839.513 ops/s
# Warmup Iteration   2: 5190.729 ops/s
# Warmup Iteration   3: 5588.362 ops/s
# Warmup Iteration   4: 5684.491 ops/s
# Warmup Iteration   5: 5556.327 ops/s
Iteration   1: 5576.788 ops/s
Iteration   2: 5660.052 ops/s
Iteration   3: 5643.416 ops/s
Iteration   4: 5728.946 ops/s
Iteration   5: 5613.114 ops/s
Iteration   6: 5679.268 ops/s
Iteration   7: 5563.396 ops/s
Iteration   8: 5714.028 ops/s
Iteration   9: 5640.766 ops/s
Iteration  10: 5672.450 ops/s


Result "dev.yll.simdjsonjni.bench.ThroughputBenchmark.checksum":
  5702.261 ±(99.9%) 42.990 ops/s [Average]
  (min, avg, max) = (5563.396, 5702.261, 5819.864), stdev = 64.346
  CI (99.9%): [5659.270, 5745.251] (assumes normal distribution)


# JMH version: 1.37
# VM version: JDK 21.0.12.1, OpenJDK 64-Bit Server VM, 21.0.12.1+1-LTS
# VM invoker: /tmp/toolchain-152522/jdk21/bin/java
# VM options: -Dsimdjson.jni.library=/tmp/simdjson-jni-152522/build/libsimdjson_jni.so -Dsimdjson.data.dir=/tmp/simdjson-jni-152522/data -Xms2g -Xmx2g -XX:+UseG1GC
# Blackhole mode: compiler (auto-detected, use -Djmh.blackhole.autoDetect=false to disable)
# Warmup: 5 iterations, 1 s each
# Measurement: 10 iterations, 1 s each
# Timeout: 10 min per iteration
# Threads: 1 thread, will synchronize iterations
# Benchmark mode: Throughput, ops/time
# Benchmark: dev.yll.simdjsonjni.bench.ThroughputBenchmark.checksum
# Parameters: (dataset = github_events.json, engine = jackson-stream)

# Run progress: 22.50% complete, ETA 00:23:54
# Fork: 1 of 3
# Warmup Iteration   1: 7523.647 ops/s
# Warmup Iteration   2: 7693.182 ops/s
# Warmup Iteration   3: 7856.569 ops/s
# Warmup Iteration   4: 7843.871 ops/s
# Warmup Iteration   5: 7722.873 ops/s
Iteration   1: 7869.975 ops/s
Iteration   2: 7837.966 ops/s
Iteration   3: 7736.968 ops/s
Iteration   4: 7951.153 ops/s
Iteration   5: 7852.798 ops/s
Iteration   6: 7962.198 ops/s
Iteration   7: 7766.529 ops/s
Iteration   8: 7964.858 ops/s
Iteration   9: 7962.630 ops/s
Iteration  10: 7760.174 ops/s

# Run progress: 23.33% complete, ETA 00:23:39
# Fork: 2 of 3
# Warmup Iteration   1: 7572.869 ops/s
# Warmup Iteration   2: 8113.695 ops/s
# Warmup Iteration   3: 8132.736 ops/s
# Warmup Iteration   4: 8145.354 ops/s
# Warmup Iteration   5: 8014.715 ops/s
Iteration   1: 8115.693 ops/s
Iteration   2: 8125.143 ops/s
Iteration   3: 8035.869 ops/s
Iteration   4: 7997.160 ops/s
Iteration   5: 7932.968 ops/s
Iteration   6: 8139.459 ops/s
Iteration   7: 8082.126 ops/s
Iteration   8: 7907.732 ops/s
Iteration   9: 7925.434 ops/s
Iteration  10: 8153.468 ops/s

# Run progress: 24.17% complete, ETA 00:23:23
# Fork: 3 of 3
# Warmup Iteration   1: 8000.864 ops/s
# Warmup Iteration   2: 8158.463 ops/s
# Warmup Iteration   3: 8436.137 ops/s
# Warmup Iteration   4: 8444.297 ops/s
# Warmup Iteration   5: 8321.794 ops/s
Iteration   1: 8332.570 ops/s
Iteration   2: 8327.507 ops/s
Iteration   3: 8333.842 ops/s
Iteration   4: 8193.924 ops/s
Iteration   5: 8439.168 ops/s
Iteration   6: 8251.004 ops/s
Iteration   7: 8298.653 ops/s
Iteration   8: 8169.725 ops/s
Iteration   9: 8176.828 ops/s
Iteration  10: 8438.194 ops/s


Result "dev.yll.simdjsonjni.bench.ThroughputBenchmark.checksum":
  8068.057 ±(99.9%) 134.556 ops/s [Average]
  (min, avg, max) = (7736.968, 8068.057, 8439.168), stdev = 201.397
  CI (99.9%): [7933.501, 8202.613] (assumes normal distribution)


# JMH version: 1.37
# VM version: JDK 21.0.12.1, OpenJDK 64-Bit Server VM, 21.0.12.1+1-LTS
# VM invoker: /tmp/toolchain-152522/jdk21/bin/java
# VM options: -Dsimdjson.jni.library=/tmp/simdjson-jni-152522/build/libsimdjson_jni.so -Dsimdjson.data.dir=/tmp/simdjson-jni-152522/data -Xms2g -Xmx2g -XX:+UseG1GC
# Blackhole mode: compiler (auto-detected, use -Djmh.blackhole.autoDetect=false to disable)
# Warmup: 5 iterations, 1 s each
# Measurement: 10 iterations, 1 s each
# Timeout: 10 min per iteration
# Threads: 1 thread, will synchronize iterations
# Benchmark mode: Throughput, ops/time
# Benchmark: dev.yll.simdjsonjni.bench.ThroughputBenchmark.checksum
# Parameters: (dataset = github_events.json, engine = simdjson-jni-copy)

# Run progress: 25.00% complete, ETA 00:23:08
# Fork: 1 of 3
# Warmup Iteration   1: 44037.740 ops/s
# Warmup Iteration   2: 44905.660 ops/s
# Warmup Iteration   3: 43648.382 ops/s
# Warmup Iteration   4: 43191.102 ops/s
# Warmup Iteration   5: 44178.718 ops/s
Iteration   1: 43182.756 ops/s
Iteration   2: 43660.055 ops/s
Iteration   3: 43639.350 ops/s
Iteration   4: 43686.529 ops/s
Iteration   5: 44108.988 ops/s
Iteration   6: 43121.385 ops/s
Iteration   7: 43116.591 ops/s
Iteration   8: 44179.330 ops/s
Iteration   9: 43152.205 ops/s
Iteration  10: 44210.553 ops/s

# Run progress: 25.83% complete, ETA 00:22:52
# Fork: 2 of 3
# Warmup Iteration   1: 44335.508 ops/s
# Warmup Iteration   2: 43377.770 ops/s
# Warmup Iteration   3: 44098.420 ops/s
# Warmup Iteration   4: 42975.576 ops/s
# Warmup Iteration   5: 44043.625 ops/s
Iteration   1: 43903.972 ops/s
Iteration   2: 42990.606 ops/s
Iteration   3: 43982.808 ops/s
Iteration   4: 42904.867 ops/s
Iteration   5: 43895.782 ops/s
Iteration   6: 43921.949 ops/s
Iteration   7: 43407.320 ops/s
Iteration   8: 43918.270 ops/s
Iteration   9: 43500.189 ops/s
Iteration  10: 43491.947 ops/s

# Run progress: 26.67% complete, ETA 00:22:37
# Fork: 3 of 3
# Warmup Iteration   1: 43589.476 ops/s
# Warmup Iteration   2: 43371.136 ops/s
# Warmup Iteration   3: 42710.993 ops/s
# Warmup Iteration   4: 43368.587 ops/s
# Warmup Iteration   5: 42338.203 ops/s
Iteration   1: 42359.492 ops/s
Iteration   2: 43355.305 ops/s
Iteration   3: 42419.206 ops/s
Iteration   4: 43348.925 ops/s
Iteration   5: 42347.800 ops/s
Iteration   6: 42849.248 ops/s
Iteration   7: 42859.544 ops/s
Iteration   8: 42442.605 ops/s
Iteration   9: 43398.203 ops/s
Iteration  10: 42329.841 ops/s


Result "dev.yll.simdjsonjni.bench.ThroughputBenchmark.checksum":
  43322.854 ±(99.9%) 386.149 ops/s [Average]
  (min, avg, max) = (42329.841, 43322.854, 44210.553), stdev = 577.970
  CI (99.9%): [42936.705, 43709.003] (assumes normal distribution)


# JMH version: 1.37
# VM version: JDK 21.0.12.1, OpenJDK 64-Bit Server VM, 21.0.12.1+1-LTS
# VM invoker: /tmp/toolchain-152522/jdk21/bin/java
# VM options: -Dsimdjson.jni.library=/tmp/simdjson-jni-152522/build/libsimdjson_jni.so -Dsimdjson.data.dir=/tmp/simdjson-jni-152522/data -Xms2g -Xmx2g -XX:+UseG1GC
# Blackhole mode: compiler (auto-detected, use -Djmh.blackhole.autoDetect=false to disable)
# Warmup: 5 iterations, 1 s each
# Measurement: 10 iterations, 1 s each
# Timeout: 10 min per iteration
# Threads: 1 thread, will synchronize iterations
# Benchmark mode: Throughput, ops/time
# Benchmark: dev.yll.simdjsonjni.bench.ThroughputBenchmark.checksum
# Parameters: (dataset = github_events.json, engine = simdjson-jni-direct)

# Run progress: 27.50% complete, ETA 00:22:21
# Fork: 1 of 3
# Warmup Iteration   1: 45722.641 ops/s
# Warmup Iteration   2: 46510.870 ops/s
# Warmup Iteration   3: 45749.147 ops/s
# Warmup Iteration   4: 45205.466 ops/s
# Warmup Iteration   5: 46462.445 ops/s
Iteration   1: 45177.710 ops/s
Iteration   2: 45251.570 ops/s
Iteration   3: 46255.089 ops/s
Iteration   4: 45514.679 ops/s
Iteration   5: 46272.110 ops/s
Iteration   6: 45842.634 ops/s
Iteration   7: 46427.898 ops/s
Iteration   8: 45343.194 ops/s
Iteration   9: 46428.422 ops/s
Iteration  10: 46317.395 ops/s

# Run progress: 28.33% complete, ETA 00:22:06
# Fork: 2 of 3
# Warmup Iteration   1: 45452.163 ops/s
# Warmup Iteration   2: 44988.473 ops/s
# Warmup Iteration   3: 46168.318 ops/s
# Warmup Iteration   4: 45952.250 ops/s
# Warmup Iteration   5: 46970.515 ops/s
Iteration   1: 45771.122 ops/s
Iteration   2: 47006.005 ops/s
Iteration   3: 47103.068 ops/s
Iteration   4: 46512.676 ops/s
Iteration   5: 47069.574 ops/s
Iteration   6: 47095.024 ops/s
Iteration   7: 46572.173 ops/s
Iteration   8: 46522.734 ops/s
Iteration   9: 46621.494 ops/s
Iteration  10: 46618.850 ops/s

# Run progress: 29.17% complete, ETA 00:21:50
# Fork: 3 of 3
# Warmup Iteration   1: 45834.564 ops/s
# Warmup Iteration   2: 45811.292 ops/s
# Warmup Iteration   3: 46224.772 ops/s
# Warmup Iteration   4: 45016.319 ops/s
# Warmup Iteration   5: 46102.412 ops/s
Iteration   1: 45490.844 ops/s
Iteration   2: 46034.084 ops/s
Iteration   3: 46016.579 ops/s
Iteration   4: 44882.556 ops/s
Iteration   5: 45974.929 ops/s
Iteration   6: 45037.712 ops/s
Iteration   7: 45537.563 ops/s
Iteration   8: 45589.288 ops/s
Iteration   9: 45468.070 ops/s
Iteration  10: 46073.749 ops/s


Result "dev.yll.simdjsonjni.bench.ThroughputBenchmark.checksum":
  46060.960 ±(99.9%) 425.942 ops/s [Average]
  (min, avg, max) = (44882.556, 46060.960, 47103.068), stdev = 637.530
  CI (99.9%): [45635.018, 46486.902] (assumes normal distribution)


# JMH version: 1.37
# VM version: JDK 21.0.12.1, OpenJDK 64-Bit Server VM, 21.0.12.1+1-LTS
# VM invoker: /tmp/toolchain-152522/jdk21/bin/java
# VM options: -Dsimdjson.jni.library=/tmp/simdjson-jni-152522/build/libsimdjson_jni.so -Dsimdjson.data.dir=/tmp/simdjson-jni-152522/data -Xms2g -Xmx2g -XX:+UseG1GC
# Blackhole mode: compiler (auto-detected, use -Djmh.blackhole.autoDetect=false to disable)
# Warmup: 5 iterations, 1 s each
# Measurement: 10 iterations, 1 s each
# Timeout: 10 min per iteration
# Threads: 1 thread, will synchronize iterations
# Benchmark mode: Throughput, ops/time
# Benchmark: dev.yll.simdjsonjni.bench.ThroughputBenchmark.checksum
# Parameters: (dataset = citm_catalog.json, engine = jackson-tree)

# Run progress: 30.00% complete, ETA 00:21:35
# Fork: 1 of 3
# Warmup Iteration   1: 260.180 ops/s
# Warmup Iteration   2: 304.188 ops/s
# Warmup Iteration   3: 320.235 ops/s
# Warmup Iteration   4: 318.868 ops/s
# Warmup Iteration   5: 317.058 ops/s
Iteration   1: 324.248 ops/s
Iteration   2: 319.847 ops/s
Iteration   3: 323.896 ops/s
Iteration   4: 319.886 ops/s
Iteration   5: 319.823 ops/s
Iteration   6: 323.692 ops/s
Iteration   7: 319.835 ops/s
Iteration   8: 320.343 ops/s
Iteration   9: 320.878 ops/s
Iteration  10: 320.735 ops/s

# Run progress: 30.83% complete, ETA 00:21:20
# Fork: 2 of 3
# Warmup Iteration   1: 266.260 ops/s
# Warmup Iteration   2: 305.003 ops/s
# Warmup Iteration   3: 315.908 ops/s
# Warmup Iteration   4: 315.651 ops/s
# Warmup Iteration   5: 316.006 ops/s
Iteration   1: 314.928 ops/s
Iteration   2: 318.711 ops/s
Iteration   3: 319.405 ops/s
Iteration   4: 319.730 ops/s
Iteration   5: 320.501 ops/s
Iteration   6: 319.865 ops/s
Iteration   7: 313.059 ops/s
Iteration   8: 320.365 ops/s
Iteration   9: 320.659 ops/s
Iteration  10: 319.710 ops/s

# Run progress: 31.67% complete, ETA 00:21:04
# Fork: 3 of 3
# Warmup Iteration   1: 260.566 ops/s
# Warmup Iteration   2: 299.933 ops/s
# Warmup Iteration   3: 314.663 ops/s
# Warmup Iteration   4: 313.081 ops/s
# Warmup Iteration   5: 307.743 ops/s
Iteration   1: 315.876 ops/s
Iteration   2: 315.110 ops/s
Iteration   3: 315.364 ops/s
Iteration   4: 315.445 ops/s
Iteration   5: 314.005 ops/s
Iteration   6: 314.070 ops/s
Iteration   7: 315.256 ops/s
Iteration   8: 315.449 ops/s
Iteration   9: 315.677 ops/s
Iteration  10: 308.662 ops/s


Result "dev.yll.simdjsonjni.bench.ThroughputBenchmark.checksum":
  318.168 ±(99.9%) 2.384 ops/s [Average]
  (min, avg, max) = (308.662, 318.168, 324.248), stdev = 3.568
  CI (99.9%): [315.783, 320.552] (assumes normal distribution)


# JMH version: 1.37
# VM version: JDK 21.0.12.1, OpenJDK 64-Bit Server VM, 21.0.12.1+1-LTS
# VM invoker: /tmp/toolchain-152522/jdk21/bin/java
# VM options: -Dsimdjson.jni.library=/tmp/simdjson-jni-152522/build/libsimdjson_jni.so -Dsimdjson.data.dir=/tmp/simdjson-jni-152522/data -Xms2g -Xmx2g -XX:+UseG1GC
# Blackhole mode: compiler (auto-detected, use -Djmh.blackhole.autoDetect=false to disable)
# Warmup: 5 iterations, 1 s each
# Measurement: 10 iterations, 1 s each
# Timeout: 10 min per iteration
# Threads: 1 thread, will synchronize iterations
# Benchmark mode: Throughput, ops/time
# Benchmark: dev.yll.simdjsonjni.bench.ThroughputBenchmark.checksum
# Parameters: (dataset = citm_catalog.json, engine = jackson-stream)

# Run progress: 32.50% complete, ETA 00:20:49
# Fork: 1 of 3
# Warmup Iteration   1: 454.124 ops/s
# Warmup Iteration   2: 477.258 ops/s
# Warmup Iteration   3: 477.151 ops/s
# Warmup Iteration   4: 477.445 ops/s
# Warmup Iteration   5: 477.514 ops/s
Iteration   1: 483.356 ops/s
Iteration   2: 471.663 ops/s
Iteration   3: 471.244 ops/s
Iteration   4: 483.159 ops/s
Iteration   5: 472.463 ops/s
Iteration   6: 483.228 ops/s
Iteration   7: 477.299 ops/s
Iteration   8: 476.675 ops/s
Iteration   9: 477.775 ops/s
Iteration  10: 472.006 ops/s

# Run progress: 33.33% complete, ETA 00:20:34
# Fork: 2 of 3
# Warmup Iteration   1: 437.738 ops/s
# Warmup Iteration   2: 473.483 ops/s
# Warmup Iteration   3: 472.936 ops/s
# Warmup Iteration   4: 468.057 ops/s
# Warmup Iteration   5: 479.040 ops/s
Iteration   1: 467.966 ops/s
Iteration   2: 468.026 ops/s
Iteration   3: 479.635 ops/s
Iteration   4: 468.223 ops/s
Iteration   5: 473.169 ops/s
Iteration   6: 474.251 ops/s
Iteration   7: 468.314 ops/s
Iteration   8: 476.546 ops/s
Iteration   9: 471.671 ops/s
Iteration  10: 473.162 ops/s

# Run progress: 34.17% complete, ETA 00:20:18
# Fork: 3 of 3
# Warmup Iteration   1: 439.536 ops/s
# Warmup Iteration   2: 475.401 ops/s
# Warmup Iteration   3: 472.915 ops/s
# Warmup Iteration   4: 474.662 ops/s
# Warmup Iteration   5: 474.852 ops/s
Iteration   1: 480.389 ops/s
Iteration   2: 468.924 ops/s
Iteration   3: 480.396 ops/s
Iteration   4: 474.883 ops/s
Iteration   5: 474.819 ops/s
Iteration   6: 474.251 ops/s
Iteration   7: 480.608 ops/s
Iteration   8: 480.644 ops/s
Iteration   9: 474.478 ops/s
Iteration  10: 469.230 ops/s


Result "dev.yll.simdjsonjni.bench.ThroughputBenchmark.checksum":
  474.948 ±(99.9%) 3.245 ops/s [Average]
  (min, avg, max) = (467.966, 474.948, 483.356), stdev = 4.857
  CI (99.9%): [471.704, 478.193] (assumes normal distribution)


# JMH version: 1.37
# VM version: JDK 21.0.12.1, OpenJDK 64-Bit Server VM, 21.0.12.1+1-LTS
# VM invoker: /tmp/toolchain-152522/jdk21/bin/java
# VM options: -Dsimdjson.jni.library=/tmp/simdjson-jni-152522/build/libsimdjson_jni.so -Dsimdjson.data.dir=/tmp/simdjson-jni-152522/data -Xms2g -Xmx2g -XX:+UseG1GC
# Blackhole mode: compiler (auto-detected, use -Djmh.blackhole.autoDetect=false to disable)
# Warmup: 5 iterations, 1 s each
# Measurement: 10 iterations, 1 s each
# Timeout: 10 min per iteration
# Threads: 1 thread, will synchronize iterations
# Benchmark mode: Throughput, ops/time
# Benchmark: dev.yll.simdjsonjni.bench.ThroughputBenchmark.checksum
# Parameters: (dataset = citm_catalog.json, engine = simdjson-jni-copy)

# Run progress: 35.00% complete, ETA 00:20:03
# Fork: 1 of 3
# Warmup Iteration   1: 1462.131 ops/s
# Warmup Iteration   2: 1465.175 ops/s
# Warmup Iteration   3: 1476.805 ops/s
# Warmup Iteration   4: 1464.371 ops/s
# Warmup Iteration   5: 1475.456 ops/s
Iteration   1: 1478.525 ops/s
Iteration   2: 1459.437 ops/s
Iteration   3: 1479.671 ops/s
Iteration   4: 1480.517 ops/s
Iteration   5: 1480.422 ops/s
Iteration   6: 1480.223 ops/s
Iteration   7: 1478.842 ops/s
Iteration   8: 1476.966 ops/s
Iteration   9: 1462.442 ops/s
Iteration  10: 1462.974 ops/s

# Run progress: 35.83% complete, ETA 00:19:47
# Fork: 2 of 3
# Warmup Iteration   1: 1484.924 ops/s
# Warmup Iteration   2: 1448.341 ops/s
# Warmup Iteration   3: 1480.272 ops/s
# Warmup Iteration   4: 1448.921 ops/s
# Warmup Iteration   5: 1465.247 ops/s
Iteration   1: 1464.559 ops/s
Iteration   2: 1481.781 ops/s
Iteration   3: 1465.681 ops/s
Iteration   4: 1451.780 ops/s
Iteration   5: 1469.870 ops/s
Iteration   6: 1466.473 ops/s
Iteration   7: 1450.101 ops/s
Iteration   8: 1483.784 ops/s
Iteration   9: 1466.467 ops/s
Iteration  10: 1474.167 ops/s

# Run progress: 36.67% complete, ETA 00:19:32
# Fork: 3 of 3
# Warmup Iteration   1: 1453.200 ops/s
# Warmup Iteration   2: 1465.558 ops/s
# Warmup Iteration   3: 1500.526 ops/s
# Warmup Iteration   4: 1480.012 ops/s
# Warmup Iteration   5: 1477.256 ops/s
Iteration   1: 1480.775 ops/s
Iteration   2: 1497.625 ops/s
Iteration   3: 1497.027 ops/s
Iteration   4: 1496.168 ops/s
Iteration   5: 1499.415 ops/s
Iteration   6: 1497.451 ops/s
Iteration   7: 1474.354 ops/s
Iteration   8: 1493.270 ops/s
Iteration   9: 1491.792 ops/s
Iteration  10: 1479.144 ops/s


Result "dev.yll.simdjsonjni.bench.ThroughputBenchmark.checksum":
  1477.390 ±(99.9%) 9.096 ops/s [Average]
  (min, avg, max) = (1450.101, 1477.390, 1499.415), stdev = 13.615
  CI (99.9%): [1468.294, 1486.487] (assumes normal distribution)


# JMH version: 1.37
# VM version: JDK 21.0.12.1, OpenJDK 64-Bit Server VM, 21.0.12.1+1-LTS
# VM invoker: /tmp/toolchain-152522/jdk21/bin/java
# VM options: -Dsimdjson.jni.library=/tmp/simdjson-jni-152522/build/libsimdjson_jni.so -Dsimdjson.data.dir=/tmp/simdjson-jni-152522/data -Xms2g -Xmx2g -XX:+UseG1GC
# Blackhole mode: compiler (auto-detected, use -Djmh.blackhole.autoDetect=false to disable)
# Warmup: 5 iterations, 1 s each
# Measurement: 10 iterations, 1 s each
# Timeout: 10 min per iteration
# Threads: 1 thread, will synchronize iterations
# Benchmark mode: Throughput, ops/time
# Benchmark: dev.yll.simdjsonjni.bench.ThroughputBenchmark.checksum
# Parameters: (dataset = citm_catalog.json, engine = simdjson-jni-direct)

# Run progress: 37.50% complete, ETA 00:19:16
# Fork: 1 of 3
# Warmup Iteration   1: 1789.199 ops/s
# Warmup Iteration   2: 1793.622 ops/s
# Warmup Iteration   3: 1771.923 ops/s
# Warmup Iteration   4: 1786.036 ops/s
# Warmup Iteration   5: 1773.728 ops/s
Iteration   1: 1743.809 ops/s
Iteration   2: 1786.962 ops/s
Iteration   3: 1744.301 ops/s
Iteration   4: 1785.376 ops/s
Iteration   5: 1764.836 ops/s
Iteration   6: 1790.248 ops/s
Iteration   7: 1788.580 ops/s
Iteration   8: 1768.740 ops/s
Iteration   9: 1787.298 ops/s
Iteration  10: 1768.890 ops/s

# Run progress: 38.33% complete, ETA 00:19:01
# Fork: 2 of 3
# Warmup Iteration   1: 1750.189 ops/s
# Warmup Iteration   2: 1787.744 ops/s
# Warmup Iteration   3: 1744.889 ops/s
# Warmup Iteration   4: 1744.980 ops/s
# Warmup Iteration   5: 1789.228 ops/s
Iteration   1: 1769.303 ops/s
Iteration   2: 1767.880 ops/s
Iteration   3: 1789.915 ops/s
Iteration   4: 1769.277 ops/s
Iteration   5: 1764.298 ops/s
Iteration   6: 1768.073 ops/s
Iteration   7: 1789.303 ops/s
Iteration   8: 1749.781 ops/s
Iteration   9: 1767.560 ops/s
Iteration  10: 1765.246 ops/s

# Run progress: 39.17% complete, ETA 00:18:46
# Fork: 3 of 3
# Warmup Iteration   1: 1754.348 ops/s
# Warmup Iteration   2: 1797.876 ops/s
# Warmup Iteration   3: 1753.077 ops/s
# Warmup Iteration   4: 1788.545 ops/s
# Warmup Iteration   5: 1788.004 ops/s
Iteration   1: 1745.948 ops/s
Iteration   2: 1791.173 ops/s
Iteration   3: 1743.734 ops/s
Iteration   4: 1769.036 ops/s
Iteration   5: 1764.782 ops/s
Iteration   6: 1765.940 ops/s
Iteration   7: 1749.510 ops/s
Iteration   8: 1750.144 ops/s
Iteration   9: 1777.655 ops/s
Iteration  10: 1751.590 ops/s


Result "dev.yll.simdjsonjni.bench.ThroughputBenchmark.checksum":
  1767.973 ±(99.9%) 10.419 ops/s [Average]
  (min, avg, max) = (1743.734, 1767.973, 1791.173), stdev = 15.594
  CI (99.9%): [1757.554, 1778.392] (assumes normal distribution)


# JMH version: 1.37
# VM version: JDK 21.0.12.1, OpenJDK 64-Bit Server VM, 21.0.12.1+1-LTS
# VM invoker: /tmp/toolchain-152522/jdk21/bin/java
# VM options: -Dsimdjson.jni.library=/tmp/simdjson-jni-152522/build/libsimdjson_jni.so -Dsimdjson.data.dir=/tmp/simdjson-jni-152522/data -Xms2g -Xmx2g -XX:+UseG1GC
# Blackhole mode: compiler (auto-detected, use -Djmh.blackhole.autoDetect=false to disable)
# Warmup: 5 iterations, 1 s each
# Measurement: 10 iterations, 1 s each
# Timeout: 10 min per iteration
# Threads: 1 thread, will synchronize iterations
# Benchmark mode: Throughput, ops/time
# Benchmark: dev.yll.simdjsonjni.bench.ThroughputBenchmark.checksum
# Parameters: (dataset = canada.json, engine = jackson-tree)

# Run progress: 40.00% complete, ETA 00:18:30
# Fork: 1 of 3
# Warmup Iteration   1: 24.825 ops/s
# Warmup Iteration   2: 29.581 ops/s
# Warmup Iteration   3: 30.326 ops/s
# Warmup Iteration   4: 30.283 ops/s
# Warmup Iteration   5: 30.312 ops/s
Iteration   1: 30.127 ops/s
Iteration   2: 30.563 ops/s
Iteration   3: 29.849 ops/s
Iteration   4: 30.249 ops/s
Iteration   5: 30.296 ops/s
Iteration   6: 30.033 ops/s
Iteration   7: 30.635 ops/s
Iteration   8: 29.831 ops/s
Iteration   9: 30.706 ops/s
Iteration  10: 30.023 ops/s

# Run progress: 40.83% complete, ETA 00:18:15
# Fork: 2 of 3
# Warmup Iteration   1: 25.488 ops/s
# Warmup Iteration   2: 30.624 ops/s
# Warmup Iteration   3: 31.699 ops/s
# Warmup Iteration   4: 31.277 ops/s
# Warmup Iteration   5: 31.693 ops/s
Iteration   1: 31.295 ops/s
Iteration   2: 31.668 ops/s
Iteration   3: 31.313 ops/s
Iteration   4: 31.377 ops/s
Iteration   5: 31.751 ops/s
Iteration   6: 31.394 ops/s
Iteration   7: 30.983 ops/s
Iteration   8: 31.733 ops/s
Iteration   9: 31.399 ops/s
Iteration  10: 31.443 ops/s

# Run progress: 41.67% complete, ETA 00:18:00
# Fork: 3 of 3
# Warmup Iteration   1: 25.888 ops/s
# Warmup Iteration   2: 31.499 ops/s
# Warmup Iteration   3: 31.426 ops/s
# Warmup Iteration   4: 31.757 ops/s
# Warmup Iteration   5: 32.106 ops/s
Iteration   1: 32.109 ops/s
Iteration   2: 31.737 ops/s
Iteration   3: 32.076 ops/s
Iteration   4: 31.463 ops/s
Iteration   5: 31.426 ops/s
Iteration   6: 32.138 ops/s
Iteration   7: 31.401 ops/s
Iteration   8: 31.664 ops/s
Iteration   9: 32.053 ops/s
Iteration  10: 31.425 ops/s


Result "dev.yll.simdjsonjni.bench.ThroughputBenchmark.checksum":
  31.139 ±(99.9%) 0.483 ops/s [Average]
  (min, avg, max) = (29.831, 31.139, 32.138), stdev = 0.722
  CI (99.9%): [30.656, 31.621] (assumes normal distribution)


# JMH version: 1.37
# VM version: JDK 21.0.12.1, OpenJDK 64-Bit Server VM, 21.0.12.1+1-LTS
# VM invoker: /tmp/toolchain-152522/jdk21/bin/java
# VM options: -Dsimdjson.jni.library=/tmp/simdjson-jni-152522/build/libsimdjson_jni.so -Dsimdjson.data.dir=/tmp/simdjson-jni-152522/data -Xms2g -Xmx2g -XX:+UseG1GC
# Blackhole mode: compiler (auto-detected, use -Djmh.blackhole.autoDetect=false to disable)
# Warmup: 5 iterations, 1 s each
# Measurement: 10 iterations, 1 s each
# Timeout: 10 min per iteration
# Threads: 1 thread, will synchronize iterations
# Benchmark mode: Throughput, ops/time
# Benchmark: dev.yll.simdjsonjni.bench.ThroughputBenchmark.checksum
# Parameters: (dataset = canada.json, engine = jackson-stream)

# Run progress: 42.50% complete, ETA 00:17:45
# Fork: 1 of 3
# Warmup Iteration   1: 30.801 ops/s
# Warmup Iteration   2: 36.909 ops/s
# Warmup Iteration   3: 37.695 ops/s
# Warmup Iteration   4: 37.057 ops/s
# Warmup Iteration   5: 38.170 ops/s
Iteration   1: 37.614 ops/s
Iteration   2: 36.930 ops/s
Iteration   3: 38.128 ops/s
Iteration   4: 37.328 ops/s
Iteration   5: 37.347 ops/s
Iteration   6: 37.394 ops/s
Iteration   7: 37.680 ops/s
Iteration   8: 37.757 ops/s
Iteration   9: 37.320 ops/s
Iteration  10: 37.478 ops/s

# Run progress: 43.33% complete, ETA 00:17:30
# Fork: 2 of 3
# Warmup Iteration   1: 32.626 ops/s
# Warmup Iteration   2: 38.406 ops/s
# Warmup Iteration   3: 38.370 ops/s
# Warmup Iteration   4: 39.333 ops/s
# Warmup Iteration   5: 39.260 ops/s
Iteration   1: 38.378 ops/s
Iteration   2: 39.285 ops/s
Iteration   3: 39.231 ops/s
Iteration   4: 38.867 ops/s
Iteration   5: 39.401 ops/s
Iteration   6: 39.223 ops/s
Iteration   7: 39.437 ops/s
Iteration   8: 39.471 ops/s
Iteration   9: 39.448 ops/s
Iteration  10: 38.932 ops/s

# Run progress: 44.17% complete, ETA 00:17:15
# Fork: 3 of 3
# Warmup Iteration   1: 31.881 ops/s
# Warmup Iteration   2: 38.545 ops/s
# Warmup Iteration   3: 39.075 ops/s
# Warmup Iteration   4: 39.101 ops/s
# Warmup Iteration   5: 38.054 ops/s
Iteration   1: 38.322 ops/s
Iteration   2: 39.138 ops/s
Iteration   3: 38.480 ops/s
Iteration   4: 38.690 ops/s
Iteration   5: 38.738 ops/s
Iteration   6: 39.223 ops/s
Iteration   7: 38.666 ops/s
Iteration   8: 38.743 ops/s
Iteration   9: 38.755 ops/s
Iteration  10: 38.765 ops/s


Result "dev.yll.simdjsonjni.bench.ThroughputBenchmark.checksum":
  38.472 ±(99.9%) 0.523 ops/s [Average]
  (min, avg, max) = (36.930, 38.472, 39.471), stdev = 0.783
  CI (99.9%): [37.949, 38.995] (assumes normal distribution)


# JMH version: 1.37
# VM version: JDK 21.0.12.1, OpenJDK 64-Bit Server VM, 21.0.12.1+1-LTS
# VM invoker: /tmp/toolchain-152522/jdk21/bin/java
# VM options: -Dsimdjson.jni.library=/tmp/simdjson-jni-152522/build/libsimdjson_jni.so -Dsimdjson.data.dir=/tmp/simdjson-jni-152522/data -Xms2g -Xmx2g -XX:+UseG1GC
# Blackhole mode: compiler (auto-detected, use -Djmh.blackhole.autoDetect=false to disable)
# Warmup: 5 iterations, 1 s each
# Measurement: 10 iterations, 1 s each
# Timeout: 10 min per iteration
# Threads: 1 thread, will synchronize iterations
# Benchmark mode: Throughput, ops/time
# Benchmark: dev.yll.simdjsonjni.bench.ThroughputBenchmark.checksum
# Parameters: (dataset = canada.json, engine = simdjson-jni-copy)

# Run progress: 45.00% complete, ETA 00:17:00
# Fork: 1 of 3
# Warmup Iteration   1: 335.692 ops/s
# Warmup Iteration   2: 331.915 ops/s
# Warmup Iteration   3: 335.594 ops/s
# Warmup Iteration   4: 336.068 ops/s
# Warmup Iteration   5: 327.992 ops/s
Iteration   1: 335.885 ops/s
Iteration   2: 327.253 ops/s
Iteration   3: 328.555 ops/s
Iteration   4: 336.321 ops/s
Iteration   5: 331.572 ops/s
Iteration   6: 331.832 ops/s
Iteration   7: 332.644 ops/s
Iteration   8: 331.749 ops/s
Iteration   9: 335.965 ops/s
Iteration  10: 336.098 ops/s

# Run progress: 45.83% complete, ETA 00:16:44
# Fork: 2 of 3
# Warmup Iteration   1: 331.698 ops/s
# Warmup Iteration   2: 335.407 ops/s
# Warmup Iteration   3: 335.441 ops/s
# Warmup Iteration   4: 335.651 ops/s
# Warmup Iteration   5: 338.445 ops/s
Iteration   1: 330.029 ops/s
Iteration   2: 337.897 ops/s
Iteration   3: 328.401 ops/s
Iteration   4: 334.261 ops/s
Iteration   5: 338.196 ops/s
Iteration   6: 334.134 ops/s
Iteration   7: 338.644 ops/s
Iteration   8: 330.162 ops/s
Iteration   9: 337.605 ops/s
Iteration  10: 329.493 ops/s

# Run progress: 46.67% complete, ETA 00:16:29
# Fork: 3 of 3
# Warmup Iteration   1: 327.896 ops/s
# Warmup Iteration   2: 336.954 ops/s
# Warmup Iteration   3: 335.740 ops/s
# Warmup Iteration   4: 335.796 ops/s
# Warmup Iteration   5: 336.049 ops/s
Iteration   1: 336.690 ops/s
Iteration   2: 336.490 ops/s
Iteration   3: 334.826 ops/s
Iteration   4: 327.937 ops/s
Iteration   5: 331.246 ops/s
Iteration   6: 335.592 ops/s
Iteration   7: 336.278 ops/s
Iteration   8: 336.067 ops/s
Iteration   9: 332.102 ops/s
Iteration  10: 336.422 ops/s


Result "dev.yll.simdjsonjni.bench.ThroughputBenchmark.checksum":
  333.678 ±(99.9%) 2.275 ops/s [Average]
  (min, avg, max) = (327.253, 333.678, 338.644), stdev = 3.405
  CI (99.9%): [331.403, 335.953] (assumes normal distribution)


# JMH version: 1.37
# VM version: JDK 21.0.12.1, OpenJDK 64-Bit Server VM, 21.0.12.1+1-LTS
# VM invoker: /tmp/toolchain-152522/jdk21/bin/java
# VM options: -Dsimdjson.jni.library=/tmp/simdjson-jni-152522/build/libsimdjson_jni.so -Dsimdjson.data.dir=/tmp/simdjson-jni-152522/data -Xms2g -Xmx2g -XX:+UseG1GC
# Blackhole mode: compiler (auto-detected, use -Djmh.blackhole.autoDetect=false to disable)
# Warmup: 5 iterations, 1 s each
# Measurement: 10 iterations, 1 s each
# Timeout: 10 min per iteration
# Threads: 1 thread, will synchronize iterations
# Benchmark mode: Throughput, ops/time
# Benchmark: dev.yll.simdjsonjni.bench.ThroughputBenchmark.checksum
# Parameters: (dataset = canada.json, engine = simdjson-jni-direct)

# Run progress: 47.50% complete, ETA 00:16:13
# Fork: 1 of 3
# Warmup Iteration   1: 356.389 ops/s
# Warmup Iteration   2: 348.822 ops/s
# Warmup Iteration   3: 351.594 ops/s
# Warmup Iteration   4: 356.364 ops/s
# Warmup Iteration   5: 346.402 ops/s
Iteration   1: 355.660 ops/s
Iteration   2: 351.269 ops/s
Iteration   3: 351.518 ops/s
Iteration   4: 351.245 ops/s
Iteration   5: 347.237 ops/s
Iteration   6: 355.704 ops/s
Iteration   7: 350.971 ops/s
Iteration   8: 347.426 ops/s
Iteration   9: 355.578 ops/s
Iteration  10: 346.895 ops/s

# Run progress: 48.33% complete, ETA 00:15:58
# Fork: 2 of 3
# Warmup Iteration   1: 346.828 ops/s
# Warmup Iteration   2: 354.893 ops/s
# Warmup Iteration   3: 351.418 ops/s
# Warmup Iteration   4: 350.825 ops/s
# Warmup Iteration   5: 350.854 ops/s
Iteration   1: 347.235 ops/s
Iteration   2: 355.197 ops/s
Iteration   3: 346.460 ops/s
Iteration   4: 355.057 ops/s
Iteration   5: 346.693 ops/s
Iteration   6: 347.055 ops/s
Iteration   7: 349.641 ops/s
Iteration   8: 351.961 ops/s
Iteration   9: 346.580 ops/s
Iteration  10: 355.630 ops/s

# Run progress: 49.17% complete, ETA 00:15:42
# Fork: 3 of 3
# Warmup Iteration   1: 352.961 ops/s
# Warmup Iteration   2: 349.232 ops/s
# Warmup Iteration   3: 351.834 ops/s
# Warmup Iteration   4: 351.173 ops/s
# Warmup Iteration   5: 346.257 ops/s
Iteration   1: 352.303 ops/s
Iteration   2: 352.493 ops/s
Iteration   3: 353.048 ops/s
Iteration   4: 353.146 ops/s
Iteration   5: 348.736 ops/s
Iteration   6: 352.951 ops/s
Iteration   7: 352.024 ops/s
Iteration   8: 347.587 ops/s
Iteration   9: 356.707 ops/s
Iteration  10: 347.657 ops/s


Result "dev.yll.simdjsonjni.bench.ThroughputBenchmark.checksum":
  351.055 ±(99.9%) 2.266 ops/s [Average]
  (min, avg, max) = (346.460, 351.055, 356.707), stdev = 3.392
  CI (99.9%): [348.789, 353.322] (assumes normal distribution)


# JMH version: 1.37
# VM version: JDK 21.0.12.1, OpenJDK 64-Bit Server VM, 21.0.12.1+1-LTS
# VM invoker: /tmp/toolchain-152522/jdk21/bin/java
# VM options: -Dsimdjson.jni.library=/tmp/simdjson-jni-152522/build/libsimdjson_jni.so -Dsimdjson.data.dir=/tmp/simdjson-jni-152522/data -Xms2g -Xmx2g -XX:+UseG1GC
# Blackhole mode: compiler (auto-detected, use -Djmh.blackhole.autoDetect=false to disable)
# Warmup: 5 iterations, 1 s each
# Measurement: 10 iterations, 1 s each
# Timeout: 10 min per iteration
# Threads: 1 thread, will synchronize iterations
# Benchmark mode: Throughput, ops/time
# Benchmark: dev.yll.simdjsonjni.bench.ThroughputBenchmark.checksum
# Parameters: (dataset = gsoc-2018.json, engine = jackson-tree)

# Run progress: 50.00% complete, ETA 00:15:27
# Fork: 1 of 3
# Warmup Iteration   1: 160.803 ops/s
# Warmup Iteration   2: 191.424 ops/s
# Warmup Iteration   3: 193.356 ops/s
# Warmup Iteration   4: 195.711 ops/s
# Warmup Iteration   5: 195.033 ops/s
Iteration   1: 193.401 ops/s
Iteration   2: 197.532 ops/s
Iteration   3: 193.393 ops/s
Iteration   4: 197.512 ops/s
Iteration   5: 196.004 ops/s
Iteration   6: 193.392 ops/s
Iteration   7: 196.190 ops/s
Iteration   8: 195.734 ops/s
Iteration   9: 193.126 ops/s
Iteration  10: 198.096 ops/s

# Run progress: 50.83% complete, ETA 00:15:11
# Fork: 2 of 3
# Warmup Iteration   1: 161.499 ops/s
# Warmup Iteration   2: 190.147 ops/s
# Warmup Iteration   3: 193.964 ops/s
# Warmup Iteration   4: 193.759 ops/s
# Warmup Iteration   5: 194.248 ops/s
Iteration   1: 196.367 ops/s
Iteration   2: 194.050 ops/s
Iteration   3: 194.332 ops/s
Iteration   4: 194.610 ops/s
Iteration   5: 196.470 ops/s
Iteration   6: 196.081 ops/s
Iteration   7: 196.728 ops/s
Iteration   8: 194.459 ops/s
Iteration   9: 196.572 ops/s
Iteration  10: 194.777 ops/s

# Run progress: 51.67% complete, ETA 00:14:56
# Fork: 3 of 3
# Warmup Iteration   1: 160.429 ops/s
# Warmup Iteration   2: 189.767 ops/s
# Warmup Iteration   3: 191.521 ops/s
# Warmup Iteration   4: 195.756 ops/s
# Warmup Iteration   5: 190.314 ops/s
Iteration   1: 191.060 ops/s
Iteration   2: 195.859 ops/s
Iteration   3: 191.485 ops/s
Iteration   4: 190.596 ops/s
Iteration   5: 196.264 ops/s
Iteration   6: 192.333 ops/s
Iteration   7: 192.512 ops/s
Iteration   8: 196.750 ops/s
Iteration   9: 191.788 ops/s
Iteration  10: 192.169 ops/s


Result "dev.yll.simdjsonjni.bench.ThroughputBenchmark.checksum":
  194.655 ±(99.9%) 1.413 ops/s [Average]
  (min, avg, max) = (190.596, 194.655, 198.096), stdev = 2.115
  CI (99.9%): [193.242, 196.068] (assumes normal distribution)


# JMH version: 1.37
# VM version: JDK 21.0.12.1, OpenJDK 64-Bit Server VM, 21.0.12.1+1-LTS
# VM invoker: /tmp/toolchain-152522/jdk21/bin/java
# VM options: -Dsimdjson.jni.library=/tmp/simdjson-jni-152522/build/libsimdjson_jni.so -Dsimdjson.data.dir=/tmp/simdjson-jni-152522/data -Xms2g -Xmx2g -XX:+UseG1GC
# Blackhole mode: compiler (auto-detected, use -Djmh.blackhole.autoDetect=false to disable)
# Warmup: 5 iterations, 1 s each
# Measurement: 10 iterations, 1 s each
# Timeout: 10 min per iteration
# Threads: 1 thread, will synchronize iterations
# Benchmark mode: Throughput, ops/time
# Benchmark: dev.yll.simdjsonjni.bench.ThroughputBenchmark.checksum
# Parameters: (dataset = gsoc-2018.json, engine = jackson-stream)

# Run progress: 52.50% complete, ETA 00:14:40
# Fork: 1 of 3
# Warmup Iteration   1: 249.990 ops/s
# Warmup Iteration   2: 268.529 ops/s
# Warmup Iteration   3: 265.132 ops/s
# Warmup Iteration   4: 272.034 ops/s
# Warmup Iteration   5: 265.780 ops/s
Iteration   1: 266.268 ops/s
Iteration   2: 272.201 ops/s
Iteration   3: 265.721 ops/s
Iteration   4: 272.092 ops/s
Iteration   5: 265.603 ops/s
Iteration   6: 269.057 ops/s
Iteration   7: 268.747 ops/s
Iteration   8: 272.212 ops/s
Iteration   9: 272.108 ops/s
Iteration  10: 265.366 ops/s

# Run progress: 53.33% complete, ETA 00:14:25
# Fork: 2 of 3
# Warmup Iteration   1: 244.419 ops/s
# Warmup Iteration   2: 268.643 ops/s
# Warmup Iteration   3: 262.345 ops/s
# Warmup Iteration   4: 268.729 ops/s
# Warmup Iteration   5: 262.718 ops/s
Iteration   1: 262.514 ops/s
Iteration   2: 268.843 ops/s
Iteration   3: 265.173 ops/s
Iteration   4: 262.590 ops/s
Iteration   5: 269.114 ops/s
Iteration   6: 263.114 ops/s
Iteration   7: 266.368 ops/s
Iteration   8: 266.123 ops/s
Iteration   9: 263.378 ops/s
Iteration  10: 263.078 ops/s

# Run progress: 54.17% complete, ETA 00:14:10
# Fork: 3 of 3
# Warmup Iteration   1: 249.838 ops/s
# Warmup Iteration   2: 271.778 ops/s
# Warmup Iteration   3: 265.675 ops/s
# Warmup Iteration   4: 272.160 ops/s
# Warmup Iteration   5: 265.873 ops/s
Iteration   1: 268.618 ops/s
Iteration   2: 268.926 ops/s
Iteration   3: 265.515 ops/s
Iteration   4: 272.252 ops/s
Iteration   5: 265.469 ops/s
Iteration   6: 272.106 ops/s
Iteration   7: 268.976 ops/s
Iteration   8: 269.087 ops/s
Iteration   9: 265.218 ops/s
Iteration  10: 272.026 ops/s


Result "dev.yll.simdjsonjni.bench.ThroughputBenchmark.checksum":
  267.595 ±(99.9%) 2.172 ops/s [Average]
  (min, avg, max) = (262.514, 267.595, 272.252), stdev = 3.251
  CI (99.9%): [265.423, 269.767] (assumes normal distribution)


# JMH version: 1.37
# VM version: JDK 21.0.12.1, OpenJDK 64-Bit Server VM, 21.0.12.1+1-LTS
# VM invoker: /tmp/toolchain-152522/jdk21/bin/java
# VM options: -Dsimdjson.jni.library=/tmp/simdjson-jni-152522/build/libsimdjson_jni.so -Dsimdjson.data.dir=/tmp/simdjson-jni-152522/data -Xms2g -Xmx2g -XX:+UseG1GC
# Blackhole mode: compiler (auto-detected, use -Djmh.blackhole.autoDetect=false to disable)
# Warmup: 5 iterations, 1 s each
# Measurement: 10 iterations, 1 s each
# Timeout: 10 min per iteration
# Threads: 1 thread, will synchronize iterations
# Benchmark mode: Throughput, ops/time
# Benchmark: dev.yll.simdjsonjni.bench.ThroughputBenchmark.checksum
# Parameters: (dataset = gsoc-2018.json, engine = simdjson-jni-copy)

# Run progress: 55.00% complete, ETA 00:13:54
# Fork: 1 of 3
# Warmup Iteration   1: 945.759 ops/s
# Warmup Iteration   2: 927.146 ops/s
# Warmup Iteration   3: 925.353 ops/s
# Warmup Iteration   4: 947.950 ops/s
# Warmup Iteration   5: 926.640 ops/s
Iteration   1: 938.921 ops/s
Iteration   2: 936.566 ops/s
Iteration   3: 926.639 ops/s
Iteration   4: 947.151 ops/s
Iteration   5: 946.407 ops/s
Iteration   6: 947.353 ops/s
Iteration   7: 927.329 ops/s
Iteration   8: 926.637 ops/s
Iteration   9: 936.720 ops/s
Iteration  10: 935.825 ops/s

# Run progress: 55.83% complete, ETA 00:13:39
# Fork: 2 of 3
# Warmup Iteration   1: 922.220 ops/s
# Warmup Iteration   2: 946.739 ops/s
# Warmup Iteration   3: 946.386 ops/s
# Warmup Iteration   4: 946.624 ops/s
# Warmup Iteration   5: 921.693 ops/s
Iteration   1: 948.137 ops/s
Iteration   2: 937.293 ops/s
Iteration   3: 935.473 ops/s
Iteration   4: 947.841 ops/s
Iteration   5: 936.286 ops/s
Iteration   6: 948.617 ops/s
Iteration   7: 938.048 ops/s
Iteration   8: 936.700 ops/s
Iteration   9: 936.873 ops/s
Iteration  10: 947.301 ops/s

# Run progress: 56.67% complete, ETA 00:13:23
# Fork: 3 of 3
# Warmup Iteration   1: 933.262 ops/s
# Warmup Iteration   2: 949.090 ops/s
# Warmup Iteration   3: 946.174 ops/s
# Warmup Iteration   4: 960.093 ops/s
# Warmup Iteration   5: 962.397 ops/s
Iteration   1: 960.216 ops/s
Iteration   2: 935.216 ops/s
Iteration   3: 957.367 ops/s
Iteration   4: 959.957 ops/s
Iteration   5: 947.791 ops/s
Iteration   6: 959.257 ops/s
Iteration   7: 947.718 ops/s
Iteration   8: 948.152 ops/s
Iteration   9: 948.811 ops/s
Iteration  10: 949.847 ops/s


Result "dev.yll.simdjsonjni.bench.ThroughputBenchmark.checksum":
  943.215 ±(99.9%) 6.302 ops/s [Average]
  (min, avg, max) = (926.637, 943.215, 960.216), stdev = 9.432
  CI (99.9%): [936.913, 949.517] (assumes normal distribution)


# JMH version: 1.37
# VM version: JDK 21.0.12.1, OpenJDK 64-Bit Server VM, 21.0.12.1+1-LTS
# VM invoker: /tmp/toolchain-152522/jdk21/bin/java
# VM options: -Dsimdjson.jni.library=/tmp/simdjson-jni-152522/build/libsimdjson_jni.so -Dsimdjson.data.dir=/tmp/simdjson-jni-152522/data -Xms2g -Xmx2g -XX:+UseG1GC
# Blackhole mode: compiler (auto-detected, use -Djmh.blackhole.autoDetect=false to disable)
# Warmup: 5 iterations, 1 s each
# Measurement: 10 iterations, 1 s each
# Timeout: 10 min per iteration
# Threads: 1 thread, will synchronize iterations
# Benchmark mode: Throughput, ops/time
# Benchmark: dev.yll.simdjsonjni.bench.ThroughputBenchmark.checksum
# Parameters: (dataset = gsoc-2018.json, engine = simdjson-jni-direct)

# Run progress: 57.50% complete, ETA 00:13:08
# Fork: 1 of 3
# Warmup Iteration   1: 1218.206 ops/s
# Warmup Iteration   2: 1229.244 ops/s
# Warmup Iteration   3: 1198.703 ops/s
# Warmup Iteration   4: 1227.740 ops/s
# Warmup Iteration   5: 1228.494 ops/s
Iteration   1: 1200.195 ops/s
Iteration   2: 1229.293 ops/s
Iteration   3: 1215.579 ops/s
Iteration   4: 1199.882 ops/s
Iteration   5: 1214.814 ops/s
Iteration   6: 1217.536 ops/s
Iteration   7: 1202.235 ops/s
Iteration   8: 1229.746 ops/s
Iteration   9: 1212.522 ops/s
Iteration  10: 1228.906 ops/s

# Run progress: 58.33% complete, ETA 00:12:52
# Fork: 2 of 3
# Warmup Iteration   1: 1218.284 ops/s
# Warmup Iteration   2: 1202.536 ops/s
# Warmup Iteration   3: 1231.611 ops/s
# Warmup Iteration   4: 1233.252 ops/s
# Warmup Iteration   5: 1232.139 ops/s
Iteration   1: 1231.455 ops/s
Iteration   2: 1215.000 ops/s
Iteration   3: 1215.735 ops/s
Iteration   4: 1201.689 ops/s
Iteration   5: 1231.952 ops/s
Iteration   6: 1218.182 ops/s
Iteration   7: 1232.038 ops/s
Iteration   8: 1233.693 ops/s
Iteration   9: 1220.562 ops/s
Iteration  10: 1232.970 ops/s

# Run progress: 59.17% complete, ETA 00:12:37
# Fork: 3 of 3
# Warmup Iteration   1: 1193.971 ops/s
# Warmup Iteration   2: 1165.595 ops/s
# Warmup Iteration   3: 1191.410 ops/s
# Warmup Iteration   4: 1167.462 ops/s
# Warmup Iteration   5: 1196.410 ops/s
Iteration   1: 1183.377 ops/s
Iteration   2: 1206.837 ops/s
Iteration   3: 1225.485 ops/s
Iteration   4: 1223.990 ops/s
Iteration   5: 1225.553 ops/s
Iteration   6: 1224.770 ops/s
Iteration   7: 1223.333 ops/s
Iteration   8: 1224.530 ops/s
Iteration   9: 1226.397 ops/s
Iteration  10: 1224.287 ops/s


Result "dev.yll.simdjsonjni.bench.ThroughputBenchmark.checksum":
  1219.085 ±(99.9%) 8.153 ops/s [Average]
  (min, avg, max) = (1183.377, 1219.085, 1233.693), stdev = 12.203
  CI (99.9%): [1210.932, 1227.238] (assumes normal distribution)


# JMH version: 1.37
# VM version: JDK 21.0.12.1, OpenJDK 64-Bit Server VM, 21.0.12.1+1-LTS
# VM invoker: /tmp/toolchain-152522/jdk21/bin/java
# VM options: -Dsimdjson.jni.library=/tmp/simdjson-jni-152522/build/libsimdjson_jni.so -Dsimdjson.data.dir=/tmp/simdjson-jni-152522/data -Xms2g -Xmx2g -XX:+UseG1GC
# Blackhole mode: compiler (auto-detected, use -Djmh.blackhole.autoDetect=false to disable)
# Warmup: 5 iterations, 1 s each
# Measurement: 10 iterations, 1 s each
# Timeout: 10 min per iteration
# Threads: 1 thread, will synchronize iterations
# Benchmark mode: Throughput, ops/time
# Benchmark: dev.yll.simdjsonjni.bench.ThroughputBenchmark.checksum
# Parameters: (dataset = marine_ik.json, engine = jackson-tree)

# Run progress: 60.00% complete, ETA 00:12:21
# Fork: 1 of 3
# Warmup Iteration   1: 45.759 ops/s
# Warmup Iteration   2: 53.883 ops/s
# Warmup Iteration   3: 54.702 ops/s
# Warmup Iteration   4: 55.622 ops/s
# Warmup Iteration   5: 55.538 ops/s
Iteration   1: 55.015 ops/s
Iteration   2: 54.875 ops/s
Iteration   3: 55.174 ops/s
Iteration   4: 54.990 ops/s
Iteration   5: 55.510 ops/s
Iteration   6: 54.392 ops/s
Iteration   7: 54.571 ops/s
Iteration   8: 55.694 ops/s
Iteration   9: 55.154 ops/s
Iteration  10: 55.176 ops/s

# Run progress: 60.83% complete, ETA 00:12:06
# Fork: 2 of 3
# Warmup Iteration   1: 44.569 ops/s
# Warmup Iteration   2: 53.636 ops/s
# Warmup Iteration   3: 53.883 ops/s
# Warmup Iteration   4: 54.887 ops/s
# Warmup Iteration   5: 54.146 ops/s
Iteration   1: 53.705 ops/s
Iteration   2: 54.096 ops/s
Iteration   3: 54.773 ops/s
Iteration   4: 53.603 ops/s
Iteration   5: 54.866 ops/s
Iteration   6: 53.547 ops/s
Iteration   7: 54.853 ops/s
Iteration   8: 53.690 ops/s
Iteration   9: 54.362 ops/s
Iteration  10: 54.903 ops/s

# Run progress: 61.67% complete, ETA 00:11:51
# Fork: 3 of 3
# Warmup Iteration   1: 45.287 ops/s
# Warmup Iteration   2: 52.653 ops/s
# Warmup Iteration   3: 54.825 ops/s
# Warmup Iteration   4: 53.751 ops/s
# Warmup Iteration   5: 54.949 ops/s
Iteration   1: 55.043 ops/s
Iteration   2: 54.295 ops/s
Iteration   3: 54.279 ops/s
Iteration   4: 54.435 ops/s
Iteration   5: 54.475 ops/s
Iteration   6: 54.337 ops/s
Iteration   7: 55.084 ops/s
Iteration   8: 54.511 ops/s
Iteration   9: 53.814 ops/s
Iteration  10: 55.221 ops/s


Result "dev.yll.simdjsonjni.bench.ThroughputBenchmark.checksum":
  54.615 ±(99.9%) 0.382 ops/s [Average]
  (min, avg, max) = (53.547, 54.615, 55.694), stdev = 0.572
  CI (99.9%): [54.233, 54.997] (assumes normal distribution)


# JMH version: 1.37
# VM version: JDK 21.0.12.1, OpenJDK 64-Bit Server VM, 21.0.12.1+1-LTS
# VM invoker: /tmp/toolchain-152522/jdk21/bin/java
# VM options: -Dsimdjson.jni.library=/tmp/simdjson-jni-152522/build/libsimdjson_jni.so -Dsimdjson.data.dir=/tmp/simdjson-jni-152522/data -Xms2g -Xmx2g -XX:+UseG1GC
# Blackhole mode: compiler (auto-detected, use -Djmh.blackhole.autoDetect=false to disable)
# Warmup: 5 iterations, 1 s each
# Measurement: 10 iterations, 1 s each
# Timeout: 10 min per iteration
# Threads: 1 thread, will synchronize iterations
# Benchmark mode: Throughput, ops/time
# Benchmark: dev.yll.simdjsonjni.bench.ThroughputBenchmark.checksum
# Parameters: (dataset = marine_ik.json, engine = jackson-stream)

# Run progress: 62.50% complete, ETA 00:11:35
# Fork: 1 of 3
# Warmup Iteration   1: 66.713 ops/s
# Warmup Iteration   2: 70.206 ops/s
# Warmup Iteration   3: 76.216 ops/s
# Warmup Iteration   4: 74.657 ops/s
# Warmup Iteration   5: 76.239 ops/s
Iteration   1: 75.308 ops/s
Iteration   2: 75.195 ops/s
Iteration   3: 76.232 ops/s
Iteration   4: 74.606 ops/s
Iteration   5: 75.307 ops/s
Iteration   6: 76.240 ops/s
Iteration   7: 75.352 ops/s
Iteration   8: 76.230 ops/s
Iteration   9: 75.595 ops/s
Iteration  10: 76.194 ops/s

# Run progress: 63.33% complete, ETA 00:11:20
# Fork: 2 of 3
# Warmup Iteration   1: 66.404 ops/s
# Warmup Iteration   2: 70.192 ops/s
# Warmup Iteration   3: 74.407 ops/s
# Warmup Iteration   4: 76.404 ops/s
# Warmup Iteration   5: 74.354 ops/s
Iteration   1: 76.167 ops/s
Iteration   2: 74.263 ops/s
Iteration   3: 75.337 ops/s
Iteration   4: 76.431 ops/s
Iteration   5: 75.383 ops/s
Iteration   6: 75.287 ops/s
Iteration   7: 75.377 ops/s
Iteration   8: 74.331 ops/s
Iteration   9: 76.473 ops/s
Iteration  10: 74.388 ops/s

# Run progress: 64.17% complete, ETA 00:11:04
# Fork: 3 of 3
# Warmup Iteration   1: 64.703 ops/s
# Warmup Iteration   2: 68.597 ops/s
# Warmup Iteration   3: 74.792 ops/s
# Warmup Iteration   4: 73.289 ops/s
# Warmup Iteration   5: 73.950 ops/s
Iteration   1: 73.883 ops/s
Iteration   2: 73.168 ops/s
Iteration   3: 74.936 ops/s
Iteration   4: 74.101 ops/s
Iteration   5: 69.774 ops/s
Iteration   6: 74.859 ops/s
Iteration   7: 73.327 ops/s
Iteration   8: 74.159 ops/s
Iteration   9: 74.070 ops/s
Iteration  10: 73.977 ops/s


Result "dev.yll.simdjsonjni.bench.ThroughputBenchmark.checksum":
  74.865 ±(99.9%) 0.894 ops/s [Average]
  (min, avg, max) = (69.774, 74.865, 76.473), stdev = 1.338
  CI (99.9%): [73.971, 75.759] (assumes normal distribution)


# JMH version: 1.37
# VM version: JDK 21.0.12.1, OpenJDK 64-Bit Server VM, 21.0.12.1+1-LTS
# VM invoker: /tmp/toolchain-152522/jdk21/bin/java
# VM options: -Dsimdjson.jni.library=/tmp/simdjson-jni-152522/build/libsimdjson_jni.so -Dsimdjson.data.dir=/tmp/simdjson-jni-152522/data -Xms2g -Xmx2g -XX:+UseG1GC
# Blackhole mode: compiler (auto-detected, use -Djmh.blackhole.autoDetect=false to disable)
# Warmup: 5 iterations, 1 s each
# Measurement: 10 iterations, 1 s each
# Timeout: 10 min per iteration
# Threads: 1 thread, will synchronize iterations
# Benchmark mode: Throughput, ops/time
# Benchmark: dev.yll.simdjsonjni.bench.ThroughputBenchmark.checksum
# Parameters: (dataset = marine_ik.json, engine = simdjson-jni-copy)

# Run progress: 65.00% complete, ETA 00:10:49
# Fork: 1 of 3
# Warmup Iteration   1: 238.716 ops/s
# Warmup Iteration   2: 241.770 ops/s
# Warmup Iteration   3: 235.196 ops/s
# Warmup Iteration   4: 241.701 ops/s
# Warmup Iteration   5: 236.825 ops/s
Iteration   1: 239.233 ops/s
Iteration   2: 239.238 ops/s
Iteration   3: 235.541 ops/s
Iteration   4: 241.650 ops/s
Iteration   5: 236.189 ops/s
Iteration   6: 241.607 ops/s
Iteration   7: 239.071 ops/s
Iteration   8: 238.679 ops/s
Iteration   9: 238.895 ops/s
Iteration  10: 236.445 ops/s

# Run progress: 65.83% complete, ETA 00:10:34
# Fork: 2 of 3
# Warmup Iteration   1: 240.941 ops/s
# Warmup Iteration   2: 239.467 ops/s
# Warmup Iteration   3: 238.629 ops/s
# Warmup Iteration   4: 241.187 ops/s
# Warmup Iteration   5: 236.387 ops/s
Iteration   1: 239.272 ops/s
Iteration   2: 239.269 ops/s
Iteration   3: 239.251 ops/s
Iteration   4: 242.070 ops/s
Iteration   5: 239.212 ops/s
Iteration   6: 241.905 ops/s
Iteration   7: 239.250 ops/s
Iteration   8: 235.985 ops/s
Iteration   9: 242.303 ops/s
Iteration  10: 236.963 ops/s

# Run progress: 66.67% complete, ETA 00:10:18
# Fork: 3 of 3
# Warmup Iteration   1: 239.060 ops/s
# Warmup Iteration   2: 239.995 ops/s
# Warmup Iteration   3: 236.934 ops/s
# Warmup Iteration   4: 241.802 ops/s
# Warmup Iteration   5: 242.599 ops/s
Iteration   1: 239.829 ops/s
Iteration   2: 242.841 ops/s
Iteration   3: 239.710 ops/s
Iteration   4: 242.770 ops/s
Iteration   5: 240.093 ops/s
Iteration   6: 239.837 ops/s
Iteration   7: 237.003 ops/s
Iteration   8: 242.250 ops/s
Iteration   9: 237.164 ops/s
Iteration  10: 242.735 ops/s


Result "dev.yll.simdjsonjni.bench.ThroughputBenchmark.checksum":
  239.542 ±(99.9%) 1.457 ops/s [Average]
  (min, avg, max) = (235.541, 239.542, 242.841), stdev = 2.180
  CI (99.9%): [238.085, 240.999] (assumes normal distribution)


# JMH version: 1.37
# VM version: JDK 21.0.12.1, OpenJDK 64-Bit Server VM, 21.0.12.1+1-LTS
# VM invoker: /tmp/toolchain-152522/jdk21/bin/java
# VM options: -Dsimdjson.jni.library=/tmp/simdjson-jni-152522/build/libsimdjson_jni.so -Dsimdjson.data.dir=/tmp/simdjson-jni-152522/data -Xms2g -Xmx2g -XX:+UseG1GC
# Blackhole mode: compiler (auto-detected, use -Djmh.blackhole.autoDetect=false to disable)
# Warmup: 5 iterations, 1 s each
# Measurement: 10 iterations, 1 s each
# Timeout: 10 min per iteration
# Threads: 1 thread, will synchronize iterations
# Benchmark mode: Throughput, ops/time
# Benchmark: dev.yll.simdjsonjni.bench.ThroughputBenchmark.checksum
# Parameters: (dataset = marine_ik.json, engine = simdjson-jni-direct)

# Run progress: 67.50% complete, ETA 00:10:03
# Fork: 1 of 3
# Warmup Iteration   1: 252.422 ops/s
# Warmup Iteration   2: 251.638 ops/s
# Warmup Iteration   3: 253.896 ops/s
# Warmup Iteration   4: 248.871 ops/s
# Warmup Iteration   5: 249.469 ops/s
Iteration   1: 255.246 ops/s
Iteration   2: 248.796 ops/s
Iteration   3: 255.400 ops/s
Iteration   4: 249.539 ops/s
Iteration   5: 254.559 ops/s
Iteration   6: 249.696 ops/s
Iteration   7: 249.413 ops/s
Iteration   8: 253.562 ops/s
Iteration   9: 250.811 ops/s
Iteration  10: 252.084 ops/s

# Run progress: 68.33% complete, ETA 00:09:47
# Fork: 2 of 3
# Warmup Iteration   1: 254.201 ops/s
# Warmup Iteration   2: 248.070 ops/s
# Warmup Iteration   3: 253.360 ops/s
# Warmup Iteration   4: 248.934 ops/s
# Warmup Iteration   5: 248.161 ops/s
Iteration   1: 251.369 ops/s
Iteration   2: 251.799 ops/s
Iteration   3: 251.077 ops/s
Iteration   4: 254.771 ops/s
Iteration   5: 251.857 ops/s
Iteration   6: 251.591 ops/s
Iteration   7: 248.874 ops/s
Iteration   8: 254.837 ops/s
Iteration   9: 251.572 ops/s
Iteration  10: 254.461 ops/s

# Run progress: 69.17% complete, ETA 00:09:32
# Fork: 3 of 3
# Warmup Iteration   1: 255.029 ops/s
# Warmup Iteration   2: 251.865 ops/s
# Warmup Iteration   3: 251.360 ops/s
# Warmup Iteration   4: 255.129 ops/s
# Warmup Iteration   5: 248.550 ops/s
Iteration   1: 254.165 ops/s
Iteration   2: 248.517 ops/s
Iteration   3: 248.271 ops/s
Iteration   4: 254.785 ops/s
Iteration   5: 248.818 ops/s
Iteration   6: 248.604 ops/s
Iteration   7: 254.597 ops/s
Iteration   8: 248.868 ops/s
Iteration   9: 248.722 ops/s
Iteration  10: 251.665 ops/s


Result "dev.yll.simdjsonjni.bench.ThroughputBenchmark.checksum":
  251.611 ±(99.9%) 1.651 ops/s [Average]
  (min, avg, max) = (248.271, 251.611, 255.400), stdev = 2.471
  CI (99.9%): [249.960, 253.262] (assumes normal distribution)


# JMH version: 1.37
# VM version: JDK 21.0.12.1, OpenJDK 64-Bit Server VM, 21.0.12.1+1-LTS
# VM invoker: /tmp/toolchain-152522/jdk21/bin/java
# VM options: -Dsimdjson.jni.library=/tmp/simdjson-jni-152522/build/libsimdjson_jni.so -Dsimdjson.data.dir=/tmp/simdjson-jni-152522/data -Xms2g -Xmx2g -XX:+UseG1GC
# Blackhole mode: compiler (auto-detected, use -Djmh.blackhole.autoDetect=false to disable)
# Warmup: 5 iterations, 1 s each
# Measurement: 10 iterations, 1 s each
# Timeout: 10 min per iteration
# Threads: 1 thread, will synchronize iterations
# Benchmark mode: Throughput, ops/time
# Benchmark: dev.yll.simdjsonjni.bench.ThroughputBenchmark.checksum
# Parameters: (dataset = mesh.json, engine = jackson-tree)

# Run progress: 70.00% complete, ETA 00:09:16
# Fork: 1 of 3
# Warmup Iteration   1: 171.058 ops/s
# Warmup Iteration   2: 197.770 ops/s
# Warmup Iteration   3: 201.436 ops/s
# Warmup Iteration   4: 207.960 ops/s
# Warmup Iteration   5: 203.168 ops/s
Iteration   1: 207.587 ops/s
Iteration   2: 207.381 ops/s
Iteration   3: 207.578 ops/s
Iteration   4: 207.409 ops/s
Iteration   5: 202.886 ops/s
Iteration   6: 203.243 ops/s
Iteration   7: 208.015 ops/s
Iteration   8: 202.899 ops/s
Iteration   9: 202.866 ops/s
Iteration  10: 207.532 ops/s

# Run progress: 70.83% complete, ETA 00:09:01
# Fork: 2 of 3
# Warmup Iteration   1: 167.713 ops/s
# Warmup Iteration   2: 195.671 ops/s
# Warmup Iteration   3: 205.613 ops/s
# Warmup Iteration   4: 204.791 ops/s
# Warmup Iteration   5: 202.507 ops/s
Iteration   1: 207.129 ops/s
Iteration   2: 205.889 ops/s
Iteration   3: 203.639 ops/s
Iteration   4: 206.720 ops/s
Iteration   5: 203.079 ops/s
Iteration   6: 204.228 ops/s
Iteration   7: 206.363 ops/s
Iteration   8: 206.525 ops/s
Iteration   9: 206.481 ops/s
Iteration  10: 204.305 ops/s

# Run progress: 71.67% complete, ETA 00:08:45
# Fork: 3 of 3
# Warmup Iteration   1: 168.194 ops/s
# Warmup Iteration   2: 201.445 ops/s
# Warmup Iteration   3: 201.447 ops/s
# Warmup Iteration   4: 204.679 ops/s
# Warmup Iteration   5: 205.288 ops/s
Iteration   1: 202.253 ops/s
Iteration   2: 202.393 ops/s
Iteration   3: 206.276 ops/s
Iteration   4: 202.116 ops/s
Iteration   5: 206.789 ops/s
Iteration   6: 203.067 ops/s
Iteration   7: 207.550 ops/s
Iteration   8: 202.756 ops/s
Iteration   9: 205.894 ops/s
Iteration  10: 208.141 ops/s


Result "dev.yll.simdjsonjni.bench.ThroughputBenchmark.checksum":
  205.300 ±(99.9%) 1.408 ops/s [Average]
  (min, avg, max) = (202.116, 205.300, 208.141), stdev = 2.108
  CI (99.9%): [203.891, 206.708] (assumes normal distribution)


# JMH version: 1.37
# VM version: JDK 21.0.12.1, OpenJDK 64-Bit Server VM, 21.0.12.1+1-LTS
# VM invoker: /tmp/toolchain-152522/jdk21/bin/java
# VM options: -Dsimdjson.jni.library=/tmp/simdjson-jni-152522/build/libsimdjson_jni.so -Dsimdjson.data.dir=/tmp/simdjson-jni-152522/data -Xms2g -Xmx2g -XX:+UseG1GC
# Blackhole mode: compiler (auto-detected, use -Djmh.blackhole.autoDetect=false to disable)
# Warmup: 5 iterations, 1 s each
# Measurement: 10 iterations, 1 s each
# Timeout: 10 min per iteration
# Threads: 1 thread, will synchronize iterations
# Benchmark mode: Throughput, ops/time
# Benchmark: dev.yll.simdjsonjni.bench.ThroughputBenchmark.checksum
# Parameters: (dataset = mesh.json, engine = jackson-stream)

# Run progress: 72.50% complete, ETA 00:08:30
# Fork: 1 of 3
# Warmup Iteration   1: 222.538 ops/s
# Warmup Iteration   2: 243.081 ops/s
# Warmup Iteration   3: 256.485 ops/s
# Warmup Iteration   4: 253.596 ops/s
# Warmup Iteration   5: 260.389 ops/s
Iteration   1: 254.062 ops/s
Iteration   2: 253.119 ops/s
Iteration   3: 259.469 ops/s
Iteration   4: 252.251 ops/s
Iteration   5: 253.405 ops/s
Iteration   6: 259.853 ops/s
Iteration   7: 254.560 ops/s
Iteration   8: 253.552 ops/s
Iteration   9: 259.750 ops/s
Iteration  10: 256.726 ops/s

# Run progress: 73.33% complete, ETA 00:08:14
# Fork: 2 of 3
# Warmup Iteration   1: 222.717 ops/s
# Warmup Iteration   2: 246.475 ops/s
# Warmup Iteration   3: 255.242 ops/s
# Warmup Iteration   4: 254.875 ops/s
# Warmup Iteration   5: 261.858 ops/s
Iteration   1: 255.585 ops/s
Iteration   2: 257.345 ops/s
Iteration   3: 258.187 ops/s
Iteration   4: 256.066 ops/s
Iteration   5: 259.226 ops/s
Iteration   6: 255.073 ops/s
Iteration   7: 256.236 ops/s
Iteration   8: 260.424 ops/s
Iteration   9: 255.244 ops/s
Iteration  10: 261.033 ops/s

# Run progress: 74.17% complete, ETA 00:07:59
# Fork: 3 of 3
# Warmup Iteration   1: 223.446 ops/s
# Warmup Iteration   2: 240.612 ops/s
# Warmup Iteration   3: 260.395 ops/s
# Warmup Iteration   4: 254.095 ops/s
# Warmup Iteration   5: 254.776 ops/s
Iteration   1: 260.785 ops/s
Iteration   2: 254.083 ops/s
Iteration   3: 257.190 ops/s
Iteration   4: 256.817 ops/s
Iteration   5: 257.424 ops/s
Iteration   6: 257.870 ops/s
Iteration   7: 255.238 ops/s
Iteration   8: 257.505 ops/s
Iteration   9: 261.006 ops/s
Iteration  10: 257.833 ops/s


Result "dev.yll.simdjsonjni.bench.ThroughputBenchmark.checksum":
  256.897 ±(99.9%) 1.698 ops/s [Average]
  (min, avg, max) = (252.251, 256.897, 261.033), stdev = 2.541
  CI (99.9%): [255.200, 258.595] (assumes normal distribution)


# JMH version: 1.37
# VM version: JDK 21.0.12.1, OpenJDK 64-Bit Server VM, 21.0.12.1+1-LTS
# VM invoker: /tmp/toolchain-152522/jdk21/bin/java
# VM options: -Dsimdjson.jni.library=/tmp/simdjson-jni-152522/build/libsimdjson_jni.so -Dsimdjson.data.dir=/tmp/simdjson-jni-152522/data -Xms2g -Xmx2g -XX:+UseG1GC
# Blackhole mode: compiler (auto-detected, use -Djmh.blackhole.autoDetect=false to disable)
# Warmup: 5 iterations, 1 s each
# Measurement: 10 iterations, 1 s each
# Timeout: 10 min per iteration
# Threads: 1 thread, will synchronize iterations
# Benchmark mode: Throughput, ops/time
# Benchmark: dev.yll.simdjsonjni.bench.ThroughputBenchmark.checksum
# Parameters: (dataset = mesh.json, engine = simdjson-jni-copy)

# Run progress: 75.00% complete, ETA 00:07:43
# Fork: 1 of 3
# Warmup Iteration   1: 967.688 ops/s
# Warmup Iteration   2: 989.008 ops/s
# Warmup Iteration   3: 975.874 ops/s
# Warmup Iteration   4: 992.727 ops/s
# Warmup Iteration   5: 977.851 ops/s
Iteration   1: 989.915 ops/s
Iteration   2: 978.934 ops/s
Iteration   3: 968.948 ops/s
Iteration   4: 991.190 ops/s
Iteration   5: 991.208 ops/s
Iteration   6: 991.564 ops/s
Iteration   7: 961.196 ops/s
Iteration   8: 976.746 ops/s
Iteration   9: 996.032 ops/s
Iteration  10: 993.523 ops/s

# Run progress: 75.83% complete, ETA 00:07:28
# Fork: 2 of 3
# Warmup Iteration   1: 979.986 ops/s
# Warmup Iteration   2: 975.364 ops/s
# Warmup Iteration   3: 989.865 ops/s
# Warmup Iteration   4: 971.623 ops/s
# Warmup Iteration   5: 983.468 ops/s
Iteration   1: 968.018 ops/s
Iteration   2: 990.599 ops/s
Iteration   3: 976.259 ops/s
Iteration   4: 978.867 ops/s
Iteration   5: 990.503 ops/s
Iteration   6: 984.704 ops/s
Iteration   7: 993.141 ops/s
Iteration   8: 984.260 ops/s
Iteration   9: 986.148 ops/s
Iteration  10: 987.090 ops/s

# Run progress: 76.67% complete, ETA 00:07:12
# Fork: 3 of 3
# Warmup Iteration   1: 982.960 ops/s
# Warmup Iteration   2: 983.180 ops/s
# Warmup Iteration   3: 985.719 ops/s
# Warmup Iteration   4: 984.498 ops/s
# Warmup Iteration   5: 973.699 ops/s
Iteration   1: 981.547 ops/s
Iteration   2: 977.345 ops/s
Iteration   3: 968.577 ops/s
Iteration   4: 980.866 ops/s
Iteration   5: 980.796 ops/s
Iteration   6: 974.349 ops/s
Iteration   7: 971.119 ops/s
Iteration   8: 975.222 ops/s
Iteration   9: 956.811 ops/s
Iteration  10: 980.029 ops/s


Result "dev.yll.simdjsonjni.bench.ThroughputBenchmark.checksum":
  980.850 ±(99.9%) 6.662 ops/s [Average]
  (min, avg, max) = (956.811, 980.850, 996.032), stdev = 9.972
  CI (99.9%): [974.188, 987.513] (assumes normal distribution)


# JMH version: 1.37
# VM version: JDK 21.0.12.1, OpenJDK 64-Bit Server VM, 21.0.12.1+1-LTS
# VM invoker: /tmp/toolchain-152522/jdk21/bin/java
# VM options: -Dsimdjson.jni.library=/tmp/simdjson-jni-152522/build/libsimdjson_jni.so -Dsimdjson.data.dir=/tmp/simdjson-jni-152522/data -Xms2g -Xmx2g -XX:+UseG1GC
# Blackhole mode: compiler (auto-detected, use -Djmh.blackhole.autoDetect=false to disable)
# Warmup: 5 iterations, 1 s each
# Measurement: 10 iterations, 1 s each
# Timeout: 10 min per iteration
# Threads: 1 thread, will synchronize iterations
# Benchmark mode: Throughput, ops/time
# Benchmark: dev.yll.simdjsonjni.bench.ThroughputBenchmark.checksum
# Parameters: (dataset = mesh.json, engine = simdjson-jni-direct)

# Run progress: 77.50% complete, ETA 00:06:57
# Fork: 1 of 3
# Warmup Iteration   1: 980.588 ops/s
# Warmup Iteration   2: 981.063 ops/s
# Warmup Iteration   3: 1001.070 ops/s
# Warmup Iteration   4: 977.159 ops/s
# Warmup Iteration   5: 989.324 ops/s
Iteration   1: 994.042 ops/s
Iteration   2: 991.294 ops/s
Iteration   3: 1001.550 ops/s
Iteration   4: 981.583 ops/s
Iteration   5: 1000.263 ops/s
Iteration   6: 1001.535 ops/s
Iteration   7: 991.611 ops/s
Iteration   8: 991.329 ops/s
Iteration   9: 986.786 ops/s
Iteration  10: 989.501 ops/s

# Run progress: 78.33% complete, ETA 00:06:42
# Fork: 2 of 3
# Warmup Iteration   1: 990.381 ops/s
# Warmup Iteration   2: 988.999 ops/s
# Warmup Iteration   3: 981.532 ops/s
# Warmup Iteration   4: 993.047 ops/s
# Warmup Iteration   5: 989.895 ops/s
Iteration   1: 978.213 ops/s
Iteration   2: 1001.603 ops/s
Iteration   3: 979.527 ops/s
Iteration   4: 993.431 ops/s
Iteration   5: 987.078 ops/s
Iteration   6: 991.610 ops/s
Iteration   7: 992.164 ops/s
Iteration   8: 982.116 ops/s
Iteration   9: 1006.674 ops/s
Iteration  10: 992.041 ops/s

# Run progress: 79.17% complete, ETA 00:06:26
# Fork: 3 of 3
# Warmup Iteration   1: 974.358 ops/s
# Warmup Iteration   2: 986.191 ops/s
# Warmup Iteration   3: 982.887 ops/s
# Warmup Iteration   4: 987.967 ops/s
# Warmup Iteration   5: 994.545 ops/s
Iteration   1: 987.493 ops/s
Iteration   2: 1000.579 ops/s
Iteration   3: 976.613 ops/s
Iteration   4: 1000.677 ops/s
Iteration   5: 980.028 ops/s
Iteration   6: 991.828 ops/s
Iteration   7: 999.820 ops/s
Iteration   8: 980.175 ops/s
Iteration   9: 987.882 ops/s
Iteration  10: 987.348 ops/s


Result "dev.yll.simdjsonjni.bench.ThroughputBenchmark.checksum":
  990.880 ±(99.9%) 5.445 ops/s [Average]
  (min, avg, max) = (976.613, 990.880, 1006.674), stdev = 8.150
  CI (99.9%): [985.435, 996.325] (assumes normal distribution)


# JMH version: 1.37
# VM version: JDK 21.0.12.1, OpenJDK 64-Bit Server VM, 21.0.12.1+1-LTS
# VM invoker: /tmp/toolchain-152522/jdk21/bin/java
# VM options: -Dsimdjson.jni.library=/tmp/simdjson-jni-152522/build/libsimdjson_jni.so -Dsimdjson.data.dir=/tmp/simdjson-jni-152522/data -Xms2g -Xmx2g -XX:+UseG1GC
# Blackhole mode: compiler (auto-detected, use -Djmh.blackhole.autoDetect=false to disable)
# Warmup: 5 iterations, 1 s each
# Measurement: 10 iterations, 1 s each
# Timeout: 10 min per iteration
# Threads: 1 thread, will synchronize iterations
# Benchmark mode: Throughput, ops/time
# Benchmark: dev.yll.simdjsonjni.bench.ThroughputBenchmark.checksum
# Parameters: (dataset = update-center.json, engine = jackson-tree)

# Run progress: 80.00% complete, ETA 00:06:11
# Fork: 1 of 3
# Warmup Iteration   1: 363.168 ops/s
# Warmup Iteration   2: 398.180 ops/s
# Warmup Iteration   3: 418.258 ops/s
# Warmup Iteration   4: 429.353 ops/s
# Warmup Iteration   5: 418.144 ops/s
Iteration   1: 421.674 ops/s
Iteration   2: 427.301 ops/s
Iteration   3: 418.259 ops/s
Iteration   4: 427.085 ops/s
Iteration   5: 417.314 ops/s
Iteration   6: 421.226 ops/s
Iteration   7: 427.268 ops/s
Iteration   8: 416.612 ops/s
Iteration   9: 420.817 ops/s
Iteration  10: 426.225 ops/s

# Run progress: 80.83% complete, ETA 00:05:55
# Fork: 2 of 3
# Warmup Iteration   1: 358.026 ops/s
# Warmup Iteration   2: 395.536 ops/s
# Warmup Iteration   3: 420.783 ops/s
# Warmup Iteration   4: 427.808 ops/s
# Warmup Iteration   5: 431.902 ops/s
Iteration   1: 421.007 ops/s
Iteration   2: 428.821 ops/s
Iteration   3: 420.181 ops/s
Iteration   4: 423.025 ops/s
Iteration   5: 424.171 ops/s
Iteration   6: 418.512 ops/s
Iteration   7: 429.986 ops/s
Iteration   8: 418.951 ops/s
Iteration   9: 423.785 ops/s
Iteration  10: 424.996 ops/s

# Run progress: 81.67% complete, ETA 00:05:40
# Fork: 3 of 3
# Warmup Iteration   1: 357.782 ops/s
# Warmup Iteration   2: 396.404 ops/s
# Warmup Iteration   3: 420.300 ops/s
# Warmup Iteration   4: 416.042 ops/s
# Warmup Iteration   5: 424.842 ops/s
Iteration   1: 416.081 ops/s
Iteration   2: 412.895 ops/s
Iteration   3: 424.021 ops/s
Iteration   4: 414.512 ops/s
Iteration   5: 420.041 ops/s
Iteration   6: 425.138 ops/s
Iteration   7: 426.491 ops/s
Iteration   8: 423.869 ops/s
Iteration   9: 416.731 ops/s
Iteration  10: 421.374 ops/s


Result "dev.yll.simdjsonjni.bench.ThroughputBenchmark.checksum":
  421.946 ±(99.9%) 2.947 ops/s [Average]
  (min, avg, max) = (412.895, 421.946, 429.986), stdev = 4.411
  CI (99.9%): [418.999, 424.892] (assumes normal distribution)


# JMH version: 1.37
# VM version: JDK 21.0.12.1, OpenJDK 64-Bit Server VM, 21.0.12.1+1-LTS
# VM invoker: /tmp/toolchain-152522/jdk21/bin/java
# VM options: -Dsimdjson.jni.library=/tmp/simdjson-jni-152522/build/libsimdjson_jni.so -Dsimdjson.data.dir=/tmp/simdjson-jni-152522/data -Xms2g -Xmx2g -XX:+UseG1GC
# Blackhole mode: compiler (auto-detected, use -Djmh.blackhole.autoDetect=false to disable)
# Warmup: 5 iterations, 1 s each
# Measurement: 10 iterations, 1 s each
# Timeout: 10 min per iteration
# Threads: 1 thread, will synchronize iterations
# Benchmark mode: Throughput, ops/time
# Benchmark: dev.yll.simdjsonjni.bench.ThroughputBenchmark.checksum
# Parameters: (dataset = update-center.json, engine = jackson-stream)

# Run progress: 82.50% complete, ETA 00:05:24
# Fork: 1 of 3
# Warmup Iteration   1: 669.298 ops/s
# Warmup Iteration   2: 705.272 ops/s
# Warmup Iteration   3: 704.711 ops/s
# Warmup Iteration   4: 696.514 ops/s
# Warmup Iteration   5: 690.562 ops/s
Iteration   1: 707.593 ops/s
Iteration   2: 699.280 ops/s
Iteration   3: 698.297 ops/s
Iteration   4: 695.993 ops/s
Iteration   5: 665.942 ops/s
Iteration   6: 704.892 ops/s
Iteration   7: 705.400 ops/s
Iteration   8: 688.202 ops/s
Iteration   9: 695.737 ops/s
Iteration  10: 694.395 ops/s

# Run progress: 83.33% complete, ETA 00:05:09
# Fork: 2 of 3
# Warmup Iteration   1: 655.172 ops/s
# Warmup Iteration   2: 694.447 ops/s
# Warmup Iteration   3: 702.401 ops/s
# Warmup Iteration   4: 685.841 ops/s
# Warmup Iteration   5: 703.632 ops/s
Iteration   1: 686.309 ops/s
Iteration   2: 693.788 ops/s
Iteration   3: 694.785 ops/s
Iteration   4: 692.873 ops/s
Iteration   5: 692.813 ops/s
Iteration   6: 692.328 ops/s
Iteration   7: 692.350 ops/s
Iteration   8: 691.938 ops/s
Iteration   9: 683.886 ops/s
Iteration  10: 699.953 ops/s

# Run progress: 84.17% complete, ETA 00:04:53
# Fork: 3 of 3
# Warmup Iteration   1: 676.284 ops/s
# Warmup Iteration   2: 686.347 ops/s
# Warmup Iteration   3: 692.690 ops/s
# Warmup Iteration   4: 702.097 ops/s
# Warmup Iteration   5: 694.042 ops/s
Iteration   1: 702.003 ops/s
Iteration   2: 686.522 ops/s
Iteration   3: 693.231 ops/s
Iteration   4: 703.846 ops/s
Iteration   5: 686.890 ops/s
Iteration   6: 695.743 ops/s
Iteration   7: 703.358 ops/s
Iteration   8: 694.817 ops/s
Iteration   9: 703.668 ops/s
Iteration  10: 695.118 ops/s


Result "dev.yll.simdjsonjni.bench.ThroughputBenchmark.checksum":
  694.732 ±(99.9%) 5.487 ops/s [Average]
  (min, avg, max) = (665.942, 694.732, 707.593), stdev = 8.212
  CI (99.9%): [689.245, 700.218] (assumes normal distribution)


# JMH version: 1.37
# VM version: JDK 21.0.12.1, OpenJDK 64-Bit Server VM, 21.0.12.1+1-LTS
# VM invoker: /tmp/toolchain-152522/jdk21/bin/java
# VM options: -Dsimdjson.jni.library=/tmp/simdjson-jni-152522/build/libsimdjson_jni.so -Dsimdjson.data.dir=/tmp/simdjson-jni-152522/data -Xms2g -Xmx2g -XX:+UseG1GC
# Blackhole mode: compiler (auto-detected, use -Djmh.blackhole.autoDetect=false to disable)
# Warmup: 5 iterations, 1 s each
# Measurement: 10 iterations, 1 s each
# Timeout: 10 min per iteration
# Threads: 1 thread, will synchronize iterations
# Benchmark mode: Throughput, ops/time
# Benchmark: dev.yll.simdjsonjni.bench.ThroughputBenchmark.checksum
# Parameters: (dataset = update-center.json, engine = simdjson-jni-copy)

# Run progress: 85.00% complete, ETA 00:04:38
# Fork: 1 of 3
# Warmup Iteration   1: 3650.028 ops/s
# Warmup Iteration   2: 3647.991 ops/s
# Warmup Iteration   3: 3688.526 ops/s
# Warmup Iteration   4: 3606.926 ops/s
# Warmup Iteration   5: 3690.646 ops/s
Iteration   1: 3644.407 ops/s
Iteration   2: 3645.929 ops/s
Iteration   3: 3647.020 ops/s
Iteration   4: 3606.740 ops/s
Iteration   5: 3692.286 ops/s
Iteration   6: 3601.603 ops/s
Iteration   7: 3652.723 ops/s
Iteration   8: 3647.086 ops/s
Iteration   9: 3607.621 ops/s
Iteration  10: 3690.537 ops/s

# Run progress: 85.83% complete, ETA 00:04:22
# Fork: 2 of 3
# Warmup Iteration   1: 3600.326 ops/s
# Warmup Iteration   2: 3666.364 ops/s
# Warmup Iteration   3: 3661.826 ops/s
# Warmup Iteration   4: 3616.339 ops/s
# Warmup Iteration   5: 3621.024 ops/s
Iteration   1: 3601.981 ops/s
Iteration   2: 3621.164 ops/s
Iteration   3: 3661.127 ops/s
Iteration   4: 3574.901 ops/s
Iteration   5: 3664.039 ops/s
Iteration   6: 3619.033 ops/s
Iteration   7: 3628.590 ops/s
Iteration   8: 3662.681 ops/s
Iteration   9: 3562.124 ops/s
Iteration  10: 3662.766 ops/s

# Run progress: 86.67% complete, ETA 00:04:07
# Fork: 3 of 3
# Warmup Iteration   1: 3663.196 ops/s
# Warmup Iteration   2: 3604.568 ops/s
# Warmup Iteration   3: 3692.192 ops/s
# Warmup Iteration   4: 3609.824 ops/s
# Warmup Iteration   5: 3701.814 ops/s
Iteration   1: 3699.929 ops/s
Iteration   2: 3611.763 ops/s
Iteration   3: 3695.245 ops/s
Iteration   4: 3605.815 ops/s
Iteration   5: 3697.107 ops/s
Iteration   6: 3656.834 ops/s
Iteration   7: 3701.794 ops/s
Iteration   8: 3610.195 ops/s
Iteration   9: 3700.886 ops/s
Iteration  10: 3613.896 ops/s


Result "dev.yll.simdjsonjni.bench.ThroughputBenchmark.checksum":
  3642.927 ±(99.9%) 26.305 ops/s [Average]
  (min, avg, max) = (3562.124, 3642.927, 3701.794), stdev = 39.372
  CI (99.9%): [3616.622, 3669.232] (assumes normal distribution)


# JMH version: 1.37
# VM version: JDK 21.0.12.1, OpenJDK 64-Bit Server VM, 21.0.12.1+1-LTS
# VM invoker: /tmp/toolchain-152522/jdk21/bin/java
# VM options: -Dsimdjson.jni.library=/tmp/simdjson-jni-152522/build/libsimdjson_jni.so -Dsimdjson.data.dir=/tmp/simdjson-jni-152522/data -Xms2g -Xmx2g -XX:+UseG1GC
# Blackhole mode: compiler (auto-detected, use -Djmh.blackhole.autoDetect=false to disable)
# Warmup: 5 iterations, 1 s each
# Measurement: 10 iterations, 1 s each
# Timeout: 10 min per iteration
# Threads: 1 thread, will synchronize iterations
# Benchmark mode: Throughput, ops/time
# Benchmark: dev.yll.simdjsonjni.bench.ThroughputBenchmark.checksum
# Parameters: (dataset = update-center.json, engine = simdjson-jni-direct)

# Run progress: 87.50% complete, ETA 00:03:51
# Fork: 1 of 3
# Warmup Iteration   1: 3230.984 ops/s
# Warmup Iteration   2: 3954.181 ops/s
# Warmup Iteration   3: 3850.359 ops/s
# Warmup Iteration   4: 3951.877 ops/s
# Warmup Iteration   5: 3845.388 ops/s
Iteration   1: 3858.493 ops/s
Iteration   2: 3943.467 ops/s
Iteration   3: 3833.017 ops/s
Iteration   4: 3946.199 ops/s
Iteration   5: 3921.973 ops/s
Iteration   6: 3927.291 ops/s
Iteration   7: 3901.212 ops/s
Iteration   8: 3844.876 ops/s
Iteration   9: 3945.212 ops/s
Iteration  10: 3855.929 ops/s

# Run progress: 88.33% complete, ETA 00:03:36
# Fork: 2 of 3
# Warmup Iteration   1: 3837.299 ops/s
# Warmup Iteration   2: 3886.796 ops/s
# Warmup Iteration   3: 3920.274 ops/s
# Warmup Iteration   4: 3923.398 ops/s
# Warmup Iteration   5: 3821.528 ops/s
Iteration   1: 3875.441 ops/s
Iteration   2: 3921.924 ops/s
Iteration   3: 3901.946 ops/s
Iteration   4: 3874.655 ops/s
Iteration   5: 3879.403 ops/s
Iteration   6: 3869.573 ops/s
Iteration   7: 3900.617 ops/s
Iteration   8: 3847.001 ops/s
Iteration   9: 3928.853 ops/s
Iteration  10: 3930.110 ops/s

# Run progress: 89.17% complete, ETA 00:03:20
# Fork: 3 of 3
# Warmup Iteration   1: 3822.270 ops/s
# Warmup Iteration   2: 3826.324 ops/s
# Warmup Iteration   3: 3907.939 ops/s
# Warmup Iteration   4: 3815.045 ops/s
# Warmup Iteration   5: 3909.674 ops/s
Iteration   1: 3819.373 ops/s
Iteration   2: 3813.251 ops/s
Iteration   3: 3909.839 ops/s
Iteration   4: 3841.803 ops/s
Iteration   5: 3863.923 ops/s
Iteration   6: 3895.420 ops/s
Iteration   7: 3814.278 ops/s
Iteration   8: 3899.023 ops/s
Iteration   9: 3809.531 ops/s
Iteration  10: 3824.158 ops/s


Result "dev.yll.simdjsonjni.bench.ThroughputBenchmark.checksum":
  3879.926 ±(99.9%) 28.869 ops/s [Average]
  (min, avg, max) = (3809.531, 3879.926, 3946.199), stdev = 43.210
  CI (99.9%): [3851.057, 3908.795] (assumes normal distribution)


# JMH version: 1.37
# VM version: JDK 21.0.12.1, OpenJDK 64-Bit Server VM, 21.0.12.1+1-LTS
# VM invoker: /tmp/toolchain-152522/jdk21/bin/java
# VM options: -Dsimdjson.jni.library=/tmp/simdjson-jni-152522/build/libsimdjson_jni.so -Dsimdjson.data.dir=/tmp/simdjson-jni-152522/data -Xms2g -Xmx2g -XX:+UseG1GC
# Blackhole mode: compiler (auto-detected, use -Djmh.blackhole.autoDetect=false to disable)
# Warmup: 5 iterations, 1 s each
# Measurement: 10 iterations, 1 s each
# Timeout: 10 min per iteration
# Threads: 1 thread, will synchronize iterations
# Benchmark mode: Throughput, ops/time
# Benchmark: dev.yll.simdjsonjni.bench.ThroughputBenchmark.checksum
# Parameters: (dataset = vpic_makes.json, engine = jackson-tree)

# Run progress: 90.00% complete, ETA 00:03:05
# Fork: 1 of 3
# Warmup Iteration   1: 272.655 ops/s
# Warmup Iteration   2: 326.225 ops/s
# Warmup Iteration   3: 328.299 ops/s
# Warmup Iteration   4: 333.406 ops/s
# Warmup Iteration   5: 327.605 ops/s
Iteration   1: 333.866 ops/s
Iteration   2: 324.025 ops/s
Iteration   3: 329.789 ops/s
Iteration   4: 330.434 ops/s
Iteration   5: 331.336 ops/s
Iteration   6: 331.312 ops/s
Iteration   7: 330.482 ops/s
Iteration   8: 335.574 ops/s
Iteration   9: 328.123 ops/s
Iteration  10: 331.025 ops/s

# Run progress: 90.83% complete, ETA 00:02:50
# Fork: 2 of 3
# Warmup Iteration   1: 276.390 ops/s
# Warmup Iteration   2: 326.603 ops/s
# Warmup Iteration   3: 328.289 ops/s
# Warmup Iteration   4: 338.330 ops/s
# Warmup Iteration   5: 331.396 ops/s
Iteration   1: 337.856 ops/s
Iteration   2: 332.534 ops/s
Iteration   3: 338.184 ops/s
Iteration   4: 332.273 ops/s
Iteration   5: 336.712 ops/s
Iteration   6: 337.637 ops/s
Iteration   7: 335.320 ops/s
Iteration   8: 338.973 ops/s
Iteration   9: 340.405 ops/s
Iteration  10: 340.535 ops/s

# Run progress: 91.67% complete, ETA 00:02:34
# Fork: 3 of 3
# Warmup Iteration   1: 262.848 ops/s
# Warmup Iteration   2: 307.599 ops/s
# Warmup Iteration   3: 321.707 ops/s
# Warmup Iteration   4: 318.521 ops/s
# Warmup Iteration   5: 313.906 ops/s
Iteration   1: 324.102 ops/s
Iteration   2: 318.604 ops/s
Iteration   3: 323.571 ops/s
Iteration   4: 314.160 ops/s
Iteration   5: 316.739 ops/s
Iteration   6: 318.467 ops/s
Iteration   7: 316.747 ops/s
Iteration   8: 323.754 ops/s
Iteration   9: 319.187 ops/s
Iteration  10: 320.480 ops/s


Result "dev.yll.simdjsonjni.bench.ThroughputBenchmark.checksum":
  329.074 ±(99.9%) 5.299 ops/s [Average]
  (min, avg, max) = (314.160, 329.074, 340.535), stdev = 7.931
  CI (99.9%): [323.775, 334.372] (assumes normal distribution)


# JMH version: 1.37
# VM version: JDK 21.0.12.1, OpenJDK 64-Bit Server VM, 21.0.12.1+1-LTS
# VM invoker: /tmp/toolchain-152522/jdk21/bin/java
# VM options: -Dsimdjson.jni.library=/tmp/simdjson-jni-152522/build/libsimdjson_jni.so -Dsimdjson.data.dir=/tmp/simdjson-jni-152522/data -Xms2g -Xmx2g -XX:+UseG1GC
# Blackhole mode: compiler (auto-detected, use -Djmh.blackhole.autoDetect=false to disable)
# Warmup: 5 iterations, 1 s each
# Measurement: 10 iterations, 1 s each
# Timeout: 10 min per iteration
# Threads: 1 thread, will synchronize iterations
# Benchmark mode: Throughput, ops/time
# Benchmark: dev.yll.simdjsonjni.bench.ThroughputBenchmark.checksum
# Parameters: (dataset = vpic_makes.json, engine = jackson-stream)

# Run progress: 92.50% complete, ETA 00:02:19
# Fork: 1 of 3
# Warmup Iteration   1: 534.969 ops/s
# Warmup Iteration   2: 542.333 ops/s
# Warmup Iteration   3: 556.147 ops/s
# Warmup Iteration   4: 542.475 ops/s
# Warmup Iteration   5: 542.528 ops/s
Iteration   1: 557.307 ops/s
Iteration   2: 544.055 ops/s
Iteration   3: 557.016 ops/s
Iteration   4: 544.208 ops/s
Iteration   5: 557.067 ops/s
Iteration   6: 543.390 ops/s
Iteration   7: 541.826 ops/s
Iteration   8: 556.753 ops/s
Iteration   9: 550.279 ops/s
Iteration  10: 550.792 ops/s

# Run progress: 93.33% complete, ETA 00:02:03
# Fork: 2 of 3
# Warmup Iteration   1: 534.665 ops/s
# Warmup Iteration   2: 542.765 ops/s
# Warmup Iteration   3: 555.701 ops/s
# Warmup Iteration   4: 542.112 ops/s
# Warmup Iteration   5: 541.779 ops/s
Iteration   1: 556.357 ops/s
Iteration   2: 542.388 ops/s
Iteration   3: 542.130 ops/s
Iteration   4: 556.486 ops/s
Iteration   5: 543.915 ops/s
Iteration   6: 542.660 ops/s
Iteration   7: 556.270 ops/s
Iteration   8: 542.129 ops/s
Iteration   9: 542.880 ops/s
Iteration  10: 555.984 ops/s

# Run progress: 94.17% complete, ETA 00:01:48
# Fork: 3 of 3
# Warmup Iteration   1: 534.621 ops/s
# Warmup Iteration   2: 542.300 ops/s
# Warmup Iteration   3: 554.862 ops/s
# Warmup Iteration   4: 548.512 ops/s
# Warmup Iteration   5: 548.282 ops/s
Iteration   1: 555.338 ops/s
Iteration   2: 555.014 ops/s
Iteration   3: 542.658 ops/s
Iteration   4: 555.563 ops/s
Iteration   5: 541.601 ops/s
Iteration   6: 548.219 ops/s
Iteration   7: 552.985 ops/s
Iteration   8: 548.261 ops/s
Iteration   9: 540.609 ops/s
Iteration  10: 554.365 ops/s


Result "dev.yll.simdjsonjni.bench.ThroughputBenchmark.checksum":
  549.283 ±(99.9%) 4.253 ops/s [Average]
  (min, avg, max) = (540.609, 549.283, 557.307), stdev = 6.366
  CI (99.9%): [545.030, 553.537] (assumes normal distribution)


# JMH version: 1.37
# VM version: JDK 21.0.12.1, OpenJDK 64-Bit Server VM, 21.0.12.1+1-LTS
# VM invoker: /tmp/toolchain-152522/jdk21/bin/java
# VM options: -Dsimdjson.jni.library=/tmp/simdjson-jni-152522/build/libsimdjson_jni.so -Dsimdjson.data.dir=/tmp/simdjson-jni-152522/data -Xms2g -Xmx2g -XX:+UseG1GC
# Blackhole mode: compiler (auto-detected, use -Djmh.blackhole.autoDetect=false to disable)
# Warmup: 5 iterations, 1 s each
# Measurement: 10 iterations, 1 s each
# Timeout: 10 min per iteration
# Threads: 1 thread, will synchronize iterations
# Benchmark mode: Throughput, ops/time
# Benchmark: dev.yll.simdjsonjni.bench.ThroughputBenchmark.checksum
# Parameters: (dataset = vpic_makes.json, engine = simdjson-jni-copy)

# Run progress: 95.00% complete, ETA 00:01:32
# Fork: 1 of 3
# Warmup Iteration   1: 2119.342 ops/s
# Warmup Iteration   2: 2096.698 ops/s
# Warmup Iteration   3: 2145.320 ops/s
# Warmup Iteration   4: 2093.983 ops/s
# Warmup Iteration   5: 2114.960 ops/s
Iteration   1: 2143.576 ops/s
Iteration   2: 2092.486 ops/s
Iteration   3: 2093.598 ops/s
Iteration   4: 2143.832 ops/s
Iteration   5: 2118.452 ops/s
Iteration   6: 2144.642 ops/s
Iteration   7: 2119.145 ops/s
Iteration   8: 2094.843 ops/s
Iteration   9: 2120.650 ops/s
Iteration  10: 2117.256 ops/s

# Run progress: 95.83% complete, ETA 00:01:17
# Fork: 2 of 3
# Warmup Iteration   1: 2141.829 ops/s
# Warmup Iteration   2: 2150.851 ops/s
# Warmup Iteration   3: 2084.333 ops/s
# Warmup Iteration   4: 2134.832 ops/s
# Warmup Iteration   5: 2108.306 ops/s
Iteration   1: 2111.991 ops/s
Iteration   2: 2110.558 ops/s
Iteration   3: 2135.259 ops/s
Iteration   4: 2137.247 ops/s
Iteration   5: 2112.237 ops/s
Iteration   6: 2111.546 ops/s
Iteration   7: 2084.042 ops/s
Iteration   8: 2135.518 ops/s
Iteration   9: 2085.977 ops/s
Iteration  10: 2110.713 ops/s

# Run progress: 96.67% complete, ETA 00:01:01
# Fork: 3 of 3
# Warmup Iteration   1: 2156.565 ops/s
# Warmup Iteration   2: 2103.703 ops/s
# Warmup Iteration   3: 2152.855 ops/s
# Warmup Iteration   4: 2127.676 ops/s
# Warmup Iteration   5: 2104.336 ops/s
Iteration   1: 2129.754 ops/s
Iteration   2: 2127.797 ops/s
Iteration   3: 2101.508 ops/s
Iteration   4: 2154.234 ops/s
Iteration   5: 2105.618 ops/s
Iteration   6: 2100.296 ops/s
Iteration   7: 2155.368 ops/s
Iteration   8: 2099.681 ops/s
Iteration   9: 2129.352 ops/s
Iteration  10: 2155.427 ops/s


Result "dev.yll.simdjsonjni.bench.ThroughputBenchmark.checksum":
  2119.420 ±(99.9%) 13.972 ops/s [Average]
  (min, avg, max) = (2084.042, 2119.420, 2155.427), stdev = 20.913
  CI (99.9%): [2105.448, 2133.392] (assumes normal distribution)


# JMH version: 1.37
# VM version: JDK 21.0.12.1, OpenJDK 64-Bit Server VM, 21.0.12.1+1-LTS
# VM invoker: /tmp/toolchain-152522/jdk21/bin/java
# VM options: -Dsimdjson.jni.library=/tmp/simdjson-jni-152522/build/libsimdjson_jni.so -Dsimdjson.data.dir=/tmp/simdjson-jni-152522/data -Xms2g -Xmx2g -XX:+UseG1GC
# Blackhole mode: compiler (auto-detected, use -Djmh.blackhole.autoDetect=false to disable)
# Warmup: 5 iterations, 1 s each
# Measurement: 10 iterations, 1 s each
# Timeout: 10 min per iteration
# Threads: 1 thread, will synchronize iterations
# Benchmark mode: Throughput, ops/time
# Benchmark: dev.yll.simdjsonjni.bench.ThroughputBenchmark.checksum
# Parameters: (dataset = vpic_makes.json, engine = simdjson-jni-direct)

# Run progress: 97.50% complete, ETA 00:00:46
# Fork: 1 of 3
# Warmup Iteration   1: 2234.006 ops/s
# Warmup Iteration   2: 2194.391 ops/s
# Warmup Iteration   3: 2243.781 ops/s
# Warmup Iteration   4: 2188.174 ops/s
# Warmup Iteration   5: 2198.368 ops/s
Iteration   1: 2233.964 ops/s
Iteration   2: 2190.708 ops/s
Iteration   3: 2194.446 ops/s
Iteration   4: 2236.599 ops/s
Iteration   5: 2190.932 ops/s
Iteration   6: 2220.428 ops/s
Iteration   7: 2214.789 ops/s
Iteration   8: 2192.417 ops/s
Iteration   9: 2219.009 ops/s
Iteration  10: 2218.239 ops/s

# Run progress: 98.33% complete, ETA 00:00:30
# Fork: 2 of 3
# Warmup Iteration   1: 2227.223 ops/s
# Warmup Iteration   2: 2255.976 ops/s
# Warmup Iteration   3: 2198.598 ops/s
# Warmup Iteration   4: 2224.017 ops/s
# Warmup Iteration   5: 2221.379 ops/s
Iteration   1: 2199.846 ops/s
Iteration   2: 2221.864 ops/s
Iteration   3: 2218.626 ops/s
Iteration   4: 2194.373 ops/s
Iteration   5: 2249.777 ops/s
Iteration   6: 2196.434 ops/s
Iteration   7: 2195.574 ops/s
Iteration   8: 2250.994 ops/s
Iteration   9: 2195.268 ops/s
Iteration  10: 2249.967 ops/s

# Run progress: 99.17% complete, ETA 00:00:15
# Fork: 3 of 3
# Warmup Iteration   1: 2250.782 ops/s
# Warmup Iteration   2: 2224.039 ops/s
# Warmup Iteration   3: 2243.291 ops/s
# Warmup Iteration   4: 2242.722 ops/s
# Warmup Iteration   5: 2220.456 ops/s
Iteration   1: 2219.191 ops/s
Iteration   2: 2192.246 ops/s
Iteration   3: 2216.844 ops/s
Iteration   4: 2217.108 ops/s
Iteration   5: 2185.765 ops/s
Iteration   6: 2240.806 ops/s
Iteration   7: 2188.825 ops/s
Iteration   8: 2242.013 ops/s
Iteration   9: 2214.894 ops/s
Iteration  10: 2190.944 ops/s


Result "dev.yll.simdjsonjni.bench.ThroughputBenchmark.checksum":
  2213.096 ±(99.9%) 13.864 ops/s [Average]
  (min, avg, max) = (2185.765, 2213.096, 2250.994), stdev = 20.751
  CI (99.9%): [2199.232, 2226.960] (assumes normal distribution)


# Run complete. Total time: 00:30:54

REMEMBER: The numbers below are just data. To gain reusable insights, you need to follow up on
why the numbers are the way they are. Use profilers (see -prof, -lprof), design factorial
experiments, perform baseline and negative tests that provide experimental control, make sure
the benchmarking environment is safe on JVM/OS/HW level, ask for reviews from the domain experts.
Do not assume the numbers tell you what you want them to tell.

NOTE: Current JVM experimentally supports Compiler Blackholes, and they are in use. Please exercise
extra caution when trusting the results, look into the generated code to check the benchmark still
works, and factor in a small probability of new VM bugs. Additionally, while comparisons between
different JVMs are already problematic, the performance difference caused by different Blackhole
modes can be very significant. Please make sure you use the consistent Blackhole mode for comparisons.

Benchmark                               (dataset)             (engine)   Mode  Cnt      Score     Error  Units
ThroughputBenchmark.checksum         twitter.json         jackson-tree  thrpt   30    483.013 ±   4.466  ops/s
ThroughputBenchmark.checksum         twitter.json       jackson-stream  thrpt   30    750.381 ±   5.944  ops/s
ThroughputBenchmark.checksum         twitter.json    simdjson-jni-copy  thrpt   30   3931.139 ±  26.974  ops/s
ThroughputBenchmark.checksum         twitter.json  simdjson-jni-direct  thrpt   30   4231.320 ±  40.480  ops/s
ThroughputBenchmark.checksum  twitterescaped.json         jackson-tree  thrpt   30    515.409 ±   4.177  ops/s
ThroughputBenchmark.checksum  twitterescaped.json       jackson-stream  thrpt   30    802.555 ±   8.281  ops/s
ThroughputBenchmark.checksum  twitterescaped.json    simdjson-jni-copy  thrpt   30   1966.074 ±  13.372  ops/s
ThroughputBenchmark.checksum  twitterescaped.json  simdjson-jni-direct  thrpt   30   2033.008 ±  13.710  ops/s
ThroughputBenchmark.checksum   github_events.json         jackson-tree  thrpt   30   5702.261 ±  42.990  ops/s
ThroughputBenchmark.checksum   github_events.json       jackson-stream  thrpt   30   8068.057 ± 134.556  ops/s
ThroughputBenchmark.checksum   github_events.json    simdjson-jni-copy  thrpt   30  43322.854 ± 386.149  ops/s
ThroughputBenchmark.checksum   github_events.json  simdjson-jni-direct  thrpt   30  46060.960 ± 425.942  ops/s
ThroughputBenchmark.checksum    citm_catalog.json         jackson-tree  thrpt   30    318.168 ±   2.384  ops/s
ThroughputBenchmark.checksum    citm_catalog.json       jackson-stream  thrpt   30    474.948 ±   3.245  ops/s
ThroughputBenchmark.checksum    citm_catalog.json    simdjson-jni-copy  thrpt   30   1477.390 ±   9.096  ops/s
ThroughputBenchmark.checksum    citm_catalog.json  simdjson-jni-direct  thrpt   30   1767.973 ±  10.419  ops/s
ThroughputBenchmark.checksum          canada.json         jackson-tree  thrpt   30     31.139 ±   0.483  ops/s
ThroughputBenchmark.checksum          canada.json       jackson-stream  thrpt   30     38.472 ±   0.523  ops/s
ThroughputBenchmark.checksum          canada.json    simdjson-jni-copy  thrpt   30    333.678 ±   2.275  ops/s
ThroughputBenchmark.checksum          canada.json  simdjson-jni-direct  thrpt   30    351.055 ±   2.266  ops/s
ThroughputBenchmark.checksum       gsoc-2018.json         jackson-tree  thrpt   30    194.655 ±   1.413  ops/s
ThroughputBenchmark.checksum       gsoc-2018.json       jackson-stream  thrpt   30    267.595 ±   2.172  ops/s
ThroughputBenchmark.checksum       gsoc-2018.json    simdjson-jni-copy  thrpt   30    943.215 ±   6.302  ops/s
ThroughputBenchmark.checksum       gsoc-2018.json  simdjson-jni-direct  thrpt   30   1219.085 ±   8.153  ops/s
ThroughputBenchmark.checksum       marine_ik.json         jackson-tree  thrpt   30     54.615 ±   0.382  ops/s
ThroughputBenchmark.checksum       marine_ik.json       jackson-stream  thrpt   30     74.865 ±   0.894  ops/s
ThroughputBenchmark.checksum       marine_ik.json    simdjson-jni-copy  thrpt   30    239.542 ±   1.457  ops/s
ThroughputBenchmark.checksum       marine_ik.json  simdjson-jni-direct  thrpt   30    251.611 ±   1.651  ops/s
ThroughputBenchmark.checksum            mesh.json         jackson-tree  thrpt   30    205.300 ±   1.408  ops/s
ThroughputBenchmark.checksum            mesh.json       jackson-stream  thrpt   30    256.897 ±   1.698  ops/s
ThroughputBenchmark.checksum            mesh.json    simdjson-jni-copy  thrpt   30    980.850 ±   6.662  ops/s
ThroughputBenchmark.checksum            mesh.json  simdjson-jni-direct  thrpt   30    990.880 ±   5.445  ops/s
ThroughputBenchmark.checksum   update-center.json         jackson-tree  thrpt   30    421.946 ±   2.947  ops/s
ThroughputBenchmark.checksum   update-center.json       jackson-stream  thrpt   30    694.732 ±   5.487  ops/s
ThroughputBenchmark.checksum   update-center.json    simdjson-jni-copy  thrpt   30   3642.927 ±  26.305  ops/s
ThroughputBenchmark.checksum   update-center.json  simdjson-jni-direct  thrpt   30   3879.926 ±  28.869  ops/s
ThroughputBenchmark.checksum      vpic_makes.json         jackson-tree  thrpt   30    329.074 ±   5.299  ops/s
ThroughputBenchmark.checksum      vpic_makes.json       jackson-stream  thrpt   30    549.283 ±   4.253  ops/s
ThroughputBenchmark.checksum      vpic_makes.json    simdjson-jni-copy  thrpt   30   2119.420 ±  13.972  ops/s
ThroughputBenchmark.checksum      vpic_makes.json  simdjson-jni-direct  thrpt   30   2213.096 ±  13.864  ops/s

Benchmark result is saved to /tmp/simdjson-jni-152522/results/raw_throughput.json
==> jmh allocation
# JMH version: 1.37
# VM version: JDK 21.0.12.1, OpenJDK 64-Bit Server VM, 21.0.12.1+1-LTS
# VM invoker: /tmp/toolchain-152522/jdk21/bin/java
# VM options: -Dsimdjson.jni.library=/tmp/simdjson-jni-152522/build/libsimdjson_jni.so -Dsimdjson.data.dir=/tmp/simdjson-jni-152522/data -Xms2g -Xmx2g -XX:+UseG1GC
# Blackhole mode: compiler (auto-detected, use -Djmh.blackhole.autoDetect=false to disable)
# Warmup: 5 iterations, 1 s each
# Measurement: 10 iterations, 1 s each
# Timeout: 10 min per iteration
# Threads: 1 thread, will synchronize iterations
# Benchmark mode: Throughput, ops/time
# Benchmark: dev.yll.simdjsonjni.bench.ThroughputBenchmark.checksum
# Parameters: (dataset = twitter.json, engine = jackson-tree)

# Run progress: 0.00% complete, ETA 00:30:00
# Fork: 1 of 3
# Warmup Iteration   1: 409.274 ops/s
# Warmup Iteration   2: 458.824 ops/s
# Warmup Iteration   3: 479.396 ops/s
# Warmup Iteration   4: 490.798 ops/s
# Warmup Iteration   5: 479.893 ops/s
Iteration   1: 478.485 ops/s
                 gc.alloc.rate:      694.590 MB/sec
                 gc.alloc.rate.norm: 1522696.601 B/op
                 gc.count:           1.000 counts
                 gc.time:            2.000 ms

Iteration   2: 490.874 ops/s
                 gc.alloc.rate:      712.613 MB/sec
                 gc.alloc.rate.norm: 1522694.534 B/op
                 gc.count:           ≈ 0 counts

Iteration   3: 479.102 ops/s
                 gc.alloc.rate:      695.590 MB/sec
                 gc.alloc.rate.norm: 1522694.467 B/op
                 gc.count:           1.000 counts
                 gc.time:            4.000 ms

Iteration   4: 480.918 ops/s
                 gc.alloc.rate:      698.150 MB/sec
                 gc.alloc.rate.norm: 1522694.320 B/op
                 gc.count:           ≈ 0 counts

Iteration   5: 491.403 ops/s
                 gc.alloc.rate:      713.450 MB/sec
                 gc.alloc.rate.norm: 1522694.114 B/op
                 gc.count:           1.000 counts
                 gc.time:            3.000 ms

Iteration   6: 479.048 ops/s
                 gc.alloc.rate:      695.517 MB/sec
                 gc.alloc.rate.norm: 1522694.467 B/op
                 gc.count:           1.000 counts
                 gc.time:            2.000 ms

Iteration   7: 491.615 ops/s
                 gc.alloc.rate:      713.748 MB/sec
                 gc.alloc.rate.norm: 1522676.325 B/op
                 gc.count:           ≈ 0 counts

Iteration   8: 480.091 ops/s
                 gc.alloc.rate:      697.007 MB/sec
                 gc.alloc.rate.norm: 1522654.437 B/op
                 gc.count:           1.000 counts
                 gc.time:            3.000 ms

Iteration   9: 481.293 ops/s
                 gc.alloc.rate:      698.760 MB/sec
                 gc.alloc.rate.norm: 1522677.610 B/op
                 gc.count:           ≈ 0 counts

Iteration  10: 487.681 ops/s
                 gc.alloc.rate:      707.972 MB/sec
                 gc.alloc.rate.norm: 1522654.230 B/op
                 gc.count:           1.000 counts
                 gc.time:            3.000 ms


# Run progress: 0.83% complete, ETA 00:30:42
# Fork: 2 of 3
# Warmup Iteration   1: 407.631 ops/s
# Warmup Iteration   2: 442.775 ops/s
# Warmup Iteration   3: 467.352 ops/s
# Warmup Iteration   4: 488.572 ops/s
# Warmup Iteration   5: 479.815 ops/s
Iteration   1: 486.371 ops/s
                 gc.alloc.rate:      706.025 MB/sec
                 gc.alloc.rate.norm: 1522696.329 B/op
                 gc.count:           1.000 counts
                 gc.time:            3.000 ms

Iteration   2: 487.793 ops/s
                 gc.alloc.rate:      708.116 MB/sec
                 gc.alloc.rate.norm: 1522694.115 B/op
                 gc.count:           ≈ 0 counts

Iteration   3: 485.932 ops/s
                 gc.alloc.rate:      705.499 MB/sec
                 gc.alloc.rate.norm: 1522694.798 B/op
                 gc.count:           1.000 counts
                 gc.time:            3.000 ms

Iteration   4: 488.521 ops/s
                 gc.alloc.rate:      709.198 MB/sec
                 gc.alloc.rate.norm: 1522694.086 B/op
                 gc.count:           ≈ 0 counts

Iteration   5: 486.477 ops/s
                 gc.alloc.rate:      706.297 MB/sec
                 gc.alloc.rate.norm: 1522694.259 B/op
                 gc.count:           1.000 counts
                 gc.time:            3.000 ms

Iteration   6: 476.083 ops/s
                 gc.alloc.rate:      691.208 MB/sec
                 gc.alloc.rate.norm: 1522694.558 B/op
                 gc.count:           1.000 counts
                 gc.time:            3.000 ms

Iteration   7: 491.085 ops/s
                 gc.alloc.rate:      712.980 MB/sec
                 gc.alloc.rate.norm: 1522678.163 B/op
                 gc.count:           ≈ 0 counts

Iteration   8: 481.291 ops/s
                 gc.alloc.rate:      698.748 MB/sec
                 gc.alloc.rate.norm: 1522654.407 B/op
                 gc.count:           1.000 counts
                 gc.time:            3.000 ms

Iteration   9: 488.862 ops/s
                 gc.alloc.rate:      709.752 MB/sec
                 gc.alloc.rate.norm: 1522677.072 B/op
                 gc.count:           ≈ 0 counts

Iteration  10: 486.722 ops/s
                 gc.alloc.rate:      706.594 MB/sec
                 gc.alloc.rate.norm: 1522654.259 B/op
                 gc.count:           1.000 counts
                 gc.time:            3.000 ms


# Run progress: 1.67% complete, ETA 00:30:26
# Fork: 3 of 3
# Warmup Iteration   1: 406.018 ops/s
# Warmup Iteration   2: 457.116 ops/s
# Warmup Iteration   3: 472.167 ops/s
# Warmup Iteration   4: 485.136 ops/s
# Warmup Iteration   5: 489.857 ops/s
Iteration   1: 481.652 ops/s
                 gc.alloc.rate:      699.182 MB/sec
                 gc.alloc.rate.norm: 1522696.498 B/op
                 gc.count:           1.000 counts
                 gc.time:            3.000 ms

Iteration   2: 485.268 ops/s
                 gc.alloc.rate:      704.476 MB/sec
                 gc.alloc.rate.norm: 1522694.683 B/op
                 gc.count:           ≈ 0 counts

Iteration   3: 488.732 ops/s
                 gc.alloc.rate:      709.563 MB/sec
                 gc.alloc.rate.norm: 1522694.200 B/op
                 gc.count:           1.000 counts
                 gc.time:            4.000 ms

Iteration   4: 479.000 ops/s
                 gc.alloc.rate:      695.370 MB/sec
                 gc.alloc.rate.norm: 1522694.350 B/op
                 gc.count:           ≈ 0 counts

Iteration   5: 489.911 ops/s
                 gc.alloc.rate:      711.287 MB/sec
                 gc.alloc.rate.norm: 1522694.171 B/op
                 gc.count:           1.000 counts
                 gc.time:            2.000 ms

Iteration   6: 478.282 ops/s
                 gc.alloc.rate:      694.400 MB/sec
                 gc.alloc.rate.norm: 1522694.497 B/op
                 gc.count:           1.000 counts
                 gc.time:            3.000 ms

Iteration   7: 485.081 ops/s
                 gc.alloc.rate:      704.270 MB/sec
                 gc.alloc.rate.norm: 1522677.021 B/op
                 gc.count:           ≈ 0 counts

Iteration   8: 497.274 ops/s
                 gc.alloc.rate:      721.952 MB/sec
                 gc.alloc.rate.norm: 1522653.944 B/op
                 gc.count:           1.000 counts
                 gc.time:            3.000 ms

Iteration   9: 487.266 ops/s
                 gc.alloc.rate:      707.431 MB/sec
                 gc.alloc.rate.norm: 1522677.148 B/op
                 gc.count:           ≈ 0 counts

Iteration  10: 487.538 ops/s
                 gc.alloc.rate:      707.774 MB/sec
                 gc.alloc.rate.norm: 1522654.230 B/op
                 gc.count:           1.000 counts
                 gc.time:            2.000 ms



Result "dev.yll.simdjsonjni.bench.ThroughputBenchmark.checksum":
  485.322 ±(99.9%) 3.412 ops/s [Average]
  (min, avg, max) = (476.083, 485.322, 497.274), stdev = 5.107
  CI (99.9%): [481.909, 488.734] (assumes normal distribution)

Secondary result "dev.yll.simdjsonjni.bench.ThroughputBenchmark.checksum:gc.alloc.rate":
  704.584 ±(99.9%) 4.956 MB/sec [Average]
  (min, avg, max) = (691.208, 704.584, 721.952), stdev = 7.418
  CI (99.9%): [699.628, 709.540] (assumes normal distribution)

Secondary result "dev.yll.simdjsonjni.bench.ThroughputBenchmark.checksum:gc.alloc.rate.norm":
  1522683.130 ±(99.9%) 10.849 B/op [Average]
  (min, avg, max) = (1522653.944, 1522683.130, 1522696.601), stdev = 16.239
  CI (99.9%): [1522672.280, 1522693.979] (assumes normal distribution)

Secondary result "dev.yll.simdjsonjni.bench.ThroughputBenchmark.checksum:gc.count":
  18.000 ±(99.9%) 0.001 counts [Sum]
  (min, avg, max) = (≈ 0, 0.600, 1.000), stdev = 0.498
  CI (99.9%): [18.000, 18.000] (assumes normal distribution)

Secondary result "dev.yll.simdjsonjni.bench.ThroughputBenchmark.checksum:gc.time":
  52.000 ±(99.9%) 0.001 ms [Sum]
  (min, avg, max) = (≈ 0, 1.733, 4.000), stdev = 1.507
  CI (99.9%): [52.000, 52.000] (assumes normal distribution)


# JMH version: 1.37
# VM version: JDK 21.0.12.1, OpenJDK 64-Bit Server VM, 21.0.12.1+1-LTS
# VM invoker: /tmp/toolchain-152522/jdk21/bin/java
# VM options: -Dsimdjson.jni.library=/tmp/simdjson-jni-152522/build/libsimdjson_jni.so -Dsimdjson.data.dir=/tmp/simdjson-jni-152522/data -Xms2g -Xmx2g -XX:+UseG1GC
# Blackhole mode: compiler (auto-detected, use -Djmh.blackhole.autoDetect=false to disable)
# Warmup: 5 iterations, 1 s each
# Measurement: 10 iterations, 1 s each
# Timeout: 10 min per iteration
# Threads: 1 thread, will synchronize iterations
# Benchmark mode: Throughput, ops/time
# Benchmark: dev.yll.simdjsonjni.bench.ThroughputBenchmark.checksum
# Parameters: (dataset = twitter.json, engine = jackson-stream)

# Run progress: 2.50% complete, ETA 00:30:11
# Fork: 1 of 3
# Warmup Iteration   1: 697.301 ops/s
# Warmup Iteration   2: 738.603 ops/s
# Warmup Iteration   3: 729.757 ops/s
# Warmup Iteration   4: 728.631 ops/s
# Warmup Iteration   5: 747.933 ops/s
Iteration   1: 739.479 ops/s
                 gc.alloc.rate:      0.920 MB/sec
                 gc.alloc.rate.norm: 1305.308 B/op
                 gc.count:           ≈ 0 counts

Iteration   2: 730.477 ops/s
                 gc.alloc.rate:      0.909 MB/sec
                 gc.alloc.rate.norm: 1305.423 B/op
                 gc.count:           ≈ 0 counts

Iteration   3: 746.597 ops/s
                 gc.alloc.rate:      0.912 MB/sec
                 gc.alloc.rate.norm: 1280.942 B/op
                 gc.count:           ≈ 0 counts

Iteration   4: 731.473 ops/s
                 gc.alloc.rate:      0.883 MB/sec
                 gc.alloc.rate.norm: 1265.410 B/op
                 gc.count:           ≈ 0 counts

Iteration   5: 748.374 ops/s
                 gc.alloc.rate:      0.903 MB/sec
                 gc.alloc.rate.norm: 1265.196 B/op
                 gc.count:           ≈ 0 counts

Iteration   6: 730.460 ops/s
                 gc.alloc.rate:      0.881 MB/sec
                 gc.alloc.rate.norm: 1265.423 B/op
                 gc.count:           ≈ 0 counts

Iteration   7: 730.818 ops/s
                 gc.alloc.rate:      0.882 MB/sec
                 gc.alloc.rate.norm: 1265.423 B/op
                 gc.count:           ≈ 0 counts

Iteration   8: 739.259 ops/s
                 gc.alloc.rate:      0.892 MB/sec
                 gc.alloc.rate.norm: 1265.308 B/op
                 gc.count:           ≈ 0 counts

Iteration   9: 739.545 ops/s
                 gc.alloc.rate:      0.892 MB/sec
                 gc.alloc.rate.norm: 1265.308 B/op
                 gc.count:           ≈ 0 counts

Iteration  10: 739.924 ops/s
                 gc.alloc.rate:      0.893 MB/sec
                 gc.alloc.rate.norm: 1265.308 B/op
                 gc.count:           ≈ 0 counts


# Run progress: 3.33% complete, ETA 00:29:56
# Fork: 2 of 3
# Warmup Iteration   1: 696.001 ops/s
# Warmup Iteration   2: 755.268 ops/s
# Warmup Iteration   3: 737.027 ops/s
# Warmup Iteration   4: 747.120 ops/s
# Warmup Iteration   5: 747.556 ops/s
Iteration   1: 736.109 ops/s
                 gc.alloc.rate:      0.916 MB/sec
                 gc.alloc.rate.norm: 1305.346 B/op
                 gc.count:           ≈ 0 counts

Iteration   2: 736.941 ops/s
                 gc.alloc.rate:      0.917 MB/sec
                 gc.alloc.rate.norm: 1305.346 B/op
                 gc.count:           ≈ 0 counts

Iteration   3: 755.705 ops/s
                 gc.alloc.rate:      0.921 MB/sec
                 gc.alloc.rate.norm: 1278.212 B/op
                 gc.count:           ≈ 0 counts

Iteration   4: 738.503 ops/s
                 gc.alloc.rate:      0.891 MB/sec
                 gc.alloc.rate.norm: 1265.321 B/op
                 gc.count:           ≈ 0 counts

Iteration   5: 756.269 ops/s
                 gc.alloc.rate:      0.912 MB/sec
                 gc.alloc.rate.norm: 1265.099 B/op
                 gc.count:           ≈ 0 counts

Iteration   6: 737.537 ops/s
                 gc.alloc.rate:      0.890 MB/sec
                 gc.alloc.rate.norm: 1265.333 B/op
                 gc.count:           ≈ 0 counts

Iteration   7: 744.345 ops/s
                 gc.alloc.rate:      0.898 MB/sec
                 gc.alloc.rate.norm: 1265.246 B/op
                 gc.count:           ≈ 0 counts

Iteration   8: 750.524 ops/s
                 gc.alloc.rate:      0.905 MB/sec
                 gc.alloc.rate.norm: 1265.172 B/op
                 gc.count:           ≈ 0 counts

Iteration   9: 739.375 ops/s
                 gc.alloc.rate:      0.892 MB/sec
                 gc.alloc.rate.norm: 1265.308 B/op
                 gc.count:           ≈ 0 counts

Iteration  10: 736.458 ops/s
                 gc.alloc.rate:      0.889 MB/sec
                 gc.alloc.rate.norm: 1265.346 B/op
                 gc.count:           ≈ 0 counts


# Run progress: 4.17% complete, ETA 00:29:40
# Fork: 3 of 3
# Warmup Iteration   1: 697.125 ops/s
# Warmup Iteration   2: 758.289 ops/s
# Warmup Iteration   3: 758.816 ops/s
# Warmup Iteration   4: 759.430 ops/s
# Warmup Iteration   5: 751.797 ops/s
Iteration   1: 761.106 ops/s
                 gc.alloc.rate:      0.947 MB/sec
                 gc.alloc.rate.norm: 1305.039 B/op
                 gc.count:           ≈ 0 counts

Iteration   2: 759.891 ops/s
                 gc.alloc.rate:      0.946 MB/sec
                 gc.alloc.rate.norm: 1305.063 B/op
                 gc.count:           ≈ 0 counts

Iteration   3: 759.966 ops/s
                 gc.alloc.rate:      0.923 MB/sec
                 gc.alloc.rate.norm: 1273.440 B/op
                 gc.count:           ≈ 0 counts

Iteration   4: 742.932 ops/s
                 gc.alloc.rate:      0.896 MB/sec
                 gc.alloc.rate.norm: 1265.271 B/op
                 gc.count:           ≈ 0 counts

Iteration   5: 761.252 ops/s
                 gc.alloc.rate:      0.918 MB/sec
                 gc.alloc.rate.norm: 1265.039 B/op
                 gc.count:           ≈ 0 counts

Iteration   6: 742.837 ops/s
                 gc.alloc.rate:      0.896 MB/sec
                 gc.alloc.rate.norm: 1265.271 B/op
                 gc.count:           ≈ 0 counts

Iteration   7: 744.108 ops/s
                 gc.alloc.rate:      0.898 MB/sec
                 gc.alloc.rate.norm: 1265.246 B/op
                 gc.count:           ≈ 0 counts

Iteration   8: 761.396 ops/s
                 gc.alloc.rate:      0.918 MB/sec
                 gc.alloc.rate.norm: 1265.039 B/op
                 gc.count:           ≈ 0 counts

Iteration   9: 742.348 ops/s
                 gc.alloc.rate:      0.896 MB/sec
                 gc.alloc.rate.norm: 1265.271 B/op
                 gc.count:           ≈ 0 counts

Iteration  10: 761.614 ops/s
                 gc.alloc.rate:      0.919 MB/sec
                 gc.alloc.rate.norm: 1265.039 B/op
                 gc.count:           ≈ 0 counts



Result "dev.yll.simdjsonjni.bench.ThroughputBenchmark.checksum":
  744.854 ±(99.9%) 6.895 ops/s [Average]
  (min, avg, max) = (730.460, 744.854, 761.614), stdev = 10.320
  CI (99.9%): [737.959, 751.749] (assumes normal distribution)

Secondary result "dev.yll.simdjsonjni.bench.ThroughputBenchmark.checksum:gc.alloc.rate":
  0.905 ±(99.9%) 0.011 MB/sec [Average]
  (min, avg, max) = (0.881, 0.905, 0.947), stdev = 0.017
  CI (99.9%): [0.894, 0.917] (assumes normal distribution)

Secondary result "dev.yll.simdjsonjni.bench.ThroughputBenchmark.checksum:gc.alloc.rate.norm":
  1274.483 ±(99.9%) 10.763 B/op [Average]
  (min, avg, max) = (1265.039, 1274.483, 1305.423), stdev = 16.110
  CI (99.9%): [1263.720, 1285.246] (assumes normal distribution)

Secondary result "dev.yll.simdjsonjni.bench.ThroughputBenchmark.checksum:gc.count":
  ≈ 0 counts


# JMH version: 1.37
# VM version: JDK 21.0.12.1, OpenJDK 64-Bit Server VM, 21.0.12.1+1-LTS
# VM invoker: /tmp/toolchain-152522/jdk21/bin/java
# VM options: -Dsimdjson.jni.library=/tmp/simdjson-jni-152522/build/libsimdjson_jni.so -Dsimdjson.data.dir=/tmp/simdjson-jni-152522/data -Xms2g -Xmx2g -XX:+UseG1GC
# Blackhole mode: compiler (auto-detected, use -Djmh.blackhole.autoDetect=false to disable)
# Warmup: 5 iterations, 1 s each
# Measurement: 10 iterations, 1 s each
# Timeout: 10 min per iteration
# Threads: 1 thread, will synchronize iterations
# Benchmark mode: Throughput, ops/time
# Benchmark: dev.yll.simdjsonjni.bench.ThroughputBenchmark.checksum
# Parameters: (dataset = twitter.json, engine = simdjson-jni-copy)

# Run progress: 5.00% complete, ETA 00:29:24
# Fork: 1 of 3
# Warmup Iteration   1: 4004.408 ops/s
# Warmup Iteration   2: 3900.840 ops/s
# Warmup Iteration   3: 3990.155 ops/s
# Warmup Iteration   4: 3948.758 ops/s
# Warmup Iteration   5: 3954.199 ops/s
Iteration   1: 3996.320 ops/s
                 gc.alloc.rate:      0.007 MB/sec
                 gc.alloc.rate.norm: 1.723 B/op
                 gc.count:           ≈ 0 counts

Iteration   2: 3942.690 ops/s
                 gc.alloc.rate:      0.007 MB/sec
                 gc.alloc.rate.norm: 1.747 B/op
                 gc.count:           ≈ 0 counts

Iteration   3: 3950.393 ops/s
                 gc.alloc.rate:      0.007 MB/sec
                 gc.alloc.rate.norm: 1.743 B/op
                 gc.count:           ≈ 0 counts

Iteration   4: 3953.833 ops/s
                 gc.alloc.rate:      0.007 MB/sec
                 gc.alloc.rate.norm: 1.742 B/op
                 gc.count:           ≈ 0 counts

Iteration   5: 3952.656 ops/s
                 gc.alloc.rate:      0.007 MB/sec
                 gc.alloc.rate.norm: 1.742 B/op
                 gc.count:           ≈ 0 counts

Iteration   6: 3997.852 ops/s
                 gc.alloc.rate:      0.007 MB/sec
                 gc.alloc.rate.norm: 1.722 B/op
                 gc.count:           ≈ 0 counts

Iteration   7: 3893.490 ops/s
                 gc.alloc.rate:      0.007 MB/sec
                 gc.alloc.rate.norm: 1.769 B/op
                 gc.count:           ≈ 0 counts

Iteration   8: 3958.451 ops/s
                 gc.alloc.rate:      0.007 MB/sec
                 gc.alloc.rate.norm: 1.739 B/op
                 gc.count:           ≈ 0 counts

Iteration   9: 3949.669 ops/s
                 gc.alloc.rate:      0.007 MB/sec
                 gc.alloc.rate.norm: 1.744 B/op
                 gc.count:           ≈ 0 counts

Iteration  10: 3890.176 ops/s
                 gc.alloc.rate:      0.007 MB/sec
                 gc.alloc.rate.norm: 1.770 B/op
                 gc.count:           ≈ 0 counts


# Run progress: 5.83% complete, ETA 00:29:09
# Fork: 2 of 3
# Warmup Iteration   1: 3995.396 ops/s
# Warmup Iteration   2: 3998.056 ops/s
# Warmup Iteration   3: 3894.220 ops/s
# Warmup Iteration   4: 3995.170 ops/s
# Warmup Iteration   5: 3897.512 ops/s
Iteration   1: 3951.077 ops/s
                 gc.alloc.rate:      0.007 MB/sec
                 gc.alloc.rate.norm: 1.743 B/op
                 gc.count:           ≈ 0 counts

Iteration   2: 3950.296 ops/s
                 gc.alloc.rate:      0.007 MB/sec
                 gc.alloc.rate.norm: 1.743 B/op
                 gc.count:           ≈ 0 counts

Iteration   3: 3905.790 ops/s
                 gc.alloc.rate:      0.007 MB/sec
                 gc.alloc.rate.norm: 1.763 B/op
                 gc.count:           ≈ 0 counts

Iteration   4: 3904.873 ops/s
                 gc.alloc.rate:      0.007 MB/sec
                 gc.alloc.rate.norm: 1.763 B/op
                 gc.count:           ≈ 0 counts

Iteration   5: 3971.207 ops/s
                 gc.alloc.rate:      0.007 MB/sec
                 gc.alloc.rate.norm: 1.734 B/op
                 gc.count:           ≈ 0 counts

Iteration   6: 3895.961 ops/s
                 gc.alloc.rate:      0.007 MB/sec
                 gc.alloc.rate.norm: 1.768 B/op
                 gc.count:           ≈ 0 counts

Iteration   7: 3940.621 ops/s
                 gc.alloc.rate:      0.007 MB/sec
                 gc.alloc.rate.norm: 1.748 B/op
                 gc.count:           ≈ 0 counts

Iteration   8: 3952.652 ops/s
                 gc.alloc.rate:      0.007 MB/sec
                 gc.alloc.rate.norm: 1.742 B/op
                 gc.count:           ≈ 0 counts

Iteration   9: 3954.669 ops/s
                 gc.alloc.rate:      0.007 MB/sec
                 gc.alloc.rate.norm: 1.742 B/op
                 gc.count:           ≈ 0 counts

Iteration  10: 3956.810 ops/s
                 gc.alloc.rate:      0.007 MB/sec
                 gc.alloc.rate.norm: 1.740 B/op
                 gc.count:           ≈ 0 counts


# Run progress: 6.67% complete, ETA 00:28:53
# Fork: 3 of 3
# Warmup Iteration   1: 4012.976 ops/s
# Warmup Iteration   2: 3960.267 ops/s
# Warmup Iteration   3: 3996.001 ops/s
# Warmup Iteration   4: 3951.226 ops/s
# Warmup Iteration   5: 4005.475 ops/s
Iteration   1: 3898.308 ops/s
                 gc.alloc.rate:      0.007 MB/sec
                 gc.alloc.rate.norm: 1.767 B/op
                 gc.count:           ≈ 0 counts

Iteration   2: 3902.140 ops/s
                 gc.alloc.rate:      0.007 MB/sec
                 gc.alloc.rate.norm: 1.765 B/op
                 gc.count:           ≈ 0 counts

Iteration   3: 4005.156 ops/s
                 gc.alloc.rate:      0.007 MB/sec
                 gc.alloc.rate.norm: 1.719 B/op
                 gc.count:           ≈ 0 counts

Iteration   4: 3908.473 ops/s
                 gc.alloc.rate:      0.007 MB/sec
                 gc.alloc.rate.norm: 1.762 B/op
                 gc.count:           ≈ 0 counts

Iteration   5: 4008.433 ops/s
                 gc.alloc.rate:      0.007 MB/sec
                 gc.alloc.rate.norm: 1.718 B/op
                 gc.count:           ≈ 0 counts

Iteration   6: 3963.947 ops/s
                 gc.alloc.rate:      0.007 MB/sec
                 gc.alloc.rate.norm: 1.737 B/op
                 gc.count:           ≈ 0 counts

Iteration   7: 3956.490 ops/s
                 gc.alloc.rate:      0.007 MB/sec
                 gc.alloc.rate.norm: 1.741 B/op
                 gc.count:           ≈ 0 counts

Iteration   8: 4000.924 ops/s
                 gc.alloc.rate:      0.007 MB/sec
                 gc.alloc.rate.norm: 1.721 B/op
                 gc.count:           ≈ 0 counts

Iteration   9: 3916.737 ops/s
                 gc.alloc.rate:      0.007 MB/sec
                 gc.alloc.rate.norm: 1.758 B/op
                 gc.count:           ≈ 0 counts

Iteration  10: 4007.291 ops/s
                 gc.alloc.rate:      0.007 MB/sec
                 gc.alloc.rate.norm: 1.719 B/op
                 gc.count:           ≈ 0 counts



Result "dev.yll.simdjsonjni.bench.ThroughputBenchmark.checksum":
  3947.913 ±(99.9%) 24.536 ops/s [Average]
  (min, avg, max) = (3890.176, 3947.913, 4008.433), stdev = 36.724
  CI (99.9%): [3923.377, 3972.449] (assumes normal distribution)

Secondary result "dev.yll.simdjsonjni.bench.ThroughputBenchmark.checksum:gc.alloc.rate":
  0.007 ±(99.9%) 0.001 MB/sec [Average]
  (min, avg, max) = (0.007, 0.007, 0.007), stdev = 0.001
  CI (99.9%): [0.007, 0.007] (assumes normal distribution)

Secondary result "dev.yll.simdjsonjni.bench.ThroughputBenchmark.checksum:gc.alloc.rate.norm":
  1.745 ±(99.9%) 0.011 B/op [Average]
  (min, avg, max) = (1.718, 1.745, 1.770), stdev = 0.016
  CI (99.9%): [1.734, 1.755] (assumes normal distribution)

Secondary result "dev.yll.simdjsonjni.bench.ThroughputBenchmark.checksum:gc.count":
  ≈ 0 counts


# JMH version: 1.37
# VM version: JDK 21.0.12.1, OpenJDK 64-Bit Server VM, 21.0.12.1+1-LTS
# VM invoker: /tmp/toolchain-152522/jdk21/bin/java
# VM options: -Dsimdjson.jni.library=/tmp/simdjson-jni-152522/build/libsimdjson_jni.so -Dsimdjson.data.dir=/tmp/simdjson-jni-152522/data -Xms2g -Xmx2g -XX:+UseG1GC
# Blackhole mode: compiler (auto-detected, use -Djmh.blackhole.autoDetect=false to disable)
# Warmup: 5 iterations, 1 s each
# Measurement: 10 iterations, 1 s each
# Timeout: 10 min per iteration
# Threads: 1 thread, will synchronize iterations
# Benchmark mode: Throughput, ops/time
# Benchmark: dev.yll.simdjsonjni.bench.ThroughputBenchmark.checksum
# Parameters: (dataset = twitter.json, engine = simdjson-jni-direct)

# Run progress: 7.50% complete, ETA 00:28:37
# Fork: 1 of 3
# Warmup Iteration   1: 4230.655 ops/s
# Warmup Iteration   2: 4189.953 ops/s
# Warmup Iteration   3: 4273.578 ops/s
# Warmup Iteration   4: 4233.212 ops/s
# Warmup Iteration   5: 4261.228 ops/s
Iteration   1: 4231.311 ops/s
                 gc.alloc.rate:      0.007 MB/sec
                 gc.alloc.rate.norm: 1.628 B/op
                 gc.count:           ≈ 0 counts

Iteration   2: 4283.908 ops/s
                 gc.alloc.rate:      0.007 MB/sec
                 gc.alloc.rate.norm: 1.607 B/op
                 gc.count:           ≈ 0 counts

Iteration   3: 4200.127 ops/s
                 gc.alloc.rate:      0.007 MB/sec
                 gc.alloc.rate.norm: 1.640 B/op
                 gc.count:           ≈ 0 counts

Iteration   4: 4286.109 ops/s
                 gc.alloc.rate:      0.007 MB/sec
                 gc.alloc.rate.norm: 1.607 B/op
                 gc.count:           ≈ 0 counts

Iteration   5: 4288.320 ops/s
                 gc.alloc.rate:      0.007 MB/sec
                 gc.alloc.rate.norm: 1.606 B/op
                 gc.count:           ≈ 0 counts

Iteration   6: 4234.949 ops/s
                 gc.alloc.rate:      0.007 MB/sec
                 gc.alloc.rate.norm: 1.626 B/op
                 gc.count:           ≈ 0 counts

Iteration   7: 4219.163 ops/s
                 gc.alloc.rate:      0.007 MB/sec
                 gc.alloc.rate.norm: 1.632 B/op
                 gc.count:           ≈ 0 counts

Iteration   8: 4231.720 ops/s
                 gc.alloc.rate:      0.007 MB/sec
                 gc.alloc.rate.norm: 1.627 B/op
                 gc.count:           ≈ 0 counts

Iteration   9: 4239.784 ops/s
                 gc.alloc.rate:      0.007 MB/sec
                 gc.alloc.rate.norm: 1.624 B/op
                 gc.count:           ≈ 0 counts

Iteration  10: 4244.843 ops/s
                 gc.alloc.rate:      0.007 MB/sec
                 gc.alloc.rate.norm: 1.622 B/op
                 gc.count:           ≈ 0 counts


# Run progress: 8.33% complete, ETA 00:28:21
# Fork: 2 of 3
# Warmup Iteration   1: 4226.770 ops/s
# Warmup Iteration   2: 4233.062 ops/s
# Warmup Iteration   3: 4319.404 ops/s
# Warmup Iteration   4: 4278.092 ops/s
# Warmup Iteration   5: 4326.989 ops/s
Iteration   1: 4232.198 ops/s
                 gc.alloc.rate:      0.007 MB/sec
                 gc.alloc.rate.norm: 1.627 B/op
                 gc.count:           ≈ 0 counts

Iteration   2: 4261.159 ops/s
                 gc.alloc.rate:      0.007 MB/sec
                 gc.alloc.rate.norm: 1.616 B/op
                 gc.count:           ≈ 0 counts

Iteration   3: 4273.759 ops/s
                 gc.alloc.rate:      0.007 MB/sec
                 gc.alloc.rate.norm: 1.611 B/op
                 gc.count:           ≈ 0 counts

Iteration   4: 4272.898 ops/s
                 gc.alloc.rate:      0.007 MB/sec
                 gc.alloc.rate.norm: 1.612 B/op
                 gc.count:           ≈ 0 counts

Iteration   5: 4318.936 ops/s
                 gc.alloc.rate:      0.007 MB/sec
                 gc.alloc.rate.norm: 1.594 B/op
                 gc.count:           ≈ 0 counts

Iteration   6: 4221.555 ops/s
                 gc.alloc.rate:      0.007 MB/sec
                 gc.alloc.rate.norm: 1.631 B/op
                 gc.count:           ≈ 0 counts

Iteration   7: 4230.587 ops/s
                 gc.alloc.rate:      0.007 MB/sec
                 gc.alloc.rate.norm: 1.628 B/op
                 gc.count:           ≈ 0 counts

Iteration   8: 4322.239 ops/s
                 gc.alloc.rate:      0.007 MB/sec
                 gc.alloc.rate.norm: 1.593 B/op
                 gc.count:           ≈ 0 counts

Iteration   9: 4229.881 ops/s
                 gc.alloc.rate:      0.007 MB/sec
                 gc.alloc.rate.norm: 1.628 B/op
                 gc.count:           ≈ 0 counts

Iteration  10: 4339.166 ops/s
                 gc.alloc.rate:      0.007 MB/sec
                 gc.alloc.rate.norm: 1.587 B/op
                 gc.count:           ≈ 0 counts


# Run progress: 9.17% complete, ETA 00:28:06
# Fork: 3 of 3
# Warmup Iteration   1: 4273.593 ops/s
# Warmup Iteration   2: 4184.491 ops/s
# Warmup Iteration   3: 4285.717 ops/s
# Warmup Iteration   4: 4214.945 ops/s
# Warmup Iteration   5: 4176.552 ops/s
Iteration   1: 4215.942 ops/s
                 gc.alloc.rate:      0.007 MB/sec
                 gc.alloc.rate.norm: 1.633 B/op
                 gc.count:           ≈ 0 counts

Iteration   2: 4286.881 ops/s
                 gc.alloc.rate:      0.007 MB/sec
                 gc.alloc.rate.norm: 1.606 B/op
                 gc.count:           ≈ 0 counts

Iteration   3: 4239.057 ops/s
                 gc.alloc.rate:      0.007 MB/sec
                 gc.alloc.rate.norm: 1.625 B/op
                 gc.count:           ≈ 0 counts

Iteration   4: 4275.781 ops/s
                 gc.alloc.rate:      0.007 MB/sec
                 gc.alloc.rate.norm: 1.610 B/op
                 gc.count:           ≈ 0 counts

Iteration   5: 4177.917 ops/s
                 gc.alloc.rate:      0.007 MB/sec
                 gc.alloc.rate.norm: 1.648 B/op
                 gc.count:           ≈ 0 counts

Iteration   6: 4271.555 ops/s
                 gc.alloc.rate:      0.007 MB/sec
                 gc.alloc.rate.norm: 1.612 B/op
                 gc.count:           ≈ 0 counts

Iteration   7: 4153.736 ops/s
                 gc.alloc.rate:      0.007 MB/sec
                 gc.alloc.rate.norm: 1.658 B/op
                 gc.count:           ≈ 0 counts

Iteration   8: 4184.551 ops/s
                 gc.alloc.rate:      0.007 MB/sec
                 gc.alloc.rate.norm: 1.646 B/op
                 gc.count:           ≈ 0 counts

Iteration   9: 4279.984 ops/s
                 gc.alloc.rate:      0.007 MB/sec
                 gc.alloc.rate.norm: 1.609 B/op
                 gc.count:           ≈ 0 counts

Iteration  10: 4180.211 ops/s
                 gc.alloc.rate:      0.007 MB/sec
                 gc.alloc.rate.norm: 1.647 B/op
                 gc.count:           ≈ 0 counts



Result "dev.yll.simdjsonjni.bench.ThroughputBenchmark.checksum":
  4247.608 ±(99.9%) 29.765 ops/s [Average]
  (min, avg, max) = (4153.736, 4247.608, 4339.166), stdev = 44.550
  CI (99.9%): [4217.843, 4277.372] (assumes normal distribution)

Secondary result "dev.yll.simdjsonjni.bench.ThroughputBenchmark.checksum:gc.alloc.rate":
  0.007 ±(99.9%) 0.001 MB/sec [Average]
  (min, avg, max) = (0.007, 0.007, 0.007), stdev = 0.001
  CI (99.9%): [0.007, 0.007] (assumes normal distribution)

Secondary result "dev.yll.simdjsonjni.bench.ThroughputBenchmark.checksum:gc.alloc.rate.norm":
  1.621 ±(99.9%) 0.011 B/op [Average]
  (min, avg, max) = (1.587, 1.621, 1.658), stdev = 0.017
  CI (99.9%): [1.610, 1.633] (assumes normal distribution)

Secondary result "dev.yll.simdjsonjni.bench.ThroughputBenchmark.checksum:gc.count":
  ≈ 0 counts


# JMH version: 1.37
# VM version: JDK 21.0.12.1, OpenJDK 64-Bit Server VM, 21.0.12.1+1-LTS
# VM invoker: /tmp/toolchain-152522/jdk21/bin/java
# VM options: -Dsimdjson.jni.library=/tmp/simdjson-jni-152522/build/libsimdjson_jni.so -Dsimdjson.data.dir=/tmp/simdjson-jni-152522/data -Xms2g -Xmx2g -XX:+UseG1GC
# Blackhole mode: compiler (auto-detected, use -Djmh.blackhole.autoDetect=false to disable)
# Warmup: 5 iterations, 1 s each
# Measurement: 10 iterations, 1 s each
# Timeout: 10 min per iteration
# Threads: 1 thread, will synchronize iterations
# Benchmark mode: Throughput, ops/time
# Benchmark: dev.yll.simdjsonjni.bench.ThroughputBenchmark.checksum
# Parameters: (dataset = twitterescaped.json, engine = jackson-tree)

# Run progress: 10.00% complete, ETA 00:27:50
# Fork: 1 of 3
# Warmup Iteration   1: 437.363 ops/s
# Warmup Iteration   2: 481.987 ops/s
# Warmup Iteration   3: 507.316 ops/s
# Warmup Iteration   4: 515.575 ops/s
# Warmup Iteration   5: 517.900 ops/s
Iteration   1: 510.953 ops/s
                 gc.alloc.rate:      741.825 MB/sec
                 gc.alloc.rate.norm: 1522695.531 B/op
                 gc.count:           1.000 counts
                 gc.time:            3.000 ms

Iteration   2: 515.256 ops/s
                 gc.alloc.rate:      747.952 MB/sec
                 gc.alloc.rate.norm: 1522693.911 B/op
                 gc.count:           1.000 counts
                 gc.time:            3.000 ms

Iteration   3: 515.665 ops/s
                 gc.alloc.rate:      748.620 MB/sec
                 gc.alloc.rate.norm: 1522693.349 B/op
                 gc.count:           ≈ 0 counts

Iteration   4: 511.731 ops/s
                 gc.alloc.rate:      742.862 MB/sec
                 gc.alloc.rate.norm: 1522693.563 B/op
                 gc.count:           1.000 counts
                 gc.time:            3.000 ms

Iteration   5: 515.701 ops/s
                 gc.alloc.rate:      748.732 MB/sec
                 gc.alloc.rate.norm: 1522693.349 B/op
                 gc.count:           ≈ 0 counts

Iteration   6: 509.741 ops/s
                 gc.alloc.rate:      740.085 MB/sec
                 gc.alloc.rate.norm: 1522712.204 B/op
                 gc.count:           1.000 counts
                 gc.time:            3.000 ms

Iteration   7: 525.398 ops/s
                 gc.alloc.rate:      762.785 MB/sec
                 gc.alloc.rate.norm: 1522653.202 B/op
                 gc.count:           1.000 counts
                 gc.time:            3.000 ms

Iteration   8: 514.731 ops/s
                 gc.alloc.rate:      747.303 MB/sec
                 gc.alloc.rate.norm: 1522653.654 B/op
                 gc.count:           ≈ 0 counts

Iteration   9: 526.721 ops/s
                 gc.alloc.rate:      764.706 MB/sec
                 gc.alloc.rate.norm: 1522653.176 B/op
                 gc.count:           1.000 counts
                 gc.time:            2.000 ms

Iteration  10: 514.554 ops/s
                 gc.alloc.rate:      746.969 MB/sec
                 gc.alloc.rate.norm: 1522653.375 B/op
                 gc.count:           ≈ 0 counts


# Run progress: 10.83% complete, ETA 00:27:35
# Fork: 2 of 3
# Warmup Iteration   1: 420.399 ops/s
# Warmup Iteration   2: 481.402 ops/s
# Warmup Iteration   3: 499.251 ops/s
# Warmup Iteration   4: 510.241 ops/s
# Warmup Iteration   5: 512.825 ops/s
Iteration   1: 504.157 ops/s
                 gc.alloc.rate:      731.960 MB/sec
                 gc.alloc.rate.norm: 1522695.747 B/op
                 gc.count:           1.000 counts
                 gc.time:            3.000 ms

Iteration   2: 517.110 ops/s
                 gc.alloc.rate:      750.621 MB/sec
                 gc.alloc.rate.norm: 1522693.776 B/op
                 gc.count:           ≈ 0 counts

Iteration   3: 501.043 ops/s
                 gc.alloc.rate:      727.394 MB/sec
                 gc.alloc.rate.norm: 1522693.833 B/op
                 gc.count:           1.000 counts
                 gc.time:            3.000 ms

Iteration   4: 516.315 ops/s
                 gc.alloc.rate:      749.523 MB/sec
                 gc.alloc.rate.norm: 1522693.431 B/op
                 gc.count:           1.000 counts
                 gc.time:            3.000 ms

Iteration   5: 505.456 ops/s
                 gc.alloc.rate:      733.850 MB/sec
                 gc.alloc.rate.norm: 1522693.613 B/op
                 gc.count:           ≈ 0 counts

Iteration   6: 508.716 ops/s
                 gc.alloc.rate:      738.578 MB/sec
                 gc.alloc.rate.norm: 1522686.963 B/op
                 gc.count:           1.000 counts
                 gc.time:            3.000 ms

Iteration   7: 520.536 ops/s
                 gc.alloc.rate:      755.733 MB/sec
                 gc.alloc.rate.norm: 1522660.868 B/op
                 gc.count:           ≈ 0 counts

Iteration   8: 507.772 ops/s
                 gc.alloc.rate:      737.205 MB/sec
                 gc.alloc.rate.norm: 1522675.795 B/op
                 gc.count:           1.000 counts
                 gc.time:            3.000 ms

Iteration   9: 510.443 ops/s
                 gc.alloc.rate:      741.074 MB/sec
                 gc.alloc.rate.norm: 1522653.589 B/op
                 gc.count:           1.000 counts
                 gc.time:            3.000 ms

Iteration  10: 521.878 ops/s
                 gc.alloc.rate:      757.531 MB/sec
                 gc.alloc.rate.norm: 1522653.195 B/op
                 gc.count:           ≈ 0 counts


# Run progress: 11.67% complete, ETA 00:27:19
# Fork: 3 of 3
# Warmup Iteration   1: 434.626 ops/s
# Warmup Iteration   2: 472.879 ops/s
# Warmup Iteration   3: 501.996 ops/s
# Warmup Iteration   4: 517.372 ops/s
# Warmup Iteration   5: 519.720 ops/s
Iteration   1: 504.800 ops/s
                 gc.alloc.rate:      732.896 MB/sec
                 gc.alloc.rate.norm: 1522695.747 B/op
                 gc.count:           1.000 counts
                 gc.time:            2.000 ms

Iteration   2: 511.424 ops/s
                 gc.alloc.rate:      742.366 MB/sec
                 gc.alloc.rate.norm: 1522693.938 B/op
                 gc.count:           ≈ 0 counts

Iteration   3: 510.568 ops/s
                 gc.alloc.rate:      741.219 MB/sec
                 gc.alloc.rate.norm: 1522693.589 B/op
                 gc.count:           1.000 counts
                 gc.time:            3.000 ms

Iteration   4: 502.339 ops/s
                 gc.alloc.rate:      729.231 MB/sec
                 gc.alloc.rate.norm: 1522693.805 B/op
                 gc.count:           1.000 counts
                 gc.time:            3.000 ms

Iteration   5: 519.018 ops/s
                 gc.alloc.rate:      753.549 MB/sec
                 gc.alloc.rate.norm: 1522693.246 B/op
                 gc.count:           ≈ 0 counts

Iteration   6: 505.339 ops/s
                 gc.alloc.rate:      733.686 MB/sec
                 gc.alloc.rate.norm: 1522693.138 B/op
                 gc.count:           1.000 counts
                 gc.time:            3.000 ms

Iteration   7: 508.965 ops/s
                 gc.alloc.rate:      738.932 MB/sec
                 gc.alloc.rate.norm: 1522653.589 B/op
                 gc.count:           1.000 counts
                 gc.time:            3.000 ms

Iteration   8: 521.376 ops/s
                 gc.alloc.rate:      756.964 MB/sec
                 gc.alloc.rate.norm: 1522674.728 B/op
                 gc.count:           ≈ 0 counts

Iteration   9: 507.490 ops/s
                 gc.alloc.rate:      736.791 MB/sec
                 gc.alloc.rate.norm: 1522653.669 B/op
                 gc.count:           1.000 counts
                 gc.time:            3.000 ms

Iteration  10: 508.205 ops/s
                 gc.alloc.rate:      737.784 MB/sec
                 gc.alloc.rate.norm: 1522653.532 B/op
                 gc.count:           ≈ 0 counts



Result "dev.yll.simdjsonjni.bench.ThroughputBenchmark.checksum":
  512.447 ±(99.9%) 4.459 ops/s [Average]
  (min, avg, max) = (501.043, 512.447, 526.721), stdev = 6.674
  CI (99.9%): [507.987, 516.906] (assumes normal distribution)

Secondary result "dev.yll.simdjsonjni.bench.ThroughputBenchmark.checksum:gc.alloc.rate":
  743.958 ±(99.9%) 6.469 MB/sec [Average]
  (min, avg, max) = (727.394, 743.958, 764.706), stdev = 9.682
  CI (99.9%): [737.489, 750.426] (assumes normal distribution)

Secondary result "dev.yll.simdjsonjni.bench.ThroughputBenchmark.checksum:gc.alloc.rate.norm":
  1522679.837 ±(99.9%) 13.000 B/op [Average]
  (min, avg, max) = (1522653.176, 1522679.837, 1522712.204), stdev = 19.458
  CI (99.9%): [1522666.837, 1522692.837] (assumes normal distribution)

Secondary result "dev.yll.simdjsonjni.bench.ThroughputBenchmark.checksum:gc.count":
  18.000 ±(99.9%) 0.001 counts [Sum]
  (min, avg, max) = (≈ 0, 0.600, 1.000), stdev = 0.498
  CI (99.9%): [18.000, 18.000] (assumes normal distribution)

Secondary result "dev.yll.simdjsonjni.bench.ThroughputBenchmark.checksum:gc.time":
  52.000 ±(99.9%) 0.001 ms [Sum]
  (min, avg, max) = (≈ 0, 1.733, 3.000), stdev = 1.461
  CI (99.9%): [52.000, 52.000] (assumes normal distribution)


# JMH version: 1.37
# VM version: JDK 21.0.12.1, OpenJDK 64-Bit Server VM, 21.0.12.1+1-LTS
# VM invoker: /tmp/toolchain-152522/jdk21/bin/java
# VM options: -Dsimdjson.jni.library=/tmp/simdjson-jni-152522/build/libsimdjson_jni.so -Dsimdjson.data.dir=/tmp/simdjson-jni-152522/data -Xms2g -Xmx2g -XX:+UseG1GC
# Blackhole mode: compiler (auto-detected, use -Djmh.blackhole.autoDetect=false to disable)
# Warmup: 5 iterations, 1 s each
# Measurement: 10 iterations, 1 s each
# Timeout: 10 min per iteration
# Threads: 1 thread, will synchronize iterations
# Benchmark mode: Throughput, ops/time
# Benchmark: dev.yll.simdjsonjni.bench.ThroughputBenchmark.checksum
# Parameters: (dataset = twitterescaped.json, engine = jackson-stream)

# Run progress: 12.50% complete, ETA 00:27:03
# Fork: 1 of 3
# Warmup Iteration   1: 758.718 ops/s
# Warmup Iteration   2: 821.052 ops/s
# Warmup Iteration   3: 800.492 ops/s
# Warmup Iteration   4: 821.270 ops/s
# Warmup Iteration   5: 801.650 ops/s
Iteration   1: 803.419 ops/s
                 gc.alloc.rate:      0.999 MB/sec
                 gc.alloc.rate.norm: 1304.567 B/op
                 gc.count:           ≈ 0 counts

Iteration   2: 822.008 ops/s
                 gc.alloc.rate:      1.014 MB/sec
                 gc.alloc.rate.norm: 1293.609 B/op
                 gc.count:           ≈ 0 counts

Iteration   3: 801.380 ops/s
                 gc.alloc.rate:      0.966 MB/sec
                 gc.alloc.rate.norm: 1264.589 B/op
                 gc.count:           ≈ 0 counts

Iteration   4: 802.039 ops/s
                 gc.alloc.rate:      0.967 MB/sec
                 gc.alloc.rate.norm: 1264.578 B/op
                 gc.count:           ≈ 0 counts

Iteration   5: 821.457 ops/s
                 gc.alloc.rate:      0.990 MB/sec
                 gc.alloc.rate.norm: 1264.380 B/op
                 gc.count:           ≈ 0 counts

Iteration   6: 802.906 ops/s
                 gc.alloc.rate:      0.968 MB/sec
                 gc.alloc.rate.norm: 1264.578 B/op
                 gc.count:           ≈ 0 counts

Iteration   7: 802.727 ops/s
                 gc.alloc.rate:      0.968 MB/sec
                 gc.alloc.rate.norm: 1264.578 B/op
                 gc.count:           ≈ 0 counts

Iteration   8: 813.063 ops/s
                 gc.alloc.rate:      0.980 MB/sec
                 gc.alloc.rate.norm: 1264.462 B/op
                 gc.count:           ≈ 0 counts

Iteration   9: 812.231 ops/s
                 gc.alloc.rate:      0.979 MB/sec
                 gc.alloc.rate.norm: 1264.472 B/op
                 gc.count:           ≈ 0 counts

Iteration  10: 803.049 ops/s
                 gc.alloc.rate:      0.968 MB/sec
                 gc.alloc.rate.norm: 1264.567 B/op
                 gc.count:           ≈ 0 counts


# Run progress: 13.33% complete, ETA 00:26:48
# Fork: 2 of 3
# Warmup Iteration   1: 757.719 ops/s
# Warmup Iteration   2: 787.005 ops/s
# Warmup Iteration   3: 776.777 ops/s
# Warmup Iteration   4: 797.212 ops/s
# Warmup Iteration   5: 778.999 ops/s
Iteration   1: 780.396 ops/s
                 gc.alloc.rate:      0.971 MB/sec
                 gc.alloc.rate.norm: 1304.819 B/op
                 gc.count:           ≈ 0 counts

Iteration   2: 789.250 ops/s
                 gc.alloc.rate:      0.979 MB/sec
                 gc.alloc.rate.norm: 1301.428 B/op
                 gc.count:           ≈ 0 counts

Iteration   3: 789.313 ops/s
                 gc.alloc.rate:      0.952 MB/sec
                 gc.alloc.rate.norm: 1264.901 B/op
                 gc.count:           ≈ 0 counts

Iteration   4: 789.716 ops/s
                 gc.alloc.rate:      0.952 MB/sec
                 gc.alloc.rate.norm: 1264.719 B/op
                 gc.count:           ≈ 0 counts

Iteration   5: 789.995 ops/s
                 gc.alloc.rate:      0.953 MB/sec
                 gc.alloc.rate.norm: 1264.708 B/op
                 gc.count:           ≈ 0 counts

Iteration   6: 780.301 ops/s
                 gc.alloc.rate:      0.941 MB/sec
                 gc.alloc.rate.norm: 1264.819 B/op
                 gc.count:           ≈ 0 counts

Iteration   7: 780.296 ops/s
                 gc.alloc.rate:      0.941 MB/sec
                 gc.alloc.rate.norm: 1264.819 B/op
                 gc.count:           ≈ 0 counts

Iteration   8: 799.089 ops/s
                 gc.alloc.rate:      0.964 MB/sec
                 gc.alloc.rate.norm: 1264.610 B/op
                 gc.count:           ≈ 0 counts

Iteration   9: 779.741 ops/s
                 gc.alloc.rate:      0.940 MB/sec
                 gc.alloc.rate.norm: 1264.831 B/op
                 gc.count:           ≈ 0 counts

Iteration  10: 789.651 ops/s
                 gc.alloc.rate:      0.952 MB/sec
                 gc.alloc.rate.norm: 1264.719 B/op
                 gc.count:           ≈ 0 counts


# Run progress: 14.17% complete, ETA 00:26:33
# Fork: 3 of 3
# Warmup Iteration   1: 766.432 ops/s
# Warmup Iteration   2: 796.457 ops/s
# Warmup Iteration   3: 806.339 ops/s
# Warmup Iteration   4: 806.950 ops/s
# Warmup Iteration   5: 807.440 ops/s
Iteration   1: 808.270 ops/s
                 gc.alloc.rate:      1.005 MB/sec
                 gc.alloc.rate.norm: 1304.514 B/op
                 gc.count:           ≈ 0 counts

Iteration   2: 807.533 ops/s
                 gc.alloc.rate:      0.997 MB/sec
                 gc.alloc.rate.norm: 1295.000 B/op
                 gc.count:           ≈ 0 counts

Iteration   3: 798.518 ops/s
                 gc.alloc.rate:      0.963 MB/sec
                 gc.alloc.rate.norm: 1264.621 B/op
                 gc.count:           ≈ 0 counts

Iteration   4: 797.763 ops/s
                 gc.alloc.rate:      0.962 MB/sec
                 gc.alloc.rate.norm: 1264.632 B/op
                 gc.count:           ≈ 0 counts

Iteration   5: 808.257 ops/s
                 gc.alloc.rate:      0.975 MB/sec
                 gc.alloc.rate.norm: 1264.514 B/op
                 gc.count:           ≈ 0 counts

Iteration   6: 807.121 ops/s
                 gc.alloc.rate:      0.973 MB/sec
                 gc.alloc.rate.norm: 1264.525 B/op
                 gc.count:           ≈ 0 counts

Iteration   7: 808.031 ops/s
                 gc.alloc.rate:      0.974 MB/sec
                 gc.alloc.rate.norm: 1264.514 B/op
                 gc.count:           ≈ 0 counts

Iteration   8: 799.753 ops/s
                 gc.alloc.rate:      0.964 MB/sec
                 gc.alloc.rate.norm: 1264.610 B/op
                 gc.count:           ≈ 0 counts

Iteration   9: 808.116 ops/s
                 gc.alloc.rate:      0.974 MB/sec
                 gc.alloc.rate.norm: 1264.514 B/op
                 gc.count:           ≈ 0 counts

Iteration  10: 788.531 ops/s
                 gc.alloc.rate:      0.951 MB/sec
                 gc.alloc.rate.norm: 1264.730 B/op
                 gc.count:           ≈ 0 counts



Result "dev.yll.simdjsonjni.bench.ThroughputBenchmark.checksum":
  799.464 ±(99.9%) 7.775 ops/s [Average]
  (min, avg, max) = (779.741, 799.464, 822.008), stdev = 11.637
  CI (99.9%): [791.689, 807.239] (assumes normal distribution)

Secondary result "dev.yll.simdjsonjni.bench.ThroughputBenchmark.checksum:gc.alloc.rate":
  0.970 ±(99.9%) 0.012 MB/sec [Average]
  (min, avg, max) = (0.940, 0.970, 1.014), stdev = 0.019
  CI (99.9%): [0.957, 0.982] (assumes normal distribution)

Secondary result "dev.yll.simdjsonjni.bench.ThroughputBenchmark.checksum:gc.alloc.rate.norm":
  1271.831 ±(99.9%) 9.896 B/op [Average]
  (min, avg, max) = (1264.380, 1271.831, 1304.819), stdev = 14.811
  CI (99.9%): [1261.935, 1281.727] (assumes normal distribution)

Secondary result "dev.yll.simdjsonjni.bench.ThroughputBenchmark.checksum:gc.count":
  ≈ 0 counts


# JMH version: 1.37
# VM version: JDK 21.0.12.1, OpenJDK 64-Bit Server VM, 21.0.12.1+1-LTS
# VM invoker: /tmp/toolchain-152522/jdk21/bin/java
# VM options: -Dsimdjson.jni.library=/tmp/simdjson-jni-152522/build/libsimdjson_jni.so -Dsimdjson.data.dir=/tmp/simdjson-jni-152522/data -Xms2g -Xmx2g -XX:+UseG1GC
# Blackhole mode: compiler (auto-detected, use -Djmh.blackhole.autoDetect=false to disable)
# Warmup: 5 iterations, 1 s each
# Measurement: 10 iterations, 1 s each
# Timeout: 10 min per iteration
# Threads: 1 thread, will synchronize iterations
# Benchmark mode: Throughput, ops/time
# Benchmark: dev.yll.simdjsonjni.bench.ThroughputBenchmark.checksum
# Parameters: (dataset = twitterescaped.json, engine = simdjson-jni-copy)

# Run progress: 15.00% complete, ETA 00:26:17
# Fork: 1 of 3
# Warmup Iteration   1: 1972.451 ops/s
# Warmup Iteration   2: 1963.989 ops/s
# Warmup Iteration   3: 1967.302 ops/s
# Warmup Iteration   4: 1968.564 ops/s
# Warmup Iteration   5: 1947.509 ops/s
Iteration   1: 1975.676 ops/s
                 gc.alloc.rate:      0.007 MB/sec
                 gc.alloc.rate.norm: 3.484 B/op
                 gc.count:           ≈ 0 counts

Iteration   2: 1966.887 ops/s
                 gc.alloc.rate:      0.007 MB/sec
                 gc.alloc.rate.norm: 3.500 B/op
                 gc.count:           ≈ 0 counts

Iteration   3: 1945.149 ops/s
                 gc.alloc.rate:      0.007 MB/sec
                 gc.alloc.rate.norm: 3.540 B/op
                 gc.count:           ≈ 0 counts

Iteration   4: 1993.110 ops/s
                 gc.alloc.rate:      0.007 MB/sec
                 gc.alloc.rate.norm: 3.454 B/op
                 gc.count:           ≈ 0 counts

Iteration   5: 1936.309 ops/s
                 gc.alloc.rate:      0.007 MB/sec
                 gc.alloc.rate.norm: 3.556 B/op
                 gc.count:           ≈ 0 counts

Iteration   6: 1961.531 ops/s
                 gc.alloc.rate:      0.007 MB/sec
                 gc.alloc.rate.norm: 3.511 B/op
                 gc.count:           ≈ 0 counts

Iteration   7: 1958.447 ops/s
                 gc.alloc.rate:      0.007 MB/sec
                 gc.alloc.rate.norm: 3.516 B/op
                 gc.count:           ≈ 0 counts

Iteration   8: 1939.439 ops/s
                 gc.alloc.rate:      0.007 MB/sec
                 gc.alloc.rate.norm: 3.551 B/op
                 gc.count:           ≈ 0 counts

Iteration   9: 1984.420 ops/s
                 gc.alloc.rate:      0.007 MB/sec
                 gc.alloc.rate.norm: 3.470 B/op
                 gc.count:           ≈ 0 counts

Iteration  10: 1935.914 ops/s
                 gc.alloc.rate:      0.007 MB/sec
                 gc.alloc.rate.norm: 3.556 B/op
                 gc.count:           ≈ 0 counts


# Run progress: 15.83% complete, ETA 00:26:02
# Fork: 2 of 3
# Warmup Iteration   1: 1950.323 ops/s
# Warmup Iteration   2: 1999.857 ops/s
# Warmup Iteration   3: 1978.055 ops/s
# Warmup Iteration   4: 1946.594 ops/s
# Warmup Iteration   5: 1995.963 ops/s
Iteration   1: 1947.104 ops/s
                 gc.alloc.rate:      0.007 MB/sec
                 gc.alloc.rate.norm: 3.536 B/op
                 gc.count:           ≈ 0 counts

Iteration   2: 1948.804 ops/s
                 gc.alloc.rate:      0.007 MB/sec
                 gc.alloc.rate.norm: 3.534 B/op
                 gc.count:           ≈ 0 counts

Iteration   3: 1995.912 ops/s
                 gc.alloc.rate:      0.007 MB/sec
                 gc.alloc.rate.norm: 3.449 B/op
                 gc.count:           ≈ 0 counts

Iteration   4: 1948.633 ops/s
                 gc.alloc.rate:      0.007 MB/sec
                 gc.alloc.rate.norm: 3.534 B/op
                 gc.count:           ≈ 0 counts

Iteration   5: 1974.606 ops/s
                 gc.alloc.rate:      0.007 MB/sec
                 gc.alloc.rate.norm: 3.488 B/op
                 gc.count:           ≈ 0 counts

Iteration   6: 1972.442 ops/s
                 gc.alloc.rate:      0.007 MB/sec
                 gc.alloc.rate.norm: 3.491 B/op
                 gc.count:           ≈ 0 counts

Iteration   7: 1973.794 ops/s
                 gc.alloc.rate:      0.007 MB/sec
                 gc.alloc.rate.norm: 3.489 B/op
                 gc.count:           ≈ 0 counts

Iteration   8: 1971.585 ops/s
                 gc.alloc.rate:      0.007 MB/sec
                 gc.alloc.rate.norm: 3.493 B/op
                 gc.count:           ≈ 0 counts

Iteration   9: 1951.740 ops/s
                 gc.alloc.rate:      0.007 MB/sec
                 gc.alloc.rate.norm: 3.529 B/op
                 gc.count:           ≈ 0 counts

Iteration  10: 1972.368 ops/s
                 gc.alloc.rate:      0.007 MB/sec
                 gc.alloc.rate.norm: 3.491 B/op
                 gc.count:           ≈ 0 counts


# Run progress: 16.67% complete, ETA 00:25:46
# Fork: 3 of 3
# Warmup Iteration   1: 1999.778 ops/s
# Warmup Iteration   2: 1952.745 ops/s
# Warmup Iteration   3: 1945.408 ops/s
# Warmup Iteration   4: 1999.734 ops/s
# Warmup Iteration   5: 1954.699 ops/s
Iteration   1: 1976.062 ops/s
                 gc.alloc.rate:      0.007 MB/sec
                 gc.alloc.rate.norm: 3.484 B/op
                 gc.count:           ≈ 0 counts

Iteration   2: 1976.741 ops/s
                 gc.alloc.rate:      0.007 MB/sec
                 gc.alloc.rate.norm: 3.484 B/op
                 gc.count:           ≈ 0 counts

Iteration   3: 1979.195 ops/s
                 gc.alloc.rate:      0.007 MB/sec
                 gc.alloc.rate.norm: 3.479 B/op
                 gc.count:           ≈ 0 counts

Iteration   4: 1976.118 ops/s
                 gc.alloc.rate:      0.007 MB/sec
                 gc.alloc.rate.norm: 3.484 B/op
                 gc.count:           ≈ 0 counts

Iteration   5: 1974.253 ops/s
                 gc.alloc.rate:      0.007 MB/sec
                 gc.alloc.rate.norm: 3.488 B/op
                 gc.count:           ≈ 0 counts

Iteration   6: 1949.281 ops/s
                 gc.alloc.rate:      0.007 MB/sec
                 gc.alloc.rate.norm: 3.532 B/op
                 gc.count:           ≈ 0 counts

Iteration   7: 1998.688 ops/s
                 gc.alloc.rate:      0.007 MB/sec
                 gc.alloc.rate.norm: 3.446 B/op
                 gc.count:           ≈ 0 counts

Iteration   8: 1997.902 ops/s
                 gc.alloc.rate:      0.007 MB/sec
                 gc.alloc.rate.norm: 3.446 B/op
                 gc.count:           ≈ 0 counts

Iteration   9: 1949.997 ops/s
                 gc.alloc.rate:      0.007 MB/sec
                 gc.alloc.rate.norm: 3.530 B/op
                 gc.count:           ≈ 0 counts

Iteration  10: 1997.033 ops/s
                 gc.alloc.rate:      0.007 MB/sec
                 gc.alloc.rate.norm: 3.447 B/op
                 gc.count:           ≈ 0 counts



Result "dev.yll.simdjsonjni.bench.ThroughputBenchmark.checksum":
  1967.638 ±(99.9%) 12.736 ops/s [Average]
  (min, avg, max) = (1935.914, 1967.638, 1998.688), stdev = 19.063
  CI (99.9%): [1954.902, 1980.374] (assumes normal distribution)

Secondary result "dev.yll.simdjsonjni.bench.ThroughputBenchmark.checksum:gc.alloc.rate":
  0.007 ±(99.9%) 0.001 MB/sec [Average]
  (min, avg, max) = (0.007, 0.007, 0.007), stdev = 0.001
  CI (99.9%): [0.007, 0.007] (assumes normal distribution)

Secondary result "dev.yll.simdjsonjni.bench.ThroughputBenchmark.checksum:gc.alloc.rate.norm":
  3.500 ±(99.9%) 0.023 B/op [Average]
  (min, avg, max) = (3.446, 3.500, 3.556), stdev = 0.034
  CI (99.9%): [3.477, 3.522] (assumes normal distribution)

Secondary result "dev.yll.simdjsonjni.bench.ThroughputBenchmark.checksum:gc.count":
  ≈ 0 counts


# JMH version: 1.37
# VM version: JDK 21.0.12.1, OpenJDK 64-Bit Server VM, 21.0.12.1+1-LTS
# VM invoker: /tmp/toolchain-152522/jdk21/bin/java
# VM options: -Dsimdjson.jni.library=/tmp/simdjson-jni-152522/build/libsimdjson_jni.so -Dsimdjson.data.dir=/tmp/simdjson-jni-152522/data -Xms2g -Xmx2g -XX:+UseG1GC
# Blackhole mode: compiler (auto-detected, use -Djmh.blackhole.autoDetect=false to disable)
# Warmup: 5 iterations, 1 s each
# Measurement: 10 iterations, 1 s each
# Timeout: 10 min per iteration
# Threads: 1 thread, will synchronize iterations
# Benchmark mode: Throughput, ops/time
# Benchmark: dev.yll.simdjsonjni.bench.ThroughputBenchmark.checksum
# Parameters: (dataset = twitterescaped.json, engine = simdjson-jni-direct)

# Run progress: 17.50% complete, ETA 00:25:30
# Fork: 1 of 3
# Warmup Iteration   1: 2057.161 ops/s
# Warmup Iteration   2: 2032.440 ops/s
# Warmup Iteration   3: 2029.074 ops/s
# Warmup Iteration   4: 2028.100 ops/s
# Warmup Iteration   5: 2000.568 ops/s
Iteration   1: 2030.294 ops/s
                 gc.alloc.rate:      0.007 MB/sec
                 gc.alloc.rate.norm: 3.391 B/op
                 gc.count:           ≈ 0 counts

Iteration   2: 2029.354 ops/s
                 gc.alloc.rate:      0.007 MB/sec
                 gc.alloc.rate.norm: 3.393 B/op
                 gc.count:           ≈ 0 counts

Iteration   3: 2003.535 ops/s
                 gc.alloc.rate:      0.007 MB/sec
                 gc.alloc.rate.norm: 3.437 B/op
                 gc.count:           ≈ 0 counts

Iteration   4: 2052.028 ops/s
                 gc.alloc.rate:      0.007 MB/sec
                 gc.alloc.rate.norm: 3.355 B/op
                 gc.count:           ≈ 0 counts

Iteration   5: 2004.772 ops/s
                 gc.alloc.rate:      0.007 MB/sec
                 gc.alloc.rate.norm: 3.434 B/op
                 gc.count:           ≈ 0 counts

Iteration   6: 2029.965 ops/s
                 gc.alloc.rate:      0.007 MB/sec
                 gc.alloc.rate.norm: 3.391 B/op
                 gc.count:           ≈ 0 counts

Iteration   7: 2029.385 ops/s
                 gc.alloc.rate:      0.007 MB/sec
                 gc.alloc.rate.norm: 3.393 B/op
                 gc.count:           ≈ 0 counts

Iteration   8: 2005.443 ops/s
                 gc.alloc.rate:      0.007 MB/sec
                 gc.alloc.rate.norm: 3.434 B/op
                 gc.count:           ≈ 0 counts

Iteration   9: 2027.649 ops/s
                 gc.alloc.rate:      0.007 MB/sec
                 gc.alloc.rate.norm: 3.396 B/op
                 gc.count:           ≈ 0 counts

Iteration  10: 2025.722 ops/s
                 gc.alloc.rate:      0.007 MB/sec
                 gc.alloc.rate.norm: 3.400 B/op
                 gc.count:           ≈ 0 counts


# Run progress: 18.33% complete, ETA 00:25:15
# Fork: 2 of 3
# Warmup Iteration   1: 2009.629 ops/s
# Warmup Iteration   2: 2013.631 ops/s
# Warmup Iteration   3: 2057.278 ops/s
# Warmup Iteration   4: 2006.205 ops/s
# Warmup Iteration   5: 2008.277 ops/s
Iteration   1: 2056.512 ops/s
                 gc.alloc.rate:      0.007 MB/sec
                 gc.alloc.rate.norm: 3.349 B/op
                 gc.count:           ≈ 0 counts

Iteration   2: 2002.187 ops/s
                 gc.alloc.rate:      0.007 MB/sec
                 gc.alloc.rate.norm: 3.439 B/op
                 gc.count:           ≈ 0 counts

Iteration   3: 2007.296 ops/s
                 gc.alloc.rate:      0.007 MB/sec
                 gc.alloc.rate.norm: 3.430 B/op
                 gc.count:           ≈ 0 counts

Iteration   4: 2056.552 ops/s
                 gc.alloc.rate:      0.007 MB/sec
                 gc.alloc.rate.norm: 3.349 B/op
                 gc.count:           ≈ 0 counts

Iteration   5: 2005.036 ops/s
                 gc.alloc.rate:      0.007 MB/sec
                 gc.alloc.rate.norm: 3.434 B/op
                 gc.count:           ≈ 0 counts

Iteration   6: 2020.115 ops/s
                 gc.alloc.rate:      0.007 MB/sec
                 gc.alloc.rate.norm: 3.408 B/op
                 gc.count:           ≈ 0 counts

Iteration   7: 2047.171 ops/s
                 gc.alloc.rate:      0.007 MB/sec
                 gc.alloc.rate.norm: 3.363 B/op
                 gc.count:           ≈ 0 counts

Iteration   8: 2002.194 ops/s
                 gc.alloc.rate:      0.007 MB/sec
                 gc.alloc.rate.norm: 3.439 B/op
                 gc.count:           ≈ 0 counts

Iteration   9: 2006.812 ops/s
                 gc.alloc.rate:      0.007 MB/sec
                 gc.alloc.rate.norm: 3.432 B/op
                 gc.count:           ≈ 0 counts

Iteration  10: 2057.149 ops/s
                 gc.alloc.rate:      0.007 MB/sec
                 gc.alloc.rate.norm: 3.347 B/op
                 gc.count:           ≈ 0 counts


# Run progress: 19.17% complete, ETA 00:24:59
# Fork: 3 of 3
# Warmup Iteration   1: 2062.499 ops/s
# Warmup Iteration   2: 2011.363 ops/s
# Warmup Iteration   3: 2055.327 ops/s
# Warmup Iteration   4: 2014.012 ops/s
# Warmup Iteration   5: 2012.966 ops/s
Iteration   1: 2059.834 ops/s
                 gc.alloc.rate:      0.007 MB/sec
                 gc.alloc.rate.norm: 3.344 B/op
                 gc.count:           ≈ 0 counts

Iteration   2: 2010.071 ops/s
                 gc.alloc.rate:      0.007 MB/sec
                 gc.alloc.rate.norm: 3.425 B/op
                 gc.count:           ≈ 0 counts

Iteration   3: 2060.594 ops/s
                 gc.alloc.rate:      0.007 MB/sec
                 gc.alloc.rate.norm: 3.342 B/op
                 gc.count:           ≈ 0 counts

Iteration   4: 2032.651 ops/s
                 gc.alloc.rate:      0.007 MB/sec
                 gc.alloc.rate.norm: 3.388 B/op
                 gc.count:           ≈ 0 counts

Iteration   5: 2057.832 ops/s
                 gc.alloc.rate:      0.007 MB/sec
                 gc.alloc.rate.norm: 3.345 B/op
                 gc.count:           ≈ 0 counts

Iteration   6: 2012.116 ops/s
                 gc.alloc.rate:      0.007 MB/sec
                 gc.alloc.rate.norm: 3.422 B/op
                 gc.count:           ≈ 0 counts

Iteration   7: 2037.840 ops/s
                 gc.alloc.rate:      0.007 MB/sec
                 gc.alloc.rate.norm: 3.380 B/op
                 gc.count:           ≈ 0 counts

Iteration   8: 2034.410 ops/s
                 gc.alloc.rate:      0.007 MB/sec
                 gc.alloc.rate.norm: 3.385 B/op
                 gc.count:           ≈ 0 counts

Iteration   9: 2011.750 ops/s
                 gc.alloc.rate:      0.007 MB/sec
                 gc.alloc.rate.norm: 3.423 B/op
                 gc.count:           ≈ 0 counts

Iteration  10: 2059.601 ops/s
                 gc.alloc.rate:      0.007 MB/sec
                 gc.alloc.rate.norm: 3.344 B/op
                 gc.count:           ≈ 0 counts



Result "dev.yll.simdjsonjni.bench.ThroughputBenchmark.checksum":
  2029.196 ±(99.9%) 14.040 ops/s [Average]
  (min, avg, max) = (2002.187, 2029.196, 2060.594), stdev = 21.014
  CI (99.9%): [2015.156, 2043.235] (assumes normal distribution)

Secondary result "dev.yll.simdjsonjni.bench.ThroughputBenchmark.checksum:gc.alloc.rate":
  0.007 ±(99.9%) 0.001 MB/sec [Average]
  (min, avg, max) = (0.007, 0.007, 0.007), stdev = 0.001
  CI (99.9%): [0.007, 0.007] (assumes normal distribution)

Secondary result "dev.yll.simdjsonjni.bench.ThroughputBenchmark.checksum:gc.alloc.rate.norm":
  3.394 ±(99.9%) 0.023 B/op [Average]
  (min, avg, max) = (3.342, 3.394, 3.439), stdev = 0.035
  CI (99.9%): [3.370, 3.417] (assumes normal distribution)

Secondary result "dev.yll.simdjsonjni.bench.ThroughputBenchmark.checksum:gc.count":
  ≈ 0 counts


# JMH version: 1.37
# VM version: JDK 21.0.12.1, OpenJDK 64-Bit Server VM, 21.0.12.1+1-LTS
# VM invoker: /tmp/toolchain-152522/jdk21/bin/java
# VM options: -Dsimdjson.jni.library=/tmp/simdjson-jni-152522/build/libsimdjson_jni.so -Dsimdjson.data.dir=/tmp/simdjson-jni-152522/data -Xms2g -Xmx2g -XX:+UseG1GC
# Blackhole mode: compiler (auto-detected, use -Djmh.blackhole.autoDetect=false to disable)
# Warmup: 5 iterations, 1 s each
# Measurement: 10 iterations, 1 s each
# Timeout: 10 min per iteration
# Threads: 1 thread, will synchronize iterations
# Benchmark mode: Throughput, ops/time
# Benchmark: dev.yll.simdjsonjni.bench.ThroughputBenchmark.checksum
# Parameters: (dataset = github_events.json, engine = jackson-tree)

# Run progress: 20.00% complete, ETA 00:24:44
# Fork: 1 of 3
# Warmup Iteration   1: 4892.432 ops/s
# Warmup Iteration   2: 5256.843 ops/s
# Warmup Iteration   3: 5786.082 ops/s
# Warmup Iteration   4: 5608.678 ops/s
# Warmup Iteration   5: 5786.463 ops/s
Iteration   1: 5627.351 ops/s
                 gc.alloc.rate:      924.819 MB/sec
                 gc.alloc.rate.norm: 172361.234 B/op
                 gc.count:           1.000 counts
                 gc.time:            3.000 ms

Iteration   2: 5760.108 ops/s
                 gc.alloc.rate:      946.615 MB/sec
                 gc.alloc.rate.norm: 172361.205 B/op
                 gc.count:           1.000 counts
                 gc.time:            3.000 ms

Iteration   3: 5804.567 ops/s
                 gc.alloc.rate:      953.940 MB/sec
                 gc.alloc.rate.norm: 172361.186 B/op
                 gc.count:           ≈ 0 counts

Iteration   4: 5727.548 ops/s
                 gc.alloc.rate:      941.221 MB/sec
                 gc.alloc.rate.norm: 172361.212 B/op
                 gc.count:           1.000 counts
                 gc.time:            3.000 ms

Iteration   5: 5783.138 ops/s
                 gc.alloc.rate:      950.434 MB/sec
                 gc.alloc.rate.norm: 172361.201 B/op
                 gc.count:           1.000 counts
                 gc.time:            3.000 ms

Iteration   6: 5707.002 ops/s
                 gc.alloc.rate:      937.933 MB/sec
                 gc.alloc.rate.norm: 172363.347 B/op
                 gc.count:           1.000 counts
                 gc.time:            2.000 ms

Iteration   7: 5714.754 ops/s
                 gc.alloc.rate:      939.218 MB/sec
                 gc.alloc.rate.norm: 172365.762 B/op
                 gc.count:           ≈ 0 counts

Iteration   8: 5692.331 ops/s
                 gc.alloc.rate:      935.508 MB/sec
                 gc.alloc.rate.norm: 172361.220 B/op
                 gc.count:           1.000 counts
                 gc.time:            3.000 ms

Iteration   9: 5640.136 ops/s
                 gc.alloc.rate:      926.936 MB/sec
                 gc.alloc.rate.norm: 172361.231 B/op
                 gc.count:           1.000 counts
                 gc.time:            3.000 ms

Iteration  10: 5768.989 ops/s
                 gc.alloc.rate:      948.056 MB/sec
                 gc.alloc.rate.norm: 172361.203 B/op
                 gc.count:           1.000 counts
                 gc.time:            3.000 ms


# Run progress: 20.83% complete, ETA 00:24:29
# Fork: 2 of 3
# Warmup Iteration   1: 4877.031 ops/s
# Warmup Iteration   2: 5273.435 ops/s
# Warmup Iteration   3: 5814.573 ops/s
# Warmup Iteration   4: 5640.525 ops/s
# Warmup Iteration   5: 5800.050 ops/s
Iteration   1: 5629.134 ops/s
                 gc.alloc.rate:      925.112 MB/sec
                 gc.alloc.rate.norm: 172361.233 B/op
                 gc.count:           1.000 counts
                 gc.time:            3.000 ms

Iteration   2: 5760.023 ops/s
                 gc.alloc.rate:      946.588 MB/sec
                 gc.alloc.rate.norm: 172361.205 B/op
                 gc.count:           1.000 counts
                 gc.time:            2.000 ms

Iteration   3: 5665.009 ops/s
                 gc.alloc.rate:      931.016 MB/sec
                 gc.alloc.rate.norm: 172361.216 B/op
                 gc.count:           ≈ 0 counts

Iteration   4: 5747.954 ops/s
                 gc.alloc.rate:      944.592 MB/sec
                 gc.alloc.rate.norm: 172361.208 B/op
                 gc.count:           1.000 counts
                 gc.time:            3.000 ms

Iteration   5: 5762.113 ops/s
                 gc.alloc.rate:      946.975 MB/sec
                 gc.alloc.rate.norm: 172361.205 B/op
                 gc.count:           1.000 counts
                 gc.time:            2.000 ms

Iteration   6: 5749.186 ops/s
                 gc.alloc.rate:      944.862 MB/sec
                 gc.alloc.rate.norm: 172363.162 B/op
                 gc.count:           1.000 counts
                 gc.time:            3.000 ms

Iteration   7: 5796.352 ops/s
                 gc.alloc.rate:      952.619 MB/sec
                 gc.alloc.rate.norm: 172365.820 B/op
                 gc.count:           ≈ 0 counts

Iteration   8: 5650.852 ops/s
                 gc.alloc.rate:      928.688 MB/sec
                 gc.alloc.rate.norm: 172361.229 B/op
                 gc.count:           1.000 counts
                 gc.time:            3.000 ms

Iteration   9: 5651.806 ops/s
                 gc.alloc.rate:      928.850 MB/sec
                 gc.alloc.rate.norm: 172361.228 B/op
                 gc.count:           1.000 counts
                 gc.time:            2.000 ms

Iteration  10: 5767.290 ops/s
                 gc.alloc.rate:      947.782 MB/sec
                 gc.alloc.rate.norm: 172361.204 B/op
                 gc.count:           1.000 counts
                 gc.time:            3.000 ms


# Run progress: 21.67% complete, ETA 00:24:13
# Fork: 3 of 3
# Warmup Iteration   1: 4816.490 ops/s
# Warmup Iteration   2: 5282.152 ops/s
# Warmup Iteration   3: 5677.344 ops/s
# Warmup Iteration   4: 5763.632 ops/s
# Warmup Iteration   5: 5674.809 ops/s
Iteration   1: 5662.761 ops/s
                 gc.alloc.rate:      930.649 MB/sec
                 gc.alloc.rate.norm: 172361.226 B/op
                 gc.count:           1.000 counts
                 gc.time:            3.000 ms

Iteration   2: 5765.586 ops/s
                 gc.alloc.rate:      947.511 MB/sec
                 gc.alloc.rate.norm: 172361.204 B/op
                 gc.count:           1.000 counts
                 gc.time:            2.000 ms

Iteration   3: 5699.565 ops/s
                 gc.alloc.rate:      936.697 MB/sec
                 gc.alloc.rate.norm: 172361.208 B/op
                 gc.count:           ≈ 0 counts

Iteration   4: 5784.529 ops/s
                 gc.alloc.rate:      950.605 MB/sec
                 gc.alloc.rate.norm: 172361.200 B/op
                 gc.count:           1.000 counts
                 gc.time:            3.000 ms

Iteration   5: 5765.879 ops/s
                 gc.alloc.rate:      947.602 MB/sec
                 gc.alloc.rate.norm: 172361.204 B/op
                 gc.count:           1.000 counts
                 gc.time:            3.000 ms

Iteration   6: 5675.159 ops/s
                 gc.alloc.rate:      932.693 MB/sec
                 gc.alloc.rate.norm: 172361.223 B/op
                 gc.count:           1.000 counts
                 gc.time:            3.000 ms

Iteration   7: 5682.684 ops/s
                 gc.alloc.rate:      933.921 MB/sec
                 gc.alloc.rate.norm: 172361.336 B/op
                 gc.count:           ≈ 0 counts

Iteration   8: 5606.343 ops/s
                 gc.alloc.rate:      921.377 MB/sec
                 gc.alloc.rate.norm: 172361.238 B/op
                 gc.count:           1.000 counts
                 gc.time:            2.000 ms

Iteration   9: 5769.336 ops/s
                 gc.alloc.rate:      948.160 MB/sec
                 gc.alloc.rate.norm: 172361.203 B/op
                 gc.count:           1.000 counts
                 gc.time:            3.000 ms

Iteration  10: 5645.325 ops/s
                 gc.alloc.rate:      927.720 MB/sec
                 gc.alloc.rate.norm: 172361.230 B/op
                 gc.count:           1.000 counts
                 gc.time:            3.000 ms



Result "dev.yll.simdjsonjni.bench.ThroughputBenchmark.checksum":
  5715.427 ±(99.9%) 39.362 ops/s [Average]
  (min, avg, max) = (5606.343, 5715.427, 5804.567), stdev = 58.915
  CI (99.9%): [5676.065, 5754.789] (assumes normal distribution)

Secondary result "dev.yll.simdjsonjni.bench.ThroughputBenchmark.checksum:gc.alloc.rate":
  939.290 ±(99.9%) 6.465 MB/sec [Average]
  (min, avg, max) = (921.377, 939.290, 953.940), stdev = 9.676
  CI (99.9%): [932.825, 945.755] (assumes normal distribution)

Secondary result "dev.yll.simdjsonjni.bench.ThroughputBenchmark.checksum:gc.alloc.rate.norm":
  172361.659 ±(99.9%) 0.826 B/op [Average]
  (min, avg, max) = (172361.186, 172361.659, 172365.820), stdev = 1.236
  CI (99.9%): [172360.834, 172362.485] (assumes normal distribution)

Secondary result "dev.yll.simdjsonjni.bench.ThroughputBenchmark.checksum:gc.count":
  24.000 ±(99.9%) 0.001 counts [Sum]
  (min, avg, max) = (≈ 0, 0.800, 1.000), stdev = 0.407
  CI (99.9%): [24.000, 24.000] (assumes normal distribution)

Secondary result "dev.yll.simdjsonjni.bench.ThroughputBenchmark.checksum:gc.time":
  66.000 ±(99.9%) 0.001 ms [Sum]
  (min, avg, max) = (≈ 0, 2.200, 3.000), stdev = 1.186
  CI (99.9%): [66.000, 66.000] (assumes normal distribution)


# JMH version: 1.37
# VM version: JDK 21.0.12.1, OpenJDK 64-Bit Server VM, 21.0.12.1+1-LTS
# VM invoker: /tmp/toolchain-152522/jdk21/bin/java
# VM options: -Dsimdjson.jni.library=/tmp/simdjson-jni-152522/build/libsimdjson_jni.so -Dsimdjson.data.dir=/tmp/simdjson-jni-152522/data -Xms2g -Xmx2g -XX:+UseG1GC
# Blackhole mode: compiler (auto-detected, use -Djmh.blackhole.autoDetect=false to disable)
# Warmup: 5 iterations, 1 s each
# Measurement: 10 iterations, 1 s each
# Timeout: 10 min per iteration
# Threads: 1 thread, will synchronize iterations
# Benchmark mode: Throughput, ops/time
# Benchmark: dev.yll.simdjsonjni.bench.ThroughputBenchmark.checksum
# Parameters: (dataset = github_events.json, engine = jackson-stream)

# Run progress: 22.50% complete, ETA 00:23:58
# Fork: 1 of 3
# Warmup Iteration   1: 7772.388 ops/s
# Warmup Iteration   2: 8415.147 ops/s
# Warmup Iteration   3: 8273.824 ops/s
# Warmup Iteration   4: 8356.661 ops/s
# Warmup Iteration   5: 8337.113 ops/s
Iteration   1: 8353.763 ops/s
                 gc.alloc.rate:      7.335 MB/sec
                 gc.alloc.rate.norm: 920.824 B/op
                 gc.count:           ≈ 0 counts

Iteration   2: 8469.054 ops/s
                 gc.alloc.rate:      7.436 MB/sec
                 gc.alloc.rate.norm: 920.813 B/op
                 gc.count:           ≈ 0 counts

Iteration   3: 8235.929 ops/s
                 gc.alloc.rate:      7.273 MB/sec
                 gc.alloc.rate.norm: 926.077 B/op
                 gc.count:           ≈ 0 counts

Iteration   4: 8228.158 ops/s
                 gc.alloc.rate:      7.223 MB/sec
                 gc.alloc.rate.norm: 920.837 B/op
                 gc.count:           ≈ 0 counts

Iteration   5: 8494.007 ops/s
                 gc.alloc.rate:      7.457 MB/sec
                 gc.alloc.rate.norm: 920.811 B/op
                 gc.count:           ≈ 0 counts

Iteration   6: 8309.181 ops/s
                 gc.alloc.rate:      7.296 MB/sec
                 gc.alloc.rate.norm: 920.849 B/op
                 gc.count:           1.000 counts
                 gc.time:            7.000 ms

Iteration   7: 8431.366 ops/s
                 gc.alloc.rate:      7.403 MB/sec
                 gc.alloc.rate.norm: 920.817 B/op
                 gc.count:           ≈ 0 counts

Iteration   8: 8148.666 ops/s
                 gc.alloc.rate:      7.155 MB/sec
                 gc.alloc.rate.norm: 920.858 B/op
                 gc.count:           ≈ 0 counts

Iteration   9: 8496.326 ops/s
                 gc.alloc.rate:      7.459 MB/sec
                 gc.alloc.rate.norm: 920.811 B/op
                 gc.count:           ≈ 0 counts

Iteration  10: 8129.638 ops/s
                 gc.alloc.rate:      7.138 MB/sec
                 gc.alloc.rate.norm: 920.847 B/op
                 gc.count:           ≈ 0 counts


# Run progress: 23.33% complete, ETA 00:23:42
# Fork: 2 of 3
# Warmup Iteration   1: 7439.722 ops/s
# Warmup Iteration   2: 7957.466 ops/s
# Warmup Iteration   3: 7968.781 ops/s
# Warmup Iteration   4: 7855.458 ops/s
# Warmup Iteration   5: 8062.872 ops/s
Iteration   1: 7978.453 ops/s
                 gc.alloc.rate:      7.006 MB/sec
                 gc.alloc.rate.norm: 920.863 B/op
                 gc.count:           ≈ 0 counts

Iteration   2: 8069.643 ops/s
                 gc.alloc.rate:      7.086 MB/sec
                 gc.alloc.rate.norm: 920.853 B/op
                 gc.count:           ≈ 0 counts

Iteration   3: 7967.407 ops/s
                 gc.alloc.rate:      6.997 MB/sec
                 gc.alloc.rate.norm: 920.941 B/op
                 gc.count:           ≈ 0 counts

Iteration   4: 7964.444 ops/s
                 gc.alloc.rate:      6.992 MB/sec
                 gc.alloc.rate.norm: 920.865 B/op
                 gc.count:           ≈ 0 counts

Iteration   5: 8077.081 ops/s
                 gc.alloc.rate:      7.092 MB/sec
                 gc.alloc.rate.norm: 920.853 B/op
                 gc.count:           ≈ 0 counts

Iteration   6: 7824.582 ops/s
                 gc.alloc.rate:      6.871 MB/sec
                 gc.alloc.rate.norm: 920.880 B/op
                 gc.count:           ≈ 0 counts

Iteration   7: 7933.605 ops/s
                 gc.alloc.rate:      6.967 MB/sec
                 gc.alloc.rate.norm: 920.889 B/op
                 gc.count:           1.000 counts
                 gc.time:            7.000 ms

Iteration   8: 8061.581 ops/s
                 gc.alloc.rate:      7.079 MB/sec
                 gc.alloc.rate.norm: 920.867 B/op
                 gc.count:           ≈ 0 counts

Iteration   9: 8070.422 ops/s
                 gc.alloc.rate:      7.087 MB/sec
                 gc.alloc.rate.norm: 920.853 B/op
                 gc.count:           ≈ 0 counts

Iteration  10: 7847.543 ops/s
                 gc.alloc.rate:      6.889 MB/sec
                 gc.alloc.rate.norm: 920.878 B/op
                 gc.count:           ≈ 0 counts


# Run progress: 24.17% complete, ETA 00:23:27
# Fork: 3 of 3
# Warmup Iteration   1: 7734.307 ops/s
# Warmup Iteration   2: 8315.650 ops/s
# Warmup Iteration   3: 8315.379 ops/s
# Warmup Iteration   4: 8202.880 ops/s
# Warmup Iteration   5: 8350.364 ops/s
Iteration   1: 8310.666 ops/s
                 gc.alloc.rate:      7.297 MB/sec
                 gc.alloc.rate.norm: 920.829 B/op
                 gc.count:           ≈ 0 counts

Iteration   2: 8339.118 ops/s
                 gc.alloc.rate:      7.322 MB/sec
                 gc.alloc.rate.norm: 920.826 B/op
                 gc.count:           ≈ 0 counts

Iteration   3: 8311.266 ops/s
                 gc.alloc.rate:      7.298 MB/sec
                 gc.alloc.rate.norm: 920.902 B/op
                 gc.count:           ≈ 0 counts

Iteration   4: 8212.189 ops/s
                 gc.alloc.rate:      7.209 MB/sec
                 gc.alloc.rate.norm: 920.839 B/op
                 gc.count:           ≈ 0 counts

Iteration   5: 8433.392 ops/s
                 gc.alloc.rate:      7.404 MB/sec
                 gc.alloc.rate.norm: 920.817 B/op
                 gc.count:           ≈ 0 counts

Iteration   6: 8082.741 ops/s
                 gc.alloc.rate:      7.097 MB/sec
                 gc.alloc.rate.norm: 920.873 B/op
                 gc.count:           1.000 counts
                 gc.time:            7.000 ms

Iteration   7: 8211.220 ops/s
                 gc.alloc.rate:      7.210 MB/sec
                 gc.alloc.rate.norm: 920.839 B/op
                 gc.count:           ≈ 0 counts

Iteration   8: 8429.166 ops/s
                 gc.alloc.rate:      7.402 MB/sec
                 gc.alloc.rate.norm: 920.829 B/op
                 gc.count:           ≈ 0 counts

Iteration   9: 8162.042 ops/s
                 gc.alloc.rate:      7.166 MB/sec
                 gc.alloc.rate.norm: 920.844 B/op
                 gc.count:           ≈ 0 counts

Iteration  10: 8441.836 ops/s
                 gc.alloc.rate:      7.412 MB/sec
                 gc.alloc.rate.norm: 920.816 B/op
                 gc.count:           ≈ 0 counts



Result "dev.yll.simdjsonjni.bench.ThroughputBenchmark.checksum":
  8200.816 ±(99.9%) 132.067 ops/s [Average]
  (min, avg, max) = (7824.582, 8200.816, 8496.326), stdev = 197.672
  CI (99.9%): [8068.749, 8332.884] (assumes normal distribution)

Secondary result "dev.yll.simdjsonjni.bench.ThroughputBenchmark.checksum:gc.alloc.rate":
  7.202 ±(99.9%) 0.116 MB/sec [Average]
  (min, avg, max) = (6.871, 7.202, 7.459), stdev = 0.174
  CI (99.9%): [7.086, 7.318] (assumes normal distribution)

Secondary result "dev.yll.simdjsonjni.bench.ThroughputBenchmark.checksum:gc.alloc.rate.norm":
  921.023 ±(99.9%) 0.638 B/op [Average]
  (min, avg, max) = (920.811, 921.023, 926.077), stdev = 0.955
  CI (99.9%): [920.385, 921.661] (assumes normal distribution)

Secondary result "dev.yll.simdjsonjni.bench.ThroughputBenchmark.checksum:gc.count":
  3.000 ±(99.9%) 0.001 counts [Sum]
  (min, avg, max) = (≈ 0, 0.100, 1.000), stdev = 0.305
  CI (99.9%): [3.000, 3.000] (assumes normal distribution)

Secondary result "dev.yll.simdjsonjni.bench.ThroughputBenchmark.checksum:gc.time":
  21.000 ±(99.9%) 0.001 ms [Sum]
  (min, avg, max) = (≈ 0, 0.700, 7.000), stdev = 2.136
  CI (99.9%): [21.000, 21.000] (assumes normal distribution)


# JMH version: 1.37
# VM version: JDK 21.0.12.1, OpenJDK 64-Bit Server VM, 21.0.12.1+1-LTS
# VM invoker: /tmp/toolchain-152522/jdk21/bin/java
# VM options: -Dsimdjson.jni.library=/tmp/simdjson-jni-152522/build/libsimdjson_jni.so -Dsimdjson.data.dir=/tmp/simdjson-jni-152522/data -Xms2g -Xmx2g -XX:+UseG1GC
# Blackhole mode: compiler (auto-detected, use -Djmh.blackhole.autoDetect=false to disable)
# Warmup: 5 iterations, 1 s each
# Measurement: 10 iterations, 1 s each
# Timeout: 10 min per iteration
# Threads: 1 thread, will synchronize iterations
# Benchmark mode: Throughput, ops/time
# Benchmark: dev.yll.simdjsonjni.bench.ThroughputBenchmark.checksum
# Parameters: (dataset = github_events.json, engine = simdjson-jni-copy)

# Run progress: 25.00% complete, ETA 00:23:11
# Fork: 1 of 3
# Warmup Iteration   1: 43304.622 ops/s
# Warmup Iteration   2: 43433.110 ops/s
# Warmup Iteration   3: 44111.311 ops/s
# Warmup Iteration   4: 43389.050 ops/s
# Warmup Iteration   5: 43125.078 ops/s
Iteration   1: 43760.562 ops/s
                 gc.alloc.rate:      0.007 MB/sec
                 gc.alloc.rate.norm: 0.157 B/op
                 gc.count:           ≈ 0 counts

Iteration   2: 43272.410 ops/s
                 gc.alloc.rate:      0.007 MB/sec
                 gc.alloc.rate.norm: 0.158 B/op
                 gc.count:           ≈ 0 counts

Iteration   3: 42999.790 ops/s
                 gc.alloc.rate:      0.007 MB/sec
                 gc.alloc.rate.norm: 0.160 B/op
                 gc.count:           ≈ 0 counts

Iteration   4: 44127.645 ops/s
                 gc.alloc.rate:      0.007 MB/sec
                 gc.alloc.rate.norm: 0.156 B/op
                 gc.count:           ≈ 0 counts

Iteration   5: 42923.066 ops/s
                 gc.alloc.rate:      0.007 MB/sec
                 gc.alloc.rate.norm: 0.160 B/op
                 gc.count:           ≈ 0 counts

Iteration   6: 43254.315 ops/s
                 gc.alloc.rate:      0.007 MB/sec
                 gc.alloc.rate.norm: 0.159 B/op
                 gc.count:           ≈ 0 counts

Iteration   7: 44000.023 ops/s
                 gc.alloc.rate:      0.007 MB/sec
                 gc.alloc.rate.norm: 0.156 B/op
                 gc.count:           ≈ 0 counts

Iteration   8: 43162.607 ops/s
                 gc.alloc.rate:      0.007 MB/sec
                 gc.alloc.rate.norm: 0.160 B/op
                 gc.count:           ≈ 0 counts

Iteration   9: 43630.096 ops/s
                 gc.alloc.rate:      0.007 MB/sec
                 gc.alloc.rate.norm: 0.158 B/op
                 gc.count:           ≈ 0 counts

Iteration  10: 43598.150 ops/s
                 gc.alloc.rate:      0.007 MB/sec
                 gc.alloc.rate.norm: 0.158 B/op
                 gc.count:           ≈ 0 counts


# Run progress: 25.83% complete, ETA 00:22:56
# Fork: 2 of 3
# Warmup Iteration   1: 43192.589 ops/s
# Warmup Iteration   2: 43867.549 ops/s
# Warmup Iteration   3: 42662.408 ops/s
# Warmup Iteration   4: 42367.053 ops/s
# Warmup Iteration   5: 43440.521 ops/s
Iteration   1: 42242.936 ops/s
                 gc.alloc.rate:      0.007 MB/sec
                 gc.alloc.rate.norm: 0.163 B/op
                 gc.count:           ≈ 0 counts

Iteration   2: 42392.201 ops/s
                 gc.alloc.rate:      0.007 MB/sec
                 gc.alloc.rate.norm: 0.162 B/op
                 gc.count:           ≈ 0 counts

Iteration   3: 43423.841 ops/s
                 gc.alloc.rate:      0.007 MB/sec
                 gc.alloc.rate.norm: 0.159 B/op
                 gc.count:           ≈ 0 counts

Iteration   4: 42539.913 ops/s
                 gc.alloc.rate:      0.007 MB/sec
                 gc.alloc.rate.norm: 0.162 B/op
                 gc.count:           ≈ 0 counts

Iteration   5: 43460.684 ops/s
                 gc.alloc.rate:      0.007 MB/sec
                 gc.alloc.rate.norm: 0.158 B/op
                 gc.count:           ≈ 0 counts

Iteration   6: 42551.453 ops/s
                 gc.alloc.rate:      0.007 MB/sec
                 gc.alloc.rate.norm: 0.162 B/op
                 gc.count:           ≈ 0 counts

Iteration   7: 42428.737 ops/s
                 gc.alloc.rate:      0.007 MB/sec
                 gc.alloc.rate.norm: 0.162 B/op
                 gc.count:           ≈ 0 counts

Iteration   8: 43423.826 ops/s
                 gc.alloc.rate:      0.007 MB/sec
                 gc.alloc.rate.norm: 0.159 B/op
                 gc.count:           ≈ 0 counts

Iteration   9: 42439.039 ops/s
                 gc.alloc.rate:      0.007 MB/sec
                 gc.alloc.rate.norm: 0.162 B/op
                 gc.count:           ≈ 0 counts

Iteration  10: 42941.870 ops/s
                 gc.alloc.rate:      0.007 MB/sec
                 gc.alloc.rate.norm: 0.160 B/op
                 gc.count:           ≈ 0 counts


# Run progress: 26.67% complete, ETA 00:22:40
# Fork: 3 of 3
# Warmup Iteration   1: 44339.684 ops/s
# Warmup Iteration   2: 42486.041 ops/s
# Warmup Iteration   3: 43314.744 ops/s
# Warmup Iteration   4: 42526.459 ops/s
# Warmup Iteration   5: 43024.628 ops/s
Iteration   1: 42518.162 ops/s
                 gc.alloc.rate:      0.007 MB/sec
                 gc.alloc.rate.norm: 0.162 B/op
                 gc.count:           ≈ 0 counts

Iteration   2: 41970.466 ops/s
                 gc.alloc.rate:      0.007 MB/sec
                 gc.alloc.rate.norm: 0.163 B/op
                 gc.count:           ≈ 0 counts

Iteration   3: 43171.295 ops/s
                 gc.alloc.rate:      0.007 MB/sec
                 gc.alloc.rate.norm: 0.160 B/op
                 gc.count:           ≈ 0 counts

Iteration   4: 42086.845 ops/s
                 gc.alloc.rate:      0.007 MB/sec
                 gc.alloc.rate.norm: 0.164 B/op
                 gc.count:           ≈ 0 counts

Iteration   5: 42543.899 ops/s
                 gc.alloc.rate:      0.007 MB/sec
                 gc.alloc.rate.norm: 0.162 B/op
                 gc.count:           ≈ 0 counts

Iteration   6: 42518.426 ops/s
                 gc.alloc.rate:      0.007 MB/sec
                 gc.alloc.rate.norm: 0.162 B/op
                 gc.count:           ≈ 0 counts

Iteration   7: 41916.654 ops/s
                 gc.alloc.rate:      0.007 MB/sec
                 gc.alloc.rate.norm: 0.164 B/op
                 gc.count:           ≈ 0 counts

Iteration   8: 42980.491 ops/s
                 gc.alloc.rate:      0.007 MB/sec
                 gc.alloc.rate.norm: 0.160 B/op
                 gc.count:           ≈ 0 counts

Iteration   9: 41988.430 ops/s
                 gc.alloc.rate:      0.007 MB/sec
                 gc.alloc.rate.norm: 0.164 B/op
                 gc.count:           ≈ 0 counts

Iteration  10: 42004.692 ops/s
                 gc.alloc.rate:      0.007 MB/sec
                 gc.alloc.rate.norm: 0.164 B/op
                 gc.count:           ≈ 0 counts



Result "dev.yll.simdjsonjni.bench.ThroughputBenchmark.checksum":
  42875.751 ±(99.9%) 423.779 ops/s [Average]
  (min, avg, max) = (41916.654, 42875.751, 44127.645), stdev = 634.293
  CI (99.9%): [42451.971, 43299.530] (assumes normal distribution)

Secondary result "dev.yll.simdjsonjni.bench.ThroughputBenchmark.checksum:gc.alloc.rate":
  0.007 ±(99.9%) 0.001 MB/sec [Average]
  (min, avg, max) = (0.007, 0.007, 0.007), stdev = 0.001
  CI (99.9%): [0.007, 0.007] (assumes normal distribution)

Secondary result "dev.yll.simdjsonjni.bench.ThroughputBenchmark.checksum:gc.alloc.rate.norm":
  0.161 ±(99.9%) 0.002 B/op [Average]
  (min, avg, max) = (0.156, 0.161, 0.164), stdev = 0.002
  CI (99.9%): [0.159, 0.162] (assumes normal distribution)

Secondary result "dev.yll.simdjsonjni.bench.ThroughputBenchmark.checksum:gc.count":
  ≈ 0 counts


# JMH version: 1.37
# VM version: JDK 21.0.12.1, OpenJDK 64-Bit Server VM, 21.0.12.1+1-LTS
# VM invoker: /tmp/toolchain-152522/jdk21/bin/java
# VM options: -Dsimdjson.jni.library=/tmp/simdjson-jni-152522/build/libsimdjson_jni.so -Dsimdjson.data.dir=/tmp/simdjson-jni-152522/data -Xms2g -Xmx2g -XX:+UseG1GC
# Blackhole mode: compiler (auto-detected, use -Djmh.blackhole.autoDetect=false to disable)
# Warmup: 5 iterations, 1 s each
# Measurement: 10 iterations, 1 s each
# Timeout: 10 min per iteration
# Threads: 1 thread, will synchronize iterations
# Benchmark mode: Throughput, ops/time
# Benchmark: dev.yll.simdjsonjni.bench.ThroughputBenchmark.checksum
# Parameters: (dataset = github_events.json, engine = simdjson-jni-direct)

# Run progress: 27.50% complete, ETA 00:22:24
# Fork: 1 of 3
# Warmup Iteration   1: 46159.328 ops/s
# Warmup Iteration   2: 46329.000 ops/s
# Warmup Iteration   3: 44447.892 ops/s
# Warmup Iteration   4: 44959.081 ops/s
# Warmup Iteration   5: 44694.410 ops/s
Iteration   1: 45430.636 ops/s
                 gc.alloc.rate:      0.007 MB/sec
                 gc.alloc.rate.norm: 0.152 B/op
                 gc.count:           ≈ 0 counts

Iteration   2: 45437.574 ops/s
                 gc.alloc.rate:      0.007 MB/sec
                 gc.alloc.rate.norm: 0.151 B/op
                 gc.count:           ≈ 0 counts

Iteration   3: 45511.206 ops/s
                 gc.alloc.rate:      0.007 MB/sec
                 gc.alloc.rate.norm: 0.151 B/op
                 gc.count:           ≈ 0 counts

Iteration   4: 44290.595 ops/s
                 gc.alloc.rate:      0.007 MB/sec
                 gc.alloc.rate.norm: 0.155 B/op
                 gc.count:           ≈ 0 counts

Iteration   5: 45328.021 ops/s
                 gc.alloc.rate:      0.007 MB/sec
                 gc.alloc.rate.norm: 0.152 B/op
                 gc.count:           ≈ 0 counts

Iteration   6: 44349.628 ops/s
                 gc.alloc.rate:      0.007 MB/sec
                 gc.alloc.rate.norm: 0.155 B/op
                 gc.count:           ≈ 0 counts

Iteration   7: 44572.527 ops/s
                 gc.alloc.rate:      0.007 MB/sec
                 gc.alloc.rate.norm: 0.155 B/op
                 gc.count:           ≈ 0 counts

Iteration   8: 45404.733 ops/s
                 gc.alloc.rate:      0.007 MB/sec
                 gc.alloc.rate.norm: 0.152 B/op
                 gc.count:           ≈ 0 counts

Iteration   9: 44851.761 ops/s
                 gc.alloc.rate:      0.007 MB/sec
                 gc.alloc.rate.norm: 0.154 B/op
                 gc.count:           ≈ 0 counts

Iteration  10: 44697.990 ops/s
                 gc.alloc.rate:      0.007 MB/sec
                 gc.alloc.rate.norm: 0.154 B/op
                 gc.count:           ≈ 0 counts


# Run progress: 28.33% complete, ETA 00:22:09
# Fork: 2 of 3
# Warmup Iteration   1: 46838.216 ops/s
# Warmup Iteration   2: 46923.356 ops/s
# Warmup Iteration   3: 46130.655 ops/s
# Warmup Iteration   4: 45713.325 ops/s
# Warmup Iteration   5: 45274.418 ops/s
Iteration   1: 46282.048 ops/s
                 gc.alloc.rate:      0.007 MB/sec
                 gc.alloc.rate.norm: 0.149 B/op
                 gc.count:           ≈ 0 counts

Iteration   2: 45124.555 ops/s
                 gc.alloc.rate:      0.007 MB/sec
                 gc.alloc.rate.norm: 0.152 B/op
                 gc.count:           ≈ 0 counts

Iteration   3: 45568.423 ops/s
                 gc.alloc.rate:      0.007 MB/sec
                 gc.alloc.rate.norm: 0.151 B/op
                 gc.count:           ≈ 0 counts

Iteration   4: 45797.822 ops/s
                 gc.alloc.rate:      0.007 MB/sec
                 gc.alloc.rate.norm: 0.150 B/op
                 gc.count:           ≈ 0 counts

Iteration   5: 45242.877 ops/s
                 gc.alloc.rate:      0.007 MB/sec
                 gc.alloc.rate.norm: 0.152 B/op
                 gc.count:           ≈ 0 counts

Iteration   6: 46295.038 ops/s
                 gc.alloc.rate:      0.007 MB/sec
                 gc.alloc.rate.norm: 0.149 B/op
                 gc.count:           ≈ 0 counts

Iteration   7: 45079.384 ops/s
                 gc.alloc.rate:      0.007 MB/sec
                 gc.alloc.rate.norm: 0.153 B/op
                 gc.count:           ≈ 0 counts

Iteration   8: 45180.057 ops/s
                 gc.alloc.rate:      0.007 MB/sec
                 gc.alloc.rate.norm: 0.152 B/op
                 gc.count:           ≈ 0 counts

Iteration   9: 46193.770 ops/s
                 gc.alloc.rate:      0.007 MB/sec
                 gc.alloc.rate.norm: 0.149 B/op
                 gc.count:           ≈ 0 counts

Iteration  10: 45098.775 ops/s
                 gc.alloc.rate:      0.007 MB/sec
                 gc.alloc.rate.norm: 0.153 B/op
                 gc.count:           ≈ 0 counts


# Run progress: 29.17% complete, ETA 00:21:53
# Fork: 3 of 3
# Warmup Iteration   1: 46697.090 ops/s
# Warmup Iteration   2: 47956.371 ops/s
# Warmup Iteration   3: 46097.775 ops/s
# Warmup Iteration   4: 46604.029 ops/s
# Warmup Iteration   5: 47088.572 ops/s
Iteration   1: 45926.117 ops/s
                 gc.alloc.rate:      0.007 MB/sec
                 gc.alloc.rate.norm: 0.150 B/op
                 gc.count:           ≈ 0 counts

Iteration   2: 46483.454 ops/s
                 gc.alloc.rate:      0.007 MB/sec
                 gc.alloc.rate.norm: 0.148 B/op
                 gc.count:           ≈ 0 counts

Iteration   3: 47263.410 ops/s
                 gc.alloc.rate:      0.007 MB/sec
                 gc.alloc.rate.norm: 0.146 B/op
                 gc.count:           ≈ 0 counts

Iteration   4: 46693.939 ops/s
                 gc.alloc.rate:      0.007 MB/sec
                 gc.alloc.rate.norm: 0.147 B/op
                 gc.count:           ≈ 0 counts

Iteration   5: 46921.020 ops/s
                 gc.alloc.rate:      0.007 MB/sec
                 gc.alloc.rate.norm: 0.147 B/op
                 gc.count:           ≈ 0 counts

Iteration   6: 46007.830 ops/s
                 gc.alloc.rate:      0.007 MB/sec
                 gc.alloc.rate.norm: 0.150 B/op
                 gc.count:           ≈ 0 counts

Iteration   7: 47104.100 ops/s
                 gc.alloc.rate:      0.007 MB/sec
                 gc.alloc.rate.norm: 0.146 B/op
                 gc.count:           ≈ 0 counts

Iteration   8: 46160.796 ops/s
                 gc.alloc.rate:      0.007 MB/sec
                 gc.alloc.rate.norm: 0.149 B/op
                 gc.count:           ≈ 0 counts

Iteration   9: 46013.392 ops/s
                 gc.alloc.rate:      0.007 MB/sec
                 gc.alloc.rate.norm: 0.150 B/op
                 gc.count:           ≈ 0 counts

Iteration  10: 47041.211 ops/s
                 gc.alloc.rate:      0.007 MB/sec
                 gc.alloc.rate.norm: 0.146 B/op
                 gc.count:           ≈ 0 counts



Result "dev.yll.simdjsonjni.bench.ThroughputBenchmark.checksum":
  45711.756 ±(99.9%) 547.681 ops/s [Average]
  (min, avg, max) = (44290.595, 45711.756, 47263.410), stdev = 819.743
  CI (99.9%): [45164.076, 46259.437] (assumes normal distribution)

Secondary result "dev.yll.simdjsonjni.bench.ThroughputBenchmark.checksum:gc.alloc.rate":
  0.007 ±(99.9%) 0.001 MB/sec [Average]
  (min, avg, max) = (0.007, 0.007, 0.007), stdev = 0.001
  CI (99.9%): [0.007, 0.007] (assumes normal distribution)

Secondary result "dev.yll.simdjsonjni.bench.ThroughputBenchmark.checksum:gc.alloc.rate.norm":
  0.151 ±(99.9%) 0.002 B/op [Average]
  (min, avg, max) = (0.146, 0.151, 0.155), stdev = 0.003
  CI (99.9%): [0.149, 0.152] (assumes normal distribution)

Secondary result "dev.yll.simdjsonjni.bench.ThroughputBenchmark.checksum:gc.count":
  ≈ 0 counts


# JMH version: 1.37
# VM version: JDK 21.0.12.1, OpenJDK 64-Bit Server VM, 21.0.12.1+1-LTS
# VM invoker: /tmp/toolchain-152522/jdk21/bin/java
# VM options: -Dsimdjson.jni.library=/tmp/simdjson-jni-152522/build/libsimdjson_jni.so -Dsimdjson.data.dir=/tmp/simdjson-jni-152522/data -Xms2g -Xmx2g -XX:+UseG1GC
# Blackhole mode: compiler (auto-detected, use -Djmh.blackhole.autoDetect=false to disable)
# Warmup: 5 iterations, 1 s each
# Measurement: 10 iterations, 1 s each
# Timeout: 10 min per iteration
# Threads: 1 thread, will synchronize iterations
# Benchmark mode: Throughput, ops/time
# Benchmark: dev.yll.simdjsonjni.bench.ThroughputBenchmark.checksum
# Parameters: (dataset = citm_catalog.json, engine = jackson-tree)

# Run progress: 30.00% complete, ETA 00:21:38
# Fork: 1 of 3
# Warmup Iteration   1: 255.765 ops/s
# Warmup Iteration   2: 292.450 ops/s
# Warmup Iteration   3: 310.858 ops/s
# Warmup Iteration   4: 304.363 ops/s
# Warmup Iteration   5: 311.261 ops/s
Iteration   1: 306.951 ops/s
                 gc.alloc.rate:      1192.223 MB/sec
                 gc.alloc.rate.norm: 4073654.619 B/op
                 gc.count:           1.000 counts
                 gc.time:            2.000 ms

Iteration   2: 307.289 ops/s
                 gc.alloc.rate:      1193.285 MB/sec
                 gc.alloc.rate.norm: 4073654.545 B/op
                 gc.count:           1.000 counts
                 gc.time:            3.000 ms

Iteration   3: 307.397 ops/s
                 gc.alloc.rate:      1193.855 MB/sec
                 gc.alloc.rate.norm: 4073654.545 B/op
                 gc.count:           1.000 counts
                 gc.time:            3.000 ms

Iteration   4: 307.148 ops/s
                 gc.alloc.rate:      1192.909 MB/sec
                 gc.alloc.rate.norm: 4073658.130 B/op
                 gc.count:           1.000 counts
                 gc.time:            3.000 ms

Iteration   5: 311.099 ops/s
                 gc.alloc.rate:      1208.351 MB/sec
                 gc.alloc.rate.norm: 4073654.256 B/op
                 gc.count:           1.000 counts
                 gc.time:            3.000 ms

Iteration   6: 307.666 ops/s
                 gc.alloc.rate:      1195.009 MB/sec
                 gc.alloc.rate.norm: 4073654.545 B/op
                 gc.count:           1.000 counts
                 gc.time:            2.000 ms

Iteration   7: 311.298 ops/s
                 gc.alloc.rate:      1209.125 MB/sec
                 gc.alloc.rate.norm: 4073654.256 B/op
                 gc.count:           1.000 counts
                 gc.time:            3.000 ms

Iteration   8: 304.490 ops/s
                 gc.alloc.rate:      1182.685 MB/sec
                 gc.alloc.rate.norm: 4073654.767 B/op
                 gc.count:           1.000 counts
                 gc.time:            3.000 ms

Iteration   9: 304.630 ops/s
                 gc.alloc.rate:      1183.221 MB/sec
                 gc.alloc.rate.norm: 4073654.767 B/op
                 gc.count:           1.000 counts
                 gc.time:            3.000 ms

Iteration  10: 311.418 ops/s
                 gc.alloc.rate:      1209.465 MB/sec
                 gc.alloc.rate.norm: 4073654.256 B/op
                 gc.count:           1.000 counts
                 gc.time:            2.000 ms


# Run progress: 30.83% complete, ETA 00:21:23
# Fork: 2 of 3
# Warmup Iteration   1: 262.573 ops/s
# Warmup Iteration   2: 303.982 ops/s
# Warmup Iteration   3: 317.947 ops/s
# Warmup Iteration   4: 311.533 ops/s
# Warmup Iteration   5: 319.368 ops/s
Iteration   1: 311.832 ops/s
                 gc.alloc.rate:      1211.194 MB/sec
                 gc.alloc.rate.norm: 4073654.256 B/op
                 gc.count:           1.000 counts
                 gc.time:            3.000 ms

Iteration   2: 314.597 ops/s
                 gc.alloc.rate:      1221.664 MB/sec
                 gc.alloc.rate.norm: 4073654.044 B/op
                 gc.count:           1.000 counts
                 gc.time:            2.000 ms

Iteration   3: 315.078 ops/s
                 gc.alloc.rate:      1223.687 MB/sec
                 gc.alloc.rate.norm: 4073653.975 B/op
                 gc.count:           1.000 counts
                 gc.time:            3.000 ms

Iteration   4: 311.609 ops/s
                 gc.alloc.rate:      1210.221 MB/sec
                 gc.alloc.rate.norm: 4073657.795 B/op
                 gc.count:           1.000 counts
                 gc.time:            4.000 ms

Iteration   5: 319.391 ops/s
                 gc.alloc.rate:      1240.559 MB/sec
                 gc.alloc.rate.norm: 4073653.700 B/op
                 gc.count:           1.000 counts
                 gc.time:            2.000 ms

Iteration   6: 312.017 ops/s
                 gc.alloc.rate:      1211.918 MB/sec
                 gc.alloc.rate.norm: 4073654.185 B/op
                 gc.count:           1.000 counts
                 gc.time:            3.000 ms

Iteration   7: 318.939 ops/s
                 gc.alloc.rate:      1238.781 MB/sec
                 gc.alloc.rate.norm: 4073653.768 B/op
                 gc.count:           1.000 counts
                 gc.time:            3.000 ms

Iteration   8: 312.001 ops/s
                 gc.alloc.rate:      1211.856 MB/sec
                 gc.alloc.rate.norm: 4073654.185 B/op
                 gc.count:           1.000 counts
                 gc.time:            3.000 ms

Iteration   9: 311.930 ops/s
                 gc.alloc.rate:      1211.577 MB/sec
                 gc.alloc.rate.norm: 4073654.256 B/op
                 gc.count:           1.000 counts
                 gc.time:            3.000 ms

Iteration  10: 319.016 ops/s
                 gc.alloc.rate:      1238.983 MB/sec
                 gc.alloc.rate.norm: 4073653.700 B/op
                 gc.count:           1.000 counts
                 gc.time:            2.000 ms


# Run progress: 31.67% complete, ETA 00:21:07
# Fork: 3 of 3
# Warmup Iteration   1: 264.558 ops/s
# Warmup Iteration   2: 298.706 ops/s
# Warmup Iteration   3: 316.575 ops/s
# Warmup Iteration   4: 309.382 ops/s
# Warmup Iteration   5: 309.245 ops/s
Iteration   1: 316.805 ops/s
                 gc.alloc.rate:      1230.507 MB/sec
                 gc.alloc.rate.norm: 4073653.905 B/op
                 gc.count:           1.000 counts
                 gc.time:            3.000 ms

Iteration   2: 312.783 ops/s
                 gc.alloc.rate:      1214.600 MB/sec
                 gc.alloc.rate.norm: 4073654.185 B/op
                 gc.count:           1.000 counts
                 gc.time:            3.000 ms

Iteration   3: 309.389 ops/s
                 gc.alloc.rate:      1201.590 MB/sec
                 gc.alloc.rate.norm: 4073654.400 B/op
                 gc.count:           1.000 counts
                 gc.time:            2.000 ms

Iteration   4: 316.405 ops/s
                 gc.alloc.rate:      1228.854 MB/sec
                 gc.alloc.rate.norm: 4073657.388 B/op
                 gc.count:           1.000 counts
                 gc.time:            4.000 ms

Iteration   5: 314.084 ops/s
                 gc.alloc.rate:      1219.946 MB/sec
                 gc.alloc.rate.norm: 4073654.044 B/op
                 gc.count:           1.000 counts
                 gc.time:            2.000 ms

Iteration   6: 310.083 ops/s
                 gc.alloc.rate:      1204.404 MB/sec
                 gc.alloc.rate.norm: 4073654.328 B/op
                 gc.count:           1.000 counts
                 gc.time:            3.000 ms

Iteration   7: 316.716 ops/s
                 gc.alloc.rate:      1230.155 MB/sec
                 gc.alloc.rate.norm: 4073653.905 B/op
                 gc.count:           1.000 counts
                 gc.time:            2.000 ms

Iteration   8: 309.771 ops/s
                 gc.alloc.rate:      1203.195 MB/sec
                 gc.alloc.rate.norm: 4073654.400 B/op
                 gc.count:           1.000 counts
                 gc.time:            4.000 ms

Iteration   9: 309.605 ops/s
                 gc.alloc.rate:      1202.539 MB/sec
                 gc.alloc.rate.norm: 4073654.400 B/op
                 gc.count:           1.000 counts
                 gc.time:            3.000 ms

Iteration  10: 316.693 ops/s
                 gc.alloc.rate:      1229.959 MB/sec
                 gc.alloc.rate.norm: 4073653.905 B/op
                 gc.count:           1.000 counts
                 gc.time:            3.000 ms



Result "dev.yll.simdjsonjni.bench.ThroughputBenchmark.checksum":
  311.938 ±(99.9%) 2.787 ops/s [Average]
  (min, avg, max) = (304.490, 311.938, 319.391), stdev = 4.172
  CI (99.9%): [309.150, 314.725] (assumes normal distribution)

Secondary result "dev.yll.simdjsonjni.bench.ThroughputBenchmark.checksum:gc.alloc.rate":
  1211.544 ±(99.9%) 10.823 MB/sec [Average]
  (min, avg, max) = (1182.685, 1211.544, 1240.559), stdev = 16.199
  CI (99.9%): [1200.721, 1222.367] (assumes normal distribution)

Secondary result "dev.yll.simdjsonjni.bench.ThroughputBenchmark.checksum:gc.alloc.rate.norm":
  4073654.581 ±(99.9%) 0.750 B/op [Average]
  (min, avg, max) = (4073653.700, 4073654.581, 4073658.130), stdev = 1.123
  CI (99.9%): [4073653.830, 4073655.331] (assumes normal distribution)

Secondary result "dev.yll.simdjsonjni.bench.ThroughputBenchmark.checksum:gc.count":
  30.000 ±(99.9%) 0.001 counts [Sum]
  (min, avg, max) = (1.000, 1.000, 1.000), stdev = 0.001
  CI (99.9%): [30.000, 30.000] (assumes normal distribution)

Secondary result "dev.yll.simdjsonjni.bench.ThroughputBenchmark.checksum:gc.time":
  84.000 ±(99.9%) 0.001 ms [Sum]
  (min, avg, max) = (2.000, 2.800, 4.000), stdev = 0.610
  CI (99.9%): [84.000, 84.000] (assumes normal distribution)


# JMH version: 1.37
# VM version: JDK 21.0.12.1, OpenJDK 64-Bit Server VM, 21.0.12.1+1-LTS
# VM invoker: /tmp/toolchain-152522/jdk21/bin/java
# VM options: -Dsimdjson.jni.library=/tmp/simdjson-jni-152522/build/libsimdjson_jni.so -Dsimdjson.data.dir=/tmp/simdjson-jni-152522/data -Xms2g -Xmx2g -XX:+UseG1GC
# Blackhole mode: compiler (auto-detected, use -Djmh.blackhole.autoDetect=false to disable)
# Warmup: 5 iterations, 1 s each
# Measurement: 10 iterations, 1 s each
# Timeout: 10 min per iteration
# Threads: 1 thread, will synchronize iterations
# Benchmark mode: Throughput, ops/time
# Benchmark: dev.yll.simdjsonjni.bench.ThroughputBenchmark.checksum
# Parameters: (dataset = citm_catalog.json, engine = jackson-stream)

# Run progress: 32.50% complete, ETA 00:20:52
# Fork: 1 of 3
# Warmup Iteration   1: 444.430 ops/s
# Warmup Iteration   2: 462.435 ops/s
# Warmup Iteration   3: 472.648 ops/s
# Warmup Iteration   4: 462.462 ops/s
# Warmup Iteration   5: 473.709 ops/s
Iteration   1: 462.169 ops/s
                 gc.alloc.rate:      0.479 MB/sec
                 gc.alloc.rate.norm: 1087.050 B/op
                 gc.count:           ≈ 0 counts

Iteration   2: 462.224 ops/s
                 gc.alloc.rate:      0.479 MB/sec
                 gc.alloc.rate.norm: 1086.877 B/op
                 gc.count:           ≈ 0 counts

Iteration   3: 474.077 ops/s
                 gc.alloc.rate:      0.491 MB/sec
                 gc.alloc.rate.norm: 1086.501 B/op
                 gc.count:           ≈ 0 counts

Iteration   4: 461.846 ops/s
                 gc.alloc.rate:      0.479 MB/sec
                 gc.alloc.rate.norm: 1086.909 B/op
                 gc.count:           ≈ 0 counts

Iteration   5: 462.164 ops/s
                 gc.alloc.rate:      0.479 MB/sec
                 gc.alloc.rate.norm: 1086.877 B/op
                 gc.count:           ≈ 0 counts

Iteration   6: 473.300 ops/s
                 gc.alloc.rate:      0.490 MB/sec
                 gc.alloc.rate.norm: 1086.532 B/op
                 gc.count:           ≈ 0 counts

Iteration   7: 462.512 ops/s
                 gc.alloc.rate:      0.472 MB/sec
                 gc.alloc.rate.norm: 1071.032 B/op
                 gc.count:           ≈ 0 counts

Iteration   8: 473.448 ops/s
                 gc.alloc.rate:      0.472 MB/sec
                 gc.alloc.rate.norm: 1046.532 B/op
                 gc.count:           ≈ 0 counts

Iteration   9: 468.342 ops/s
                 gc.alloc.rate:      0.467 MB/sec
                 gc.alloc.rate.norm: 1046.687 B/op
                 gc.count:           ≈ 0 counts

Iteration  10: 463.436 ops/s
                 gc.alloc.rate:      0.463 MB/sec
                 gc.alloc.rate.norm: 1046.845 B/op
                 gc.count:           ≈ 0 counts


# Run progress: 33.33% complete, ETA 00:20:36
# Fork: 2 of 3
# Warmup Iteration   1: 450.159 ops/s
# Warmup Iteration   2: 484.687 ops/s
# Warmup Iteration   3: 478.533 ops/s
# Warmup Iteration   4: 484.419 ops/s
# Warmup Iteration   5: 485.103 ops/s
Iteration   1: 478.156 ops/s
                 gc.alloc.rate:      0.495 MB/sec
                 gc.alloc.rate.norm: 1086.547 B/op
                 gc.count:           ≈ 0 counts

Iteration   2: 485.113 ops/s
                 gc.alloc.rate:      0.502 MB/sec
                 gc.alloc.rate.norm: 1086.173 B/op
                 gc.count:           ≈ 0 counts

Iteration   3: 484.341 ops/s
                 gc.alloc.rate:      0.502 MB/sec
                 gc.alloc.rate.norm: 1086.202 B/op
                 gc.count:           ≈ 0 counts

Iteration   4: 475.797 ops/s
                 gc.alloc.rate:      0.493 MB/sec
                 gc.alloc.rate.norm: 1086.440 B/op
                 gc.count:           ≈ 0 counts

Iteration   5: 482.629 ops/s
                 gc.alloc.rate:      0.500 MB/sec
                 gc.alloc.rate.norm: 1086.261 B/op
                 gc.count:           ≈ 0 counts

Iteration   6: 478.519 ops/s
                 gc.alloc.rate:      0.496 MB/sec
                 gc.alloc.rate.norm: 1086.380 B/op
                 gc.count:           ≈ 0 counts

Iteration   7: 485.056 ops/s
                 gc.alloc.rate:      0.489 MB/sec
                 gc.alloc.rate.norm: 1056.346 B/op
                 gc.count:           ≈ 0 counts

Iteration   8: 478.888 ops/s
                 gc.alloc.rate:      0.478 MB/sec
                 gc.alloc.rate.norm: 1046.380 B/op
                 gc.count:           ≈ 0 counts

Iteration   9: 485.252 ops/s
                 gc.alloc.rate:      0.484 MB/sec
                 gc.alloc.rate.norm: 1046.173 B/op
                 gc.count:           ≈ 0 counts

Iteration  10: 479.441 ops/s
                 gc.alloc.rate:      0.478 MB/sec
                 gc.alloc.rate.norm: 1046.350 B/op
                 gc.count:           ≈ 0 counts


# Run progress: 34.17% complete, ETA 00:20:21
# Fork: 3 of 3
# Warmup Iteration   1: 444.449 ops/s
# Warmup Iteration   2: 471.661 ops/s
# Warmup Iteration   3: 477.924 ops/s
# Warmup Iteration   4: 467.560 ops/s
# Warmup Iteration   5: 478.415 ops/s
Iteration   1: 466.332 ops/s
                 gc.alloc.rate:      0.483 MB/sec
                 gc.alloc.rate.norm: 1086.921 B/op
                 gc.count:           ≈ 0 counts

Iteration   2: 478.495 ops/s
                 gc.alloc.rate:      0.496 MB/sec
                 gc.alloc.rate.norm: 1086.380 B/op
                 gc.count:           ≈ 0 counts

Iteration   3: 472.816 ops/s
                 gc.alloc.rate:      0.490 MB/sec
                 gc.alloc.rate.norm: 1086.562 B/op
                 gc.count:           ≈ 0 counts

Iteration   4: 478.435 ops/s
                 gc.alloc.rate:      0.496 MB/sec
                 gc.alloc.rate.norm: 1086.380 B/op
                 gc.count:           ≈ 0 counts

Iteration   5: 478.387 ops/s
                 gc.alloc.rate:      0.496 MB/sec
                 gc.alloc.rate.norm: 1086.380 B/op
                 gc.count:           ≈ 0 counts

Iteration   6: 472.535 ops/s
                 gc.alloc.rate:      0.490 MB/sec
                 gc.alloc.rate.norm: 1086.562 B/op
                 gc.count:           ≈ 0 counts

Iteration   7: 478.725 ops/s
                 gc.alloc.rate:      0.486 MB/sec
                 gc.alloc.rate.norm: 1064.885 B/op
                 gc.count:           ≈ 0 counts

Iteration   8: 478.183 ops/s
                 gc.alloc.rate:      0.477 MB/sec
                 gc.alloc.rate.norm: 1046.380 B/op
                 gc.count:           ≈ 0 counts

Iteration   9: 473.400 ops/s
                 gc.alloc.rate:      0.472 MB/sec
                 gc.alloc.rate.norm: 1046.532 B/op
                 gc.count:           ≈ 0 counts

Iteration  10: 473.355 ops/s
                 gc.alloc.rate:      0.472 MB/sec
                 gc.alloc.rate.norm: 1046.532 B/op
                 gc.count:           ≈ 0 counts



Result "dev.yll.simdjsonjni.bench.ThroughputBenchmark.checksum":
  474.246 ±(99.9%) 5.041 ops/s [Average]
  (min, avg, max) = (461.846, 474.246, 485.252), stdev = 7.546
  CI (99.9%): [469.204, 479.287] (assumes normal distribution)

Secondary result "dev.yll.simdjsonjni.bench.ThroughputBenchmark.checksum:gc.alloc.rate":
  0.485 ±(99.9%) 0.007 MB/sec [Average]
  (min, avg, max) = (0.463, 0.485, 0.502), stdev = 0.011
  CI (99.9%): [0.478, 0.492] (assumes normal distribution)

Secondary result "dev.yll.simdjsonjni.bench.ThroughputBenchmark.checksum:gc.alloc.rate.norm":
  1072.287 ±(99.9%) 12.384 B/op [Average]
  (min, avg, max) = (1046.173, 1072.287, 1087.050), stdev = 18.536
  CI (99.9%): [1059.903, 1084.671] (assumes normal distribution)

Secondary result "dev.yll.simdjsonjni.bench.ThroughputBenchmark.checksum:gc.count":
  ≈ 0 counts


# JMH version: 1.37
# VM version: JDK 21.0.12.1, OpenJDK 64-Bit Server VM, 21.0.12.1+1-LTS
# VM invoker: /tmp/toolchain-152522/jdk21/bin/java
# VM options: -Dsimdjson.jni.library=/tmp/simdjson-jni-152522/build/libsimdjson_jni.so -Dsimdjson.data.dir=/tmp/simdjson-jni-152522/data -Xms2g -Xmx2g -XX:+UseG1GC
# Blackhole mode: compiler (auto-detected, use -Djmh.blackhole.autoDetect=false to disable)
# Warmup: 5 iterations, 1 s each
# Measurement: 10 iterations, 1 s each
# Timeout: 10 min per iteration
# Threads: 1 thread, will synchronize iterations
# Benchmark mode: Throughput, ops/time
# Benchmark: dev.yll.simdjsonjni.bench.ThroughputBenchmark.checksum
# Parameters: (dataset = citm_catalog.json, engine = simdjson-jni-copy)

# Run progress: 35.00% complete, ETA 00:20:06
# Fork: 1 of 3
# Warmup Iteration   1: 1451.706 ops/s
# Warmup Iteration   2: 1484.655 ops/s
# Warmup Iteration   3: 1483.708 ops/s
# Warmup Iteration   4: 1467.375 ops/s
# Warmup Iteration   5: 1483.790 ops/s
Iteration   1: 1467.406 ops/s
                 gc.alloc.rate:      0.007 MB/sec
                 gc.alloc.rate.norm: 4.692 B/op
                 gc.count:           ≈ 0 counts

Iteration   2: 1485.885 ops/s
                 gc.alloc.rate:      0.007 MB/sec
                 gc.alloc.rate.norm: 4.632 B/op
                 gc.count:           ≈ 0 counts

Iteration   3: 1465.256 ops/s
                 gc.alloc.rate:      0.007 MB/sec
                 gc.alloc.rate.norm: 4.698 B/op
                 gc.count:           ≈ 0 counts

Iteration   4: 1486.331 ops/s
                 gc.alloc.rate:      0.007 MB/sec
                 gc.alloc.rate.norm: 4.632 B/op
                 gc.count:           ≈ 0 counts

Iteration   5: 1448.583 ops/s
                 gc.alloc.rate:      0.007 MB/sec
                 gc.alloc.rate.norm: 4.754 B/op
                 gc.count:           ≈ 0 counts

Iteration   6: 1483.531 ops/s
                 gc.alloc.rate:      0.007 MB/sec
                 gc.alloc.rate.norm: 4.642 B/op
                 gc.count:           ≈ 0 counts

Iteration   7: 1487.205 ops/s
                 gc.alloc.rate:      0.007 MB/sec
                 gc.alloc.rate.norm: 4.629 B/op
                 gc.count:           ≈ 0 counts

Iteration   8: 1462.883 ops/s
                 gc.alloc.rate:      0.007 MB/sec
                 gc.alloc.rate.norm: 4.705 B/op
                 gc.count:           ≈ 0 counts

Iteration   9: 1482.735 ops/s
                 gc.alloc.rate:      0.007 MB/sec
                 gc.alloc.rate.norm: 4.645 B/op
                 gc.count:           ≈ 0 counts

Iteration  10: 1464.957 ops/s
                 gc.alloc.rate:      0.007 MB/sec
                 gc.alloc.rate.norm: 4.698 B/op
                 gc.count:           ≈ 0 counts


# Run progress: 35.83% complete, ETA 00:19:50
# Fork: 2 of 3
# Warmup Iteration   1: 1485.880 ops/s
# Warmup Iteration   2: 1502.388 ops/s
# Warmup Iteration   3: 1500.721 ops/s
# Warmup Iteration   4: 1468.299 ops/s
# Warmup Iteration   5: 1486.490 ops/s
Iteration   1: 1449.470 ops/s
                 gc.alloc.rate:      0.007 MB/sec
                 gc.alloc.rate.norm: 4.750 B/op
                 gc.count:           ≈ 0 counts

Iteration   2: 1486.820 ops/s
                 gc.alloc.rate:      0.007 MB/sec
                 gc.alloc.rate.norm: 4.632 B/op
                 gc.count:           ≈ 0 counts

Iteration   3: 1482.059 ops/s
                 gc.alloc.rate:      0.007 MB/sec
                 gc.alloc.rate.norm: 4.645 B/op
                 gc.count:           ≈ 0 counts

Iteration   4: 1467.136 ops/s
                 gc.alloc.rate:      0.007 MB/sec
                 gc.alloc.rate.norm: 4.692 B/op
                 gc.count:           ≈ 0 counts

Iteration   5: 1468.718 ops/s
                 gc.alloc.rate:      0.007 MB/sec
                 gc.alloc.rate.norm: 4.689 B/op
                 gc.count:           ≈ 0 counts

Iteration   6: 1485.280 ops/s
                 gc.alloc.rate:      0.007 MB/sec
                 gc.alloc.rate.norm: 4.635 B/op
                 gc.count:           ≈ 0 counts

Iteration   7: 1450.401 ops/s
                 gc.alloc.rate:      0.007 MB/sec
                 gc.alloc.rate.norm: 4.747 B/op
                 gc.count:           ≈ 0 counts

Iteration   8: 1484.802 ops/s
                 gc.alloc.rate:      0.007 MB/sec
                 gc.alloc.rate.norm: 4.635 B/op
                 gc.count:           ≈ 0 counts

Iteration   9: 1452.665 ops/s
                 gc.alloc.rate:      0.007 MB/sec
                 gc.alloc.rate.norm: 4.741 B/op
                 gc.count:           ≈ 0 counts

Iteration  10: 1470.981 ops/s
                 gc.alloc.rate:      0.007 MB/sec
                 gc.alloc.rate.norm: 4.679 B/op
                 gc.count:           ≈ 0 counts


# Run progress: 36.67% complete, ETA 00:19:35
# Fork: 3 of 3
# Warmup Iteration   1: 1482.790 ops/s
# Warmup Iteration   2: 1464.089 ops/s
# Warmup Iteration   3: 1444.963 ops/s
# Warmup Iteration   4: 1486.856 ops/s
# Warmup Iteration   5: 1490.003 ops/s
Iteration   1: 1452.882 ops/s
                 gc.alloc.rate:      0.007 MB/sec
                 gc.alloc.rate.norm: 4.737 B/op
                 gc.count:           ≈ 0 counts

Iteration   2: 1488.874 ops/s
                 gc.alloc.rate:      0.007 MB/sec
                 gc.alloc.rate.norm: 4.626 B/op
                 gc.count:           ≈ 0 counts

Iteration   3: 1471.255 ops/s
                 gc.alloc.rate:      0.007 MB/sec
                 gc.alloc.rate.norm: 4.679 B/op
                 gc.count:           ≈ 0 counts

Iteration   4: 1488.880 ops/s
                 gc.alloc.rate:      0.007 MB/sec
                 gc.alloc.rate.norm: 4.626 B/op
                 gc.count:           ≈ 0 counts

Iteration   5: 1457.726 ops/s
                 gc.alloc.rate:      0.007 MB/sec
                 gc.alloc.rate.norm: 4.724 B/op
                 gc.count:           ≈ 0 counts

Iteration   6: 1453.865 ops/s
                 gc.alloc.rate:      0.007 MB/sec
                 gc.alloc.rate.norm: 4.737 B/op
                 gc.count:           ≈ 0 counts

Iteration   7: 1488.258 ops/s
                 gc.alloc.rate:      0.007 MB/sec
                 gc.alloc.rate.norm: 4.626 B/op
                 gc.count:           ≈ 0 counts

Iteration   8: 1452.635 ops/s
                 gc.alloc.rate:      0.007 MB/sec
                 gc.alloc.rate.norm: 4.741 B/op
                 gc.count:           ≈ 0 counts

Iteration   9: 1473.674 ops/s
                 gc.alloc.rate:      0.007 MB/sec
                 gc.alloc.rate.norm: 4.673 B/op
                 gc.count:           ≈ 0 counts

Iteration  10: 1472.984 ops/s
                 gc.alloc.rate:      0.007 MB/sec
                 gc.alloc.rate.norm: 4.673 B/op
                 gc.count:           ≈ 0 counts



Result "dev.yll.simdjsonjni.bench.ThroughputBenchmark.checksum":
  1471.138 ±(99.9%) 9.415 ops/s [Average]
  (min, avg, max) = (1448.583, 1471.138, 1488.880), stdev = 14.092
  CI (99.9%): [1461.723, 1480.553] (assumes normal distribution)

Secondary result "dev.yll.simdjsonjni.bench.ThroughputBenchmark.checksum:gc.alloc.rate":
  0.007 ±(99.9%) 0.001 MB/sec [Average]
  (min, avg, max) = (0.007, 0.007, 0.007), stdev = 0.001
  CI (99.9%): [0.007, 0.007] (assumes normal distribution)

Secondary result "dev.yll.simdjsonjni.bench.ThroughputBenchmark.checksum:gc.alloc.rate.norm":
  4.681 ±(99.9%) 0.030 B/op [Average]
  (min, avg, max) = (4.626, 4.681, 4.754), stdev = 0.045
  CI (99.9%): [4.650, 4.711] (assumes normal distribution)

Secondary result "dev.yll.simdjsonjni.bench.ThroughputBenchmark.checksum:gc.count":
  ≈ 0 counts


# JMH version: 1.37
# VM version: JDK 21.0.12.1, OpenJDK 64-Bit Server VM, 21.0.12.1+1-LTS
# VM invoker: /tmp/toolchain-152522/jdk21/bin/java
# VM options: -Dsimdjson.jni.library=/tmp/simdjson-jni-152522/build/libsimdjson_jni.so -Dsimdjson.data.dir=/tmp/simdjson-jni-152522/data -Xms2g -Xmx2g -XX:+UseG1GC
# Blackhole mode: compiler (auto-detected, use -Djmh.blackhole.autoDetect=false to disable)
# Warmup: 5 iterations, 1 s each
# Measurement: 10 iterations, 1 s each
# Timeout: 10 min per iteration
# Threads: 1 thread, will synchronize iterations
# Benchmark mode: Throughput, ops/time
# Benchmark: dev.yll.simdjsonjni.bench.ThroughputBenchmark.checksum
# Parameters: (dataset = citm_catalog.json, engine = simdjson-jni-direct)

# Run progress: 37.50% complete, ETA 00:19:19
# Fork: 1 of 3
# Warmup Iteration   1: 1772.128 ops/s
# Warmup Iteration   2: 1756.092 ops/s
# Warmup Iteration   3: 1792.985 ops/s
# Warmup Iteration   4: 1763.007 ops/s
# Warmup Iteration   5: 1754.339 ops/s
Iteration   1: 1782.684 ops/s
                 gc.alloc.rate:      0.007 MB/sec
                 gc.alloc.rate.norm: 3.861 B/op
                 gc.count:           ≈ 0 counts

Iteration   2: 1769.938 ops/s
                 gc.alloc.rate:      0.007 MB/sec
                 gc.alloc.rate.norm: 3.889 B/op
                 gc.count:           ≈ 0 counts

Iteration   3: 1770.948 ops/s
                 gc.alloc.rate:      0.007 MB/sec
                 gc.alloc.rate.norm: 3.887 B/op
                 gc.count:           ≈ 0 counts

Iteration   4: 1775.929 ops/s
                 gc.alloc.rate:      0.007 MB/sec
                 gc.alloc.rate.norm: 3.876 B/op
                 gc.count:           ≈ 0 counts

Iteration   5: 1749.394 ops/s
                 gc.alloc.rate:      0.007 MB/sec
                 gc.alloc.rate.norm: 3.936 B/op
                 gc.count:           ≈ 0 counts

Iteration   6: 1795.033 ops/s
                 gc.alloc.rate:      0.007 MB/sec
                 gc.alloc.rate.norm: 3.835 B/op
                 gc.count:           ≈ 0 counts

Iteration   7: 1796.065 ops/s
                 gc.alloc.rate:      0.007 MB/sec
                 gc.alloc.rate.norm: 3.833 B/op
                 gc.count:           ≈ 0 counts

Iteration   8: 1752.066 ops/s
                 gc.alloc.rate:      0.007 MB/sec
                 gc.alloc.rate.norm: 3.929 B/op
                 gc.count:           ≈ 0 counts

Iteration   9: 1750.116 ops/s
                 gc.alloc.rate:      0.007 MB/sec
                 gc.alloc.rate.norm: 3.934 B/op
                 gc.count:           ≈ 0 counts

Iteration  10: 1792.628 ops/s
                 gc.alloc.rate:      0.007 MB/sec
                 gc.alloc.rate.norm: 3.842 B/op
                 gc.count:           ≈ 0 counts


# Run progress: 38.33% complete, ETA 00:19:04
# Fork: 2 of 3
# Warmup Iteration   1: 1773.833 ops/s
# Warmup Iteration   2: 1772.892 ops/s
# Warmup Iteration   3: 1768.553 ops/s
# Warmup Iteration   4: 1767.198 ops/s
# Warmup Iteration   5: 1745.971 ops/s
Iteration   1: 1764.775 ops/s
                 gc.alloc.rate:      0.007 MB/sec
                 gc.alloc.rate.norm: 3.903 B/op
                 gc.count:           ≈ 0 counts

Iteration   2: 1760.759 ops/s
                 gc.alloc.rate:      0.007 MB/sec
                 gc.alloc.rate.norm: 3.911 B/op
                 gc.count:           ≈ 0 counts

Iteration   3: 1767.138 ops/s
                 gc.alloc.rate:      0.007 MB/sec
                 gc.alloc.rate.norm: 3.896 B/op
                 gc.count:           ≈ 0 counts

Iteration   4: 1768.617 ops/s
                 gc.alloc.rate:      0.007 MB/sec
                 gc.alloc.rate.norm: 3.894 B/op
                 gc.count:           ≈ 0 counts

Iteration   5: 1738.919 ops/s
                 gc.alloc.rate:      0.007 MB/sec
                 gc.alloc.rate.norm: 3.959 B/op
                 gc.count:           ≈ 0 counts

Iteration   6: 1766.921 ops/s
                 gc.alloc.rate:      0.007 MB/sec
                 gc.alloc.rate.norm: 3.896 B/op
                 gc.count:           ≈ 0 counts

Iteration   7: 1761.209 ops/s
                 gc.alloc.rate:      0.007 MB/sec
                 gc.alloc.rate.norm: 3.909 B/op
                 gc.count:           ≈ 0 counts

Iteration   8: 1743.186 ops/s
                 gc.alloc.rate:      0.007 MB/sec
                 gc.alloc.rate.norm: 3.950 B/op
                 gc.count:           ≈ 0 counts

Iteration   9: 1784.980 ops/s
                 gc.alloc.rate:      0.007 MB/sec
                 gc.alloc.rate.norm: 3.857 B/op
                 gc.count:           ≈ 0 counts

Iteration  10: 1748.460 ops/s
                 gc.alloc.rate:      0.007 MB/sec
                 gc.alloc.rate.norm: 3.938 B/op
                 gc.count:           ≈ 0 counts


# Run progress: 39.17% complete, ETA 00:18:48
# Fork: 3 of 3
# Warmup Iteration   1: 1755.610 ops/s
# Warmup Iteration   2: 1777.851 ops/s
# Warmup Iteration   3: 1803.052 ops/s
# Warmup Iteration   4: 1756.883 ops/s
# Warmup Iteration   5: 1796.065 ops/s
Iteration   1: 1794.835 ops/s
                 gc.alloc.rate:      0.007 MB/sec
                 gc.alloc.rate.norm: 3.837 B/op
                 gc.count:           ≈ 0 counts

Iteration   2: 1748.416 ops/s
                 gc.alloc.rate:      0.007 MB/sec
                 gc.alloc.rate.norm: 3.938 B/op
                 gc.count:           ≈ 0 counts

Iteration   3: 1795.706 ops/s
                 gc.alloc.rate:      0.007 MB/sec
                 gc.alloc.rate.norm: 3.835 B/op
                 gc.count:           ≈ 0 counts

Iteration   4: 1755.467 ops/s
                 gc.alloc.rate:      0.007 MB/sec
                 gc.alloc.rate.norm: 3.923 B/op
                 gc.count:           ≈ 0 counts

Iteration   5: 1746.079 ops/s
                 gc.alloc.rate:      0.007 MB/sec
                 gc.alloc.rate.norm: 3.943 B/op
                 gc.count:           ≈ 0 counts

Iteration   6: 1776.069 ops/s
                 gc.alloc.rate:      0.007 MB/sec
                 gc.alloc.rate.norm: 3.876 B/op
                 gc.count:           ≈ 0 counts

Iteration   7: 1773.378 ops/s
                 gc.alloc.rate:      0.007 MB/sec
                 gc.alloc.rate.norm: 3.883 B/op
                 gc.count:           ≈ 0 counts

Iteration   8: 1775.068 ops/s
                 gc.alloc.rate:      0.007 MB/sec
                 gc.alloc.rate.norm: 3.878 B/op
                 gc.count:           ≈ 0 counts

Iteration   9: 1794.818 ops/s
                 gc.alloc.rate:      0.007 MB/sec
                 gc.alloc.rate.norm: 3.837 B/op
                 gc.count:           ≈ 0 counts

Iteration  10: 1773.166 ops/s
                 gc.alloc.rate:      0.007 MB/sec
                 gc.alloc.rate.norm: 3.883 B/op
                 gc.count:           ≈ 0 counts



Result "dev.yll.simdjsonjni.bench.ThroughputBenchmark.checksum":
  1769.092 ±(99.9%) 11.732 ops/s [Average]
  (min, avg, max) = (1738.919, 1769.092, 1796.065), stdev = 17.559
  CI (99.9%): [1757.361, 1780.824] (assumes normal distribution)

Secondary result "dev.yll.simdjsonjni.bench.ThroughputBenchmark.checksum:gc.alloc.rate":
  0.007 ±(99.9%) 0.001 MB/sec [Average]
  (min, avg, max) = (0.007, 0.007, 0.007), stdev = 0.001
  CI (99.9%): [0.007, 0.007] (assumes normal distribution)

Secondary result "dev.yll.simdjsonjni.bench.ThroughputBenchmark.checksum:gc.alloc.rate.norm":
  3.892 ±(99.9%) 0.026 B/op [Average]
  (min, avg, max) = (3.833, 3.892, 3.959), stdev = 0.038
  CI (99.9%): [3.867, 3.918] (assumes normal distribution)

Secondary result "dev.yll.simdjsonjni.bench.ThroughputBenchmark.checksum:gc.count":
  ≈ 0 counts


# JMH version: 1.37
# VM version: JDK 21.0.12.1, OpenJDK 64-Bit Server VM, 21.0.12.1+1-LTS
# VM invoker: /tmp/toolchain-152522/jdk21/bin/java
# VM options: -Dsimdjson.jni.library=/tmp/simdjson-jni-152522/build/libsimdjson_jni.so -Dsimdjson.data.dir=/tmp/simdjson-jni-152522/data -Xms2g -Xmx2g -XX:+UseG1GC
# Blackhole mode: compiler (auto-detected, use -Djmh.blackhole.autoDetect=false to disable)
# Warmup: 5 iterations, 1 s each
# Measurement: 10 iterations, 1 s each
# Timeout: 10 min per iteration
# Threads: 1 thread, will synchronize iterations
# Benchmark mode: Throughput, ops/time
# Benchmark: dev.yll.simdjsonjni.bench.ThroughputBenchmark.checksum
# Parameters: (dataset = canada.json, engine = jackson-tree)

# Run progress: 40.00% complete, ETA 00:18:33
# Fork: 1 of 3
# Warmup Iteration   1: 26.556 ops/s
# Warmup Iteration   2: 30.417 ops/s
# Warmup Iteration   3: 31.714 ops/s
# Warmup Iteration   4: 30.969 ops/s
# Warmup Iteration   5: 31.709 ops/s
Iteration   1: 31.357 ops/s
                 gc.alloc.rate:      1544.794 MB/sec
                 gc.alloc.rate.norm: 51667206.500 B/op
                 gc.count:           2.000 counts
                 gc.time:            3.000 ms

Iteration   2: 31.350 ops/s
                 gc.alloc.rate:      1544.150 MB/sec
                 gc.alloc.rate.norm: 51667177.000 B/op
                 gc.count:           1.000 counts
                 gc.time:            2.000 ms

Iteration   3: 31.712 ops/s
                 gc.alloc.rate:      1562.114 MB/sec
                 gc.alloc.rate.norm: 51667177.000 B/op
                 gc.count:           1.000 counts
                 gc.time:            2.000 ms

Iteration   4: 31.354 ops/s
                 gc.alloc.rate:      1544.465 MB/sec
                 gc.alloc.rate.norm: 51667192.500 B/op
                 gc.count:           2.000 counts
                 gc.time:            4.000 ms

Iteration   5: 31.809 ops/s
                 gc.alloc.rate:      1567.049 MB/sec
                 gc.alloc.rate.norm: 51667177.000 B/op
                 gc.count:           1.000 counts
                 gc.time:            2.000 ms

Iteration   6: 31.774 ops/s
                 gc.alloc.rate:      1565.291 MB/sec
                 gc.alloc.rate.norm: 51667202.250 B/op
                 gc.count:           1.000 counts
                 gc.time:            1.000 ms

Iteration   7: 31.046 ops/s
                 gc.alloc.rate:      1529.456 MB/sec
                 gc.alloc.rate.norm: 51667177.000 B/op
                 gc.count:           1.000 counts
                 gc.time:            2.000 ms

Iteration   8: 31.773 ops/s
                 gc.alloc.rate:      1565.236 MB/sec
                 gc.alloc.rate.norm: 51667184.000 B/op
                 gc.count:           2.000 counts
                 gc.time:            3.000 ms

Iteration   9: 31.060 ops/s
                 gc.alloc.rate:      1530.132 MB/sec
                 gc.alloc.rate.norm: 51667177.000 B/op
                 gc.count:           1.000 counts
                 gc.time:            1.000 ms

Iteration  10: 31.819 ops/s
                 gc.alloc.rate:      1567.413 MB/sec
                 gc.alloc.rate.norm: 51667177.000 B/op
                 gc.count:           1.000 counts
                 gc.time:            2.000 ms


# Run progress: 40.83% complete, ETA 00:18:18
# Fork: 2 of 3
# Warmup Iteration   1: 24.941 ops/s
# Warmup Iteration   2: 29.280 ops/s
# Warmup Iteration   3: 30.322 ops/s
# Warmup Iteration   4: 30.293 ops/s
# Warmup Iteration   5: 29.978 ops/s
Iteration   1: 30.697 ops/s
                 gc.alloc.rate:      1512.253 MB/sec
                 gc.alloc.rate.norm: 51667214.452 B/op
                 gc.count:           1.000 counts
                 gc.time:            1.000 ms

Iteration   2: 29.912 ops/s
                 gc.alloc.rate:      1473.289 MB/sec
                 gc.alloc.rate.norm: 51667191.467 B/op
                 gc.count:           2.000 counts
                 gc.time:            4.000 ms

Iteration   3: 30.362 ops/s
                 gc.alloc.rate:      1495.627 MB/sec
                 gc.alloc.rate.norm: 51667184.000 B/op
                 gc.count:           1.000 counts
                 gc.time:            2.000 ms

Iteration   4: 30.312 ops/s
                 gc.alloc.rate:      1493.057 MB/sec
                 gc.alloc.rate.norm: 51667200.000 B/op
                 gc.count:           1.000 counts
                 gc.time:            1.000 ms

Iteration   5: 30.191 ops/s
                 gc.alloc.rate:      1487.302 MB/sec
                 gc.alloc.rate.norm: 51667184.000 B/op
                 gc.count:           1.000 counts
                 gc.time:            2.000 ms

Iteration   6: 30.685 ops/s
                 gc.alloc.rate:      1511.605 MB/sec
                 gc.alloc.rate.norm: 51667210.065 B/op
                 gc.count:           2.000 counts
                 gc.time:            4.000 ms

Iteration   7: 30.073 ops/s
                 gc.alloc.rate:      1481.526 MB/sec
                 gc.alloc.rate.norm: 51667184.000 B/op
                 gc.count:           1.000 counts
                 gc.time:            1.000 ms

Iteration   8: 30.075 ops/s
                 gc.alloc.rate:      1481.636 MB/sec
                 gc.alloc.rate.norm: 51667191.226 B/op
                 gc.count:           1.000 counts
                 gc.time:            2.000 ms

Iteration   9: 30.804 ops/s
                 gc.alloc.rate:      1517.498 MB/sec
                 gc.alloc.rate.norm: 51667184.000 B/op
                 gc.count:           1.000 counts
                 gc.time:            1.000 ms

Iteration  10: 29.920 ops/s
                 gc.alloc.rate:      1473.821 MB/sec
                 gc.alloc.rate.norm: 51667191.467 B/op
                 gc.count:           2.000 counts
                 gc.time:            3.000 ms


# Run progress: 41.67% complete, ETA 00:18:02
# Fork: 3 of 3
# Warmup Iteration   1: 25.463 ops/s
# Warmup Iteration   2: 29.922 ops/s
# Warmup Iteration   3: 30.287 ops/s
# Warmup Iteration   4: 30.539 ops/s
# Warmup Iteration   5: 30.658 ops/s
Iteration   1: 30.249 ops/s
                 gc.alloc.rate:      1490.211 MB/sec
                 gc.alloc.rate.norm: 51667184.000 B/op
                 gc.count:           2.000 counts
                 gc.time:            4.000 ms

Iteration   2: 30.592 ops/s
                 gc.alloc.rate:      1506.798 MB/sec
                 gc.alloc.rate.norm: 51667184.000 B/op
                 gc.count:           1.000 counts
                 gc.time:            1.000 ms

Iteration   3: 30.606 ops/s
                 gc.alloc.rate:      1507.669 MB/sec
                 gc.alloc.rate.norm: 51667184.000 B/op
                 gc.count:           1.000 counts
                 gc.time:            2.000 ms

Iteration   4: 30.302 ops/s
                 gc.alloc.rate:      1492.601 MB/sec
                 gc.alloc.rate.norm: 51667200.000 B/op
                 gc.count:           1.000 counts
                 gc.time:            2.000 ms

Iteration   5: 30.965 ops/s
                 gc.alloc.rate:      1525.444 MB/sec
                 gc.alloc.rate.norm: 51667184.000 B/op
                 gc.count:           2.000 counts
                 gc.time:            4.000 ms

Iteration   6: 30.221 ops/s
                 gc.alloc.rate:      1488.796 MB/sec
                 gc.alloc.rate.norm: 51667210.065 B/op
                 gc.count:           1.000 counts
                 gc.time:            1.000 ms

Iteration   7: 30.348 ops/s
                 gc.alloc.rate:      1495.085 MB/sec
                 gc.alloc.rate.norm: 51667184.000 B/op
                 gc.count:           1.000 counts
                 gc.time:            2.000 ms

Iteration   8: 31.029 ops/s
                 gc.alloc.rate:      1528.609 MB/sec
                 gc.alloc.rate.norm: 51667188.000 B/op
                 gc.count:           1.000 counts
                 gc.time:            2.000 ms

Iteration   9: 30.261 ops/s
                 gc.alloc.rate:      1490.791 MB/sec
                 gc.alloc.rate.norm: 51667184.000 B/op
                 gc.count:           2.000 counts
                 gc.time:            3.000 ms

Iteration  10: 30.995 ops/s
                 gc.alloc.rate:      1526.788 MB/sec
                 gc.alloc.rate.norm: 51667184.000 B/op
                 gc.count:           1.000 counts
                 gc.time:            1.000 ms



Result "dev.yll.simdjsonjni.bench.ThroughputBenchmark.checksum":
  30.788 ±(99.9%) 0.409 ops/s [Average]
  (min, avg, max) = (29.912, 30.788, 31.819), stdev = 0.612
  CI (99.9%): [30.380, 31.197] (assumes normal distribution)

Secondary result "dev.yll.simdjsonjni.bench.ThroughputBenchmark.checksum:gc.alloc.rate":
  1516.684 ±(99.9%) 20.137 MB/sec [Average]
  (min, avg, max) = (1473.289, 1516.684, 1567.413), stdev = 30.141
  CI (99.9%): [1496.546, 1536.821] (assumes normal distribution)

Secondary result "dev.yll.simdjsonjni.bench.ThroughputBenchmark.checksum:gc.alloc.rate.norm":
  51667188.933 ±(99.9%) 7.291 B/op [Average]
  (min, avg, max) = (51667177.000, 51667188.933, 51667214.452), stdev = 10.912
  CI (99.9%): [51667181.642, 51667196.224] (assumes normal distribution)

Secondary result "dev.yll.simdjsonjni.bench.ThroughputBenchmark.checksum:gc.count":
  39.000 ±(99.9%) 0.001 counts [Sum]
  (min, avg, max) = (1.000, 1.300, 2.000), stdev = 0.466
  CI (99.9%): [39.000, 39.000] (assumes normal distribution)

Secondary result "dev.yll.simdjsonjni.bench.ThroughputBenchmark.checksum:gc.time":
  65.000 ±(99.9%) 0.001 ms [Sum]
  (min, avg, max) = (1.000, 2.167, 4.000), stdev = 1.053
  CI (99.9%): [65.000, 65.000] (assumes normal distribution)


# JMH version: 1.37
# VM version: JDK 21.0.12.1, OpenJDK 64-Bit Server VM, 21.0.12.1+1-LTS
# VM invoker: /tmp/toolchain-152522/jdk21/bin/java
# VM options: -Dsimdjson.jni.library=/tmp/simdjson-jni-152522/build/libsimdjson_jni.so -Dsimdjson.data.dir=/tmp/simdjson-jni-152522/data -Xms2g -Xmx2g -XX:+UseG1GC
# Blackhole mode: compiler (auto-detected, use -Djmh.blackhole.autoDetect=false to disable)
# Warmup: 5 iterations, 1 s each
# Measurement: 10 iterations, 1 s each
# Timeout: 10 min per iteration
# Threads: 1 thread, will synchronize iterations
# Benchmark mode: Throughput, ops/time
# Benchmark: dev.yll.simdjsonjni.bench.ThroughputBenchmark.checksum
# Parameters: (dataset = canada.json, engine = jackson-stream)

# Run progress: 42.50% complete, ETA 00:17:47
# Fork: 1 of 3
# Warmup Iteration   1: 31.836 ops/s
# Warmup Iteration   2: 36.926 ops/s
# Warmup Iteration   3: 38.113 ops/s
# Warmup Iteration   4: 38.182 ops/s
# Warmup Iteration   5: 37.969 ops/s
Iteration   1: 38.449 ops/s
                 gc.alloc.rate:      1552.221 MB/sec
                 gc.alloc.rate.norm: 42339802.051 B/op
                 gc.count:           2.000 counts
                 gc.time:            5.000 ms

Iteration   2: 38.061 ops/s
                 gc.alloc.rate:      1536.230 MB/sec
                 gc.alloc.rate.norm: 42339809.436 B/op
                 gc.count:           1.000 counts
                 gc.time:            3.000 ms

Iteration   3: 38.565 ops/s
                 gc.alloc.rate:      1556.752 MB/sec
                 gc.alloc.rate.norm: 42339802.051 B/op
                 gc.count:           1.000 counts
                 gc.time:            3.000 ms

Iteration   4: 37.553 ops/s
                 gc.alloc.rate:      1515.941 MB/sec
                 gc.alloc.rate.norm: 42339806.737 B/op
                 gc.count:           2.000 counts
                 gc.time:            6.000 ms

Iteration   5: 38.360 ops/s
                 gc.alloc.rate:      1548.582 MB/sec
                 gc.alloc.rate.norm: 42339802.051 B/op
                 gc.count:           1.000 counts
                 gc.time:            3.000 ms

Iteration   6: 38.396 ops/s
                 gc.alloc.rate:      1550.043 MB/sec
                 gc.alloc.rate.norm: 42339809.641 B/op
                 gc.count:           1.000 counts
                 gc.time:            3.000 ms

Iteration   7: 38.586 ops/s
                 gc.alloc.rate:      1557.726 MB/sec
                 gc.alloc.rate.norm: 42339802.051 B/op
                 gc.count:           1.000 counts
                 gc.time:            2.000 ms

Iteration   8: 38.609 ops/s
                 gc.alloc.rate:      1558.709 MB/sec
                 gc.alloc.rate.norm: 42339802.051 B/op
                 gc.count:           2.000 counts
                 gc.time:            3.000 ms

Iteration   9: 38.659 ops/s
                 gc.alloc.rate:      1560.717 MB/sec
                 gc.alloc.rate.norm: 42339802.051 B/op
                 gc.count:           1.000 counts
                 gc.time:            2.000 ms

Iteration  10: 38.653 ops/s
                 gc.alloc.rate:      1560.335 MB/sec
                 gc.alloc.rate.norm: 42339802.051 B/op
                 gc.count:           1.000 counts
                 gc.time:            1.000 ms


# Run progress: 43.33% complete, ETA 00:17:32
# Fork: 2 of 3
# Warmup Iteration   1: 33.128 ops/s
# Warmup Iteration   2: 38.308 ops/s
# Warmup Iteration   3: 39.553 ops/s
# Warmup Iteration   4: 39.555 ops/s
# Warmup Iteration   5: 39.450 ops/s
Iteration   1: 39.551 ops/s
                 gc.alloc.rate:      1596.686 MB/sec
                 gc.alloc.rate.norm: 42339797.600 B/op
                 gc.count:           1.000 counts
                 gc.time:            3.000 ms

Iteration   2: 39.507 ops/s
                 gc.alloc.rate:      1594.562 MB/sec
                 gc.alloc.rate.norm: 42339804.800 B/op
                 gc.count:           1.000 counts
                 gc.time:            3.000 ms

Iteration   3: 38.954 ops/s
                 gc.alloc.rate:      1572.447 MB/sec
                 gc.alloc.rate.norm: 42339802.051 B/op
                 gc.count:           2.000 counts
                 gc.time:            6.000 ms

Iteration   4: 39.520 ops/s
                 gc.alloc.rate:      1595.291 MB/sec
                 gc.alloc.rate.norm: 42339797.600 B/op
                 gc.count:           1.000 counts
                 gc.time:            2.000 ms

Iteration   5: 39.573 ops/s
                 gc.alloc.rate:      1597.582 MB/sec
                 gc.alloc.rate.norm: 42339806.200 B/op
                 gc.count:           1.000 counts
                 gc.time:            3.000 ms

Iteration   6: 38.957 ops/s
                 gc.alloc.rate:      1572.713 MB/sec
                 gc.alloc.rate.norm: 42339802.051 B/op
                 gc.count:           2.000 counts
                 gc.time:            6.000 ms

Iteration   7: 39.653 ops/s
                 gc.alloc.rate:      1600.854 MB/sec
                 gc.alloc.rate.norm: 42339797.600 B/op
                 gc.count:           1.000 counts
                 gc.time:            1.000 ms

Iteration   8: 39.205 ops/s
                 gc.alloc.rate:      1582.749 MB/sec
                 gc.alloc.rate.norm: 42339797.600 B/op
                 gc.count:           1.000 counts
                 gc.time:            1.000 ms

Iteration   9: 39.594 ops/s
                 gc.alloc.rate:      1598.449 MB/sec
                 gc.alloc.rate.norm: 42339797.600 B/op
                 gc.count:           2.000 counts
                 gc.time:            3.000 ms

Iteration  10: 38.689 ops/s
                 gc.alloc.rate:      1561.796 MB/sec
                 gc.alloc.rate.norm: 42339802.051 B/op
                 gc.count:           1.000 counts
                 gc.time:            1.000 ms


# Run progress: 44.17% complete, ETA 00:17:17
# Fork: 3 of 3
# Warmup Iteration   1: 32.665 ops/s
# Warmup Iteration   2: 39.035 ops/s
# Warmup Iteration   3: 39.482 ops/s
# Warmup Iteration   4: 38.600 ops/s
# Warmup Iteration   5: 39.376 ops/s
Iteration   1: 38.616 ops/s
                 gc.alloc.rate:      1558.965 MB/sec
                 gc.alloc.rate.norm: 42339802.051 B/op
                 gc.count:           1.000 counts
                 gc.time:            2.000 ms

Iteration   2: 39.467 ops/s
                 gc.alloc.rate:      1592.968 MB/sec
                 gc.alloc.rate.norm: 42339804.800 B/op
                 gc.count:           1.000 counts
                 gc.time:            3.000 ms

Iteration   3: 39.376 ops/s
                 gc.alloc.rate:      1589.513 MB/sec
                 gc.alloc.rate.norm: 42339797.600 B/op
                 gc.count:           2.000 counts
                 gc.time:            6.000 ms

Iteration   4: 39.114 ops/s
                 gc.alloc.rate:      1578.940 MB/sec
                 gc.alloc.rate.norm: 42339797.600 B/op
                 gc.count:           1.000 counts
                 gc.time:            3.000 ms

Iteration   5: 39.562 ops/s
                 gc.alloc.rate:      1597.166 MB/sec
                 gc.alloc.rate.norm: 42339806.400 B/op
                 gc.count:           1.000 counts
                 gc.time:            2.000 ms

Iteration   6: 38.937 ops/s
                 gc.alloc.rate:      1571.927 MB/sec
                 gc.alloc.rate.norm: 42339802.051 B/op
                 gc.count:           2.000 counts
                 gc.time:            6.000 ms

Iteration   7: 39.132 ops/s
                 gc.alloc.rate:      1579.801 MB/sec
                 gc.alloc.rate.norm: 42339797.600 B/op
                 gc.count:           1.000 counts
                 gc.time:            1.000 ms

Iteration   8: 39.587 ops/s
                 gc.alloc.rate:      1598.176 MB/sec
                 gc.alloc.rate.norm: 42339797.600 B/op
                 gc.count:           1.000 counts
                 gc.time:            2.000 ms

Iteration   9: 39.087 ops/s
                 gc.alloc.rate:      1577.993 MB/sec
                 gc.alloc.rate.norm: 42339797.600 B/op
                 gc.count:           2.000 counts
                 gc.time:            2.000 ms

Iteration  10: 39.128 ops/s
                 gc.alloc.rate:      1579.525 MB/sec
                 gc.alloc.rate.norm: 42339797.600 B/op
                 gc.count:           1.000 counts
                 gc.time:            1.000 ms



Result "dev.yll.simdjsonjni.bench.ThroughputBenchmark.checksum":
  38.970 ±(99.9%) 0.353 ops/s [Average]
  (min, avg, max) = (37.553, 38.970, 39.653), stdev = 0.528
  CI (99.9%): [38.617, 39.323] (assumes normal distribution)

Secondary result "dev.yll.simdjsonjni.bench.ThroughputBenchmark.checksum:gc.alloc.rate":
  1573.179 ±(99.9%) 14.245 MB/sec [Average]
  (min, avg, max) = (1515.941, 1573.179, 1600.854), stdev = 21.321
  CI (99.9%): [1558.934, 1587.423] (assumes normal distribution)

Secondary result "dev.yll.simdjsonjni.bench.ThroughputBenchmark.checksum:gc.alloc.rate.norm":
  42339801.541 ±(99.9%) 2.467 B/op [Average]
  (min, avg, max) = (42339797.600, 42339801.541, 42339809.641), stdev = 3.693
  CI (99.9%): [42339799.074, 42339804.008] (assumes normal distribution)

Secondary result "dev.yll.simdjsonjni.bench.ThroughputBenchmark.checksum:gc.count":
  39.000 ±(99.9%) 0.001 counts [Sum]
  (min, avg, max) = (1.000, 1.300, 2.000), stdev = 0.466
  CI (99.9%): [39.000, 39.000] (assumes normal distribution)

Secondary result "dev.yll.simdjsonjni.bench.ThroughputBenchmark.checksum:gc.time":
  88.000 ±(99.9%) 0.001 ms [Sum]
  (min, avg, max) = (1.000, 2.933, 6.000), stdev = 1.660
  CI (99.9%): [88.000, 88.000] (assumes normal distribution)


# JMH version: 1.37
# VM version: JDK 21.0.12.1, OpenJDK 64-Bit Server VM, 21.0.12.1+1-LTS
# VM invoker: /tmp/toolchain-152522/jdk21/bin/java
# VM options: -Dsimdjson.jni.library=/tmp/simdjson-jni-152522/build/libsimdjson_jni.so -Dsimdjson.data.dir=/tmp/simdjson-jni-152522/data -Xms2g -Xmx2g -XX:+UseG1GC
# Blackhole mode: compiler (auto-detected, use -Djmh.blackhole.autoDetect=false to disable)
# Warmup: 5 iterations, 1 s each
# Measurement: 10 iterations, 1 s each
# Timeout: 10 min per iteration
# Threads: 1 thread, will synchronize iterations
# Benchmark mode: Throughput, ops/time
# Benchmark: dev.yll.simdjsonjni.bench.ThroughputBenchmark.checksum
# Parameters: (dataset = canada.json, engine = simdjson-jni-copy)

# Run progress: 45.00% complete, ETA 00:17:02
# Fork: 1 of 3
# Warmup Iteration   1: 337.293 ops/s
# Warmup Iteration   2: 334.498 ops/s
# Warmup Iteration   3: 333.210 ops/s
# Warmup Iteration   4: 332.460 ops/s
# Warmup Iteration   5: 333.984 ops/s
Iteration   1: 334.955 ops/s
                 gc.alloc.rate:      0.007 MB/sec
                 gc.alloc.rate.norm: 20.561 B/op
                 gc.count:           ≈ 0 counts

Iteration   2: 333.977 ops/s
                 gc.alloc.rate:      0.007 MB/sec
                 gc.alloc.rate.norm: 20.561 B/op
                 gc.count:           ≈ 0 counts

Iteration   3: 330.543 ops/s
                 gc.alloc.rate:      0.007 MB/sec
                 gc.alloc.rate.norm: 20.810 B/op
                 gc.count:           ≈ 0 counts

Iteration   4: 337.286 ops/s
                 gc.alloc.rate:      0.007 MB/sec
                 gc.alloc.rate.norm: 20.379 B/op
                 gc.count:           ≈ 0 counts

Iteration   5: 329.506 ops/s
                 gc.alloc.rate:      0.007 MB/sec
                 gc.alloc.rate.norm: 20.873 B/op
                 gc.count:           ≈ 0 counts

Iteration   6: 338.361 ops/s
                 gc.alloc.rate:      0.007 MB/sec
                 gc.alloc.rate.norm: 20.319 B/op
                 gc.count:           ≈ 0 counts

Iteration   7: 330.030 ops/s
                 gc.alloc.rate:      0.007 MB/sec
                 gc.alloc.rate.norm: 20.810 B/op
                 gc.count:           ≈ 0 counts

Iteration   8: 334.343 ops/s
                 gc.alloc.rate:      0.007 MB/sec
                 gc.alloc.rate.norm: 20.561 B/op
                 gc.count:           ≈ 0 counts

Iteration   9: 337.876 ops/s
                 gc.alloc.rate:      0.007 MB/sec
                 gc.alloc.rate.norm: 20.379 B/op
                 gc.count:           ≈ 0 counts

Iteration  10: 333.625 ops/s
                 gc.alloc.rate:      0.007 MB/sec
                 gc.alloc.rate.norm: 20.623 B/op
                 gc.count:           ≈ 0 counts


# Run progress: 45.83% complete, ETA 00:16:46
# Fork: 2 of 3
# Warmup Iteration   1: 336.110 ops/s
# Warmup Iteration   2: 335.859 ops/s
# Warmup Iteration   3: 328.118 ops/s
# Warmup Iteration   4: 332.269 ops/s
# Warmup Iteration   5: 336.612 ops/s
Iteration   1: 333.154 ops/s
                 gc.alloc.rate:      0.007 MB/sec
                 gc.alloc.rate.norm: 20.623 B/op
                 gc.count:           ≈ 0 counts

Iteration   2: 336.232 ops/s
                 gc.alloc.rate:      0.007 MB/sec
                 gc.alloc.rate.norm: 20.439 B/op
                 gc.count:           ≈ 0 counts

Iteration   3: 336.499 ops/s
                 gc.alloc.rate:      0.007 MB/sec
                 gc.alloc.rate.norm: 20.439 B/op
                 gc.count:           ≈ 0 counts

Iteration   4: 328.568 ops/s
                 gc.alloc.rate:      0.007 MB/sec
                 gc.alloc.rate.norm: 20.936 B/op
                 gc.count:           ≈ 0 counts

Iteration   5: 328.254 ops/s
                 gc.alloc.rate:      0.007 MB/sec
                 gc.alloc.rate.norm: 20.936 B/op
                 gc.count:           ≈ 0 counts

Iteration   6: 336.330 ops/s
                 gc.alloc.rate:      0.007 MB/sec
                 gc.alloc.rate.norm: 20.439 B/op
                 gc.count:           ≈ 0 counts

Iteration   7: 328.809 ops/s
                 gc.alloc.rate:      0.007 MB/sec
                 gc.alloc.rate.norm: 20.936 B/op
                 gc.count:           ≈ 0 counts

Iteration   8: 329.395 ops/s
                 gc.alloc.rate:      0.007 MB/sec
                 gc.alloc.rate.norm: 20.873 B/op
                 gc.count:           ≈ 0 counts

Iteration   9: 336.737 ops/s
                 gc.alloc.rate:      0.007 MB/sec
                 gc.alloc.rate.norm: 20.439 B/op
                 gc.count:           ≈ 0 counts

Iteration  10: 330.245 ops/s
                 gc.alloc.rate:      0.007 MB/sec
                 gc.alloc.rate.norm: 20.810 B/op
                 gc.count:           ≈ 0 counts


# Run progress: 46.67% complete, ETA 00:16:31
# Fork: 3 of 3
# Warmup Iteration   1: 327.377 ops/s
# Warmup Iteration   2: 336.705 ops/s
# Warmup Iteration   3: 332.200 ops/s
# Warmup Iteration   4: 329.086 ops/s
# Warmup Iteration   5: 329.868 ops/s
Iteration   1: 336.386 ops/s
                 gc.alloc.rate:      0.007 MB/sec
                 gc.alloc.rate.norm: 20.439 B/op
                 gc.count:           ≈ 0 counts

Iteration   2: 328.255 ops/s
                 gc.alloc.rate:      0.007 MB/sec
                 gc.alloc.rate.norm: 20.936 B/op
                 gc.count:           ≈ 0 counts

Iteration   3: 336.976 ops/s
                 gc.alloc.rate:      0.007 MB/sec
                 gc.alloc.rate.norm: 20.439 B/op
                 gc.count:           ≈ 0 counts

Iteration   4: 328.226 ops/s
                 gc.alloc.rate:      0.007 MB/sec
                 gc.alloc.rate.norm: 20.936 B/op
                 gc.count:           ≈ 0 counts

Iteration   5: 336.879 ops/s
                 gc.alloc.rate:      0.007 MB/sec
                 gc.alloc.rate.norm: 20.439 B/op
                 gc.count:           ≈ 0 counts

Iteration   6: 327.991 ops/s
                 gc.alloc.rate:      0.007 MB/sec
                 gc.alloc.rate.norm: 20.936 B/op
                 gc.count:           ≈ 0 counts

Iteration   7: 332.540 ops/s
                 gc.alloc.rate:      0.007 MB/sec
                 gc.alloc.rate.norm: 20.685 B/op
                 gc.count:           ≈ 0 counts

Iteration   8: 336.684 ops/s
                 gc.alloc.rate:      0.007 MB/sec
                 gc.alloc.rate.norm: 20.439 B/op
                 gc.count:           ≈ 0 counts

Iteration   9: 329.309 ops/s
                 gc.alloc.rate:      0.007 MB/sec
                 gc.alloc.rate.norm: 20.873 B/op
                 gc.count:           ≈ 0 counts

Iteration  10: 329.648 ops/s
                 gc.alloc.rate:      0.007 MB/sec
                 gc.alloc.rate.norm: 20.873 B/op
                 gc.count:           ≈ 0 counts



Result "dev.yll.simdjsonjni.bench.ThroughputBenchmark.checksum":
  332.921 ±(99.9%) 2.432 ops/s [Average]
  (min, avg, max) = (327.991, 332.921, 338.361), stdev = 3.640
  CI (99.9%): [330.489, 335.352] (assumes normal distribution)

Secondary result "dev.yll.simdjsonjni.bench.ThroughputBenchmark.checksum:gc.alloc.rate":
  0.007 ±(99.9%) 0.001 MB/sec [Average]
  (min, avg, max) = (0.007, 0.007, 0.007), stdev = 0.001
  CI (99.9%): [0.007, 0.007] (assumes normal distribution)

Secondary result "dev.yll.simdjsonjni.bench.ThroughputBenchmark.checksum:gc.alloc.rate.norm":
  20.658 ±(99.9%) 0.147 B/op [Average]
  (min, avg, max) = (20.319, 20.658, 20.936), stdev = 0.220
  CI (99.9%): [20.511, 20.805] (assumes normal distribution)

Secondary result "dev.yll.simdjsonjni.bench.ThroughputBenchmark.checksum:gc.count":
  ≈ 0 counts


# JMH version: 1.37
# VM version: JDK 21.0.12.1, OpenJDK 64-Bit Server VM, 21.0.12.1+1-LTS
# VM invoker: /tmp/toolchain-152522/jdk21/bin/java
# VM options: -Dsimdjson.jni.library=/tmp/simdjson-jni-152522/build/libsimdjson_jni.so -Dsimdjson.data.dir=/tmp/simdjson-jni-152522/data -Xms2g -Xmx2g -XX:+UseG1GC
# Blackhole mode: compiler (auto-detected, use -Djmh.blackhole.autoDetect=false to disable)
# Warmup: 5 iterations, 1 s each
# Measurement: 10 iterations, 1 s each
# Timeout: 10 min per iteration
# Threads: 1 thread, will synchronize iterations
# Benchmark mode: Throughput, ops/time
# Benchmark: dev.yll.simdjsonjni.bench.ThroughputBenchmark.checksum
# Parameters: (dataset = canada.json, engine = simdjson-jni-direct)

# Run progress: 47.50% complete, ETA 00:16:15
# Fork: 1 of 3
# Warmup Iteration   1: 355.218 ops/s
# Warmup Iteration   2: 347.166 ops/s
# Warmup Iteration   3: 351.665 ops/s
# Warmup Iteration   4: 350.297 ops/s
# Warmup Iteration   5: 347.414 ops/s
Iteration   1: 351.280 ops/s
                 gc.alloc.rate:      0.007 MB/sec
                 gc.alloc.rate.norm: 19.568 B/op
                 gc.count:           ≈ 0 counts

Iteration   2: 350.166 ops/s
                 gc.alloc.rate:      0.007 MB/sec
                 gc.alloc.rate.norm: 19.624 B/op
                 gc.count:           ≈ 0 counts

Iteration   3: 348.954 ops/s
                 gc.alloc.rate:      0.007 MB/sec
                 gc.alloc.rate.norm: 19.736 B/op
                 gc.count:           ≈ 0 counts

Iteration   4: 354.974 ops/s
                 gc.alloc.rate:      0.007 MB/sec
                 gc.alloc.rate.norm: 19.403 B/op
                 gc.count:           ≈ 0 counts

Iteration   5: 345.414 ops/s
                 gc.alloc.rate:      0.007 MB/sec
                 gc.alloc.rate.norm: 19.908 B/op
                 gc.count:           ≈ 0 counts

Iteration   6: 351.734 ops/s
                 gc.alloc.rate:      0.007 MB/sec
                 gc.alloc.rate.norm: 19.568 B/op
                 gc.count:           ≈ 0 counts

Iteration   7: 350.474 ops/s
                 gc.alloc.rate:      0.007 MB/sec
                 gc.alloc.rate.norm: 19.624 B/op
                 gc.count:           ≈ 0 counts

Iteration   8: 346.818 ops/s
                 gc.alloc.rate:      0.007 MB/sec
                 gc.alloc.rate.norm: 19.850 B/op
                 gc.count:           ≈ 0 counts

Iteration   9: 354.992 ops/s
                 gc.alloc.rate:      0.007 MB/sec
                 gc.alloc.rate.norm: 19.348 B/op
                 gc.count:           ≈ 0 counts

Iteration  10: 345.959 ops/s
                 gc.alloc.rate:      0.007 MB/sec
                 gc.alloc.rate.norm: 19.908 B/op
                 gc.count:           ≈ 0 counts


# Run progress: 48.33% complete, ETA 00:16:00
# Fork: 2 of 3
# Warmup Iteration   1: 347.390 ops/s
# Warmup Iteration   2: 352.757 ops/s
# Warmup Iteration   3: 350.351 ops/s
# Warmup Iteration   4: 347.697 ops/s
# Warmup Iteration   5: 355.863 ops/s
Iteration   1: 347.287 ops/s
                 gc.alloc.rate:      0.007 MB/sec
                 gc.alloc.rate.norm: 19.793 B/op
                 gc.count:           ≈ 0 counts

Iteration   2: 347.970 ops/s
                 gc.alloc.rate:      0.007 MB/sec
                 gc.alloc.rate.norm: 19.793 B/op
                 gc.count:           ≈ 0 counts

Iteration   3: 354.869 ops/s
                 gc.alloc.rate:      0.007 MB/sec
                 gc.alloc.rate.norm: 19.403 B/op
                 gc.count:           ≈ 0 counts

Iteration   4: 346.395 ops/s
                 gc.alloc.rate:      0.007 MB/sec
                 gc.alloc.rate.norm: 19.850 B/op
                 gc.count:           ≈ 0 counts

Iteration   5: 350.232 ops/s
                 gc.alloc.rate:      0.007 MB/sec
                 gc.alloc.rate.norm: 19.624 B/op
                 gc.count:           ≈ 0 counts

Iteration   6: 350.627 ops/s
                 gc.alloc.rate:      0.007 MB/sec
                 gc.alloc.rate.norm: 19.624 B/op
                 gc.count:           ≈ 0 counts

Iteration   7: 347.100 ops/s
                 gc.alloc.rate:      0.007 MB/sec
                 gc.alloc.rate.norm: 19.793 B/op
                 gc.count:           ≈ 0 counts

Iteration   8: 354.530 ops/s
                 gc.alloc.rate:      0.007 MB/sec
                 gc.alloc.rate.norm: 19.403 B/op
                 gc.count:           ≈ 0 counts

Iteration   9: 347.285 ops/s
                 gc.alloc.rate:      0.007 MB/sec
                 gc.alloc.rate.norm: 19.793 B/op
                 gc.count:           ≈ 0 counts

Iteration  10: 347.205 ops/s
                 gc.alloc.rate:      0.007 MB/sec
                 gc.alloc.rate.norm: 19.793 B/op
                 gc.count:           ≈ 0 counts


# Run progress: 49.17% complete, ETA 00:15:44
# Fork: 3 of 3
# Warmup Iteration   1: 349.238 ops/s
# Warmup Iteration   2: 355.276 ops/s
# Warmup Iteration   3: 346.519 ops/s
# Warmup Iteration   4: 355.554 ops/s
# Warmup Iteration   5: 347.199 ops/s
Iteration   1: 347.379 ops/s
                 gc.alloc.rate:      0.007 MB/sec
                 gc.alloc.rate.norm: 19.793 B/op
                 gc.count:           ≈ 0 counts

Iteration   2: 355.310 ops/s
                 gc.alloc.rate:      0.007 MB/sec
                 gc.alloc.rate.norm: 19.348 B/op
                 gc.count:           ≈ 0 counts

Iteration   3: 345.350 ops/s
                 gc.alloc.rate:      0.007 MB/sec
                 gc.alloc.rate.norm: 19.908 B/op
                 gc.count:           ≈ 0 counts

Iteration   4: 347.054 ops/s
                 gc.alloc.rate:      0.007 MB/sec
                 gc.alloc.rate.norm: 19.793 B/op
                 gc.count:           ≈ 0 counts

Iteration   5: 355.494 ops/s
                 gc.alloc.rate:      0.007 MB/sec
                 gc.alloc.rate.norm: 19.348 B/op
                 gc.count:           ≈ 0 counts

Iteration   6: 346.434 ops/s
                 gc.alloc.rate:      0.007 MB/sec
                 gc.alloc.rate.norm: 19.850 B/op
                 gc.count:           ≈ 0 counts

Iteration   7: 355.161 ops/s
                 gc.alloc.rate:      0.007 MB/sec
                 gc.alloc.rate.norm: 19.348 B/op
                 gc.count:           ≈ 0 counts

Iteration   8: 347.157 ops/s
                 gc.alloc.rate:      0.007 MB/sec
                 gc.alloc.rate.norm: 19.793 B/op
                 gc.count:           ≈ 0 counts

Iteration   9: 346.285 ops/s
                 gc.alloc.rate:      0.007 MB/sec
                 gc.alloc.rate.norm: 19.850 B/op
                 gc.count:           ≈ 0 counts

Iteration  10: 354.977 ops/s
                 gc.alloc.rate:      0.007 MB/sec
                 gc.alloc.rate.norm: 19.403 B/op
                 gc.count:           ≈ 0 counts



Result "dev.yll.simdjsonjni.bench.ThroughputBenchmark.checksum":
  349.829 ±(99.9%) 2.407 ops/s [Average]
  (min, avg, max) = (345.350, 349.829, 355.494), stdev = 3.603
  CI (99.9%): [347.421, 352.236] (assumes normal distribution)

Secondary result "dev.yll.simdjsonjni.bench.ThroughputBenchmark.checksum:gc.alloc.rate":
  0.007 ±(99.9%) 0.001 MB/sec [Average]
  (min, avg, max) = (0.007, 0.007, 0.007), stdev = 0.001
  CI (99.9%): [0.007, 0.007] (assumes normal distribution)

Secondary result "dev.yll.simdjsonjni.bench.ThroughputBenchmark.checksum:gc.alloc.rate.norm":
  19.661 ±(99.9%) 0.133 B/op [Average]
  (min, avg, max) = (19.348, 19.661, 19.908), stdev = 0.199
  CI (99.9%): [19.528, 19.794] (assumes normal distribution)

Secondary result "dev.yll.simdjsonjni.bench.ThroughputBenchmark.checksum:gc.count":
  ≈ 0 counts


# JMH version: 1.37
# VM version: JDK 21.0.12.1, OpenJDK 64-Bit Server VM, 21.0.12.1+1-LTS
# VM invoker: /tmp/toolchain-152522/jdk21/bin/java
# VM options: -Dsimdjson.jni.library=/tmp/simdjson-jni-152522/build/libsimdjson_jni.so -Dsimdjson.data.dir=/tmp/simdjson-jni-152522/data -Xms2g -Xmx2g -XX:+UseG1GC
# Blackhole mode: compiler (auto-detected, use -Djmh.blackhole.autoDetect=false to disable)
# Warmup: 5 iterations, 1 s each
# Measurement: 10 iterations, 1 s each
# Timeout: 10 min per iteration
# Threads: 1 thread, will synchronize iterations
# Benchmark mode: Throughput, ops/time
# Benchmark: dev.yll.simdjsonjni.bench.ThroughputBenchmark.checksum
# Parameters: (dataset = gsoc-2018.json, engine = jackson-tree)

# Run progress: 50.00% complete, ETA 00:15:29
# Fork: 1 of 3
# Warmup Iteration   1: 164.933 ops/s
# Warmup Iteration   2: 188.801 ops/s
# Warmup Iteration   3: 196.909 ops/s
# Warmup Iteration   4: 192.383 ops/s
# Warmup Iteration   5: 196.634 ops/s
Iteration   1: 194.870 ops/s
                 gc.alloc.rate:      1239.641 MB/sec
                 gc.alloc.rate.norm: 6671811.610 B/op
                 gc.count:           1.000 counts
                 gc.time:            2.000 ms

Iteration   2: 192.531 ops/s
                 gc.alloc.rate:      1224.561 MB/sec
                 gc.alloc.rate.norm: 6671852.394 B/op
                 gc.count:           1.000 counts
                 gc.time:            3.000 ms

Iteration   3: 196.725 ops/s
                 gc.alloc.rate:      1251.315 MB/sec
                 gc.alloc.rate.norm: 6671811.249 B/op
                 gc.count:           1.000 counts
                 gc.time:            3.000 ms

Iteration   4: 192.707 ops/s
                 gc.alloc.rate:      1225.752 MB/sec
                 gc.alloc.rate.norm: 6671811.979 B/op
                 gc.count:           1.000 counts
                 gc.time:            3.000 ms

Iteration   5: 194.935 ops/s
                 gc.alloc.rate:      1240.043 MB/sec
                 gc.alloc.rate.norm: 6671811.610 B/op
                 gc.count:           1.000 counts
                 gc.time:            3.000 ms

Iteration   6: 194.878 ops/s
                 gc.alloc.rate:      1239.702 MB/sec
                 gc.alloc.rate.norm: 6671811.610 B/op
                 gc.count:           1.000 counts
                 gc.time:            6.000 ms

Iteration   7: 192.564 ops/s
                 gc.alloc.rate:      1224.990 MB/sec
                 gc.alloc.rate.norm: 6671811.979 B/op
                 gc.count:           1.000 counts
                 gc.time:            3.000 ms

Iteration   8: 194.697 ops/s
                 gc.alloc.rate:      1238.554 MB/sec
                 gc.alloc.rate.norm: 6671811.610 B/op
                 gc.count:           1.000 counts
                 gc.time:            2.000 ms

Iteration   9: 194.889 ops/s
                 gc.alloc.rate:      1239.766 MB/sec
                 gc.alloc.rate.norm: 6671817.272 B/op
                 gc.count:           1.000 counts
                 gc.time:            3.000 ms

Iteration  10: 193.177 ops/s
                 gc.alloc.rate:      1228.803 MB/sec
                 gc.alloc.rate.norm: 6671811.794 B/op
                 gc.count:           1.000 counts
                 gc.time:            3.000 ms


# Run progress: 50.83% complete, ETA 00:15:13
# Fork: 2 of 3
# Warmup Iteration   1: 162.086 ops/s
# Warmup Iteration   2: 190.120 ops/s
# Warmup Iteration   3: 196.449 ops/s
# Warmup Iteration   4: 194.068 ops/s
# Warmup Iteration   5: 196.434 ops/s
Iteration   1: 197.006 ops/s
                 gc.alloc.rate:      1253.225 MB/sec
                 gc.alloc.rate.norm: 6671811.071 B/op
                 gc.count:           1.000 counts
                 gc.time:            3.000 ms

Iteration   2: 193.965 ops/s
                 gc.alloc.rate:      1233.687 MB/sec
                 gc.alloc.rate.norm: 6671852.000 B/op
                 gc.count:           1.000 counts
                 gc.time:            3.000 ms

Iteration   3: 195.964 ops/s
                 gc.alloc.rate:      1246.479 MB/sec
                 gc.alloc.rate.norm: 6671811.429 B/op
                 gc.count:           1.000 counts
                 gc.time:            2.000 ms

Iteration   4: 198.795 ops/s
                 gc.alloc.rate:      1264.508 MB/sec
                 gc.alloc.rate.norm: 6671810.894 B/op
                 gc.count:           1.000 counts
                 gc.time:            4.000 ms

Iteration   5: 194.548 ops/s
                 gc.alloc.rate:      1237.606 MB/sec
                 gc.alloc.rate.norm: 6671811.610 B/op
                 gc.count:           1.000 counts
                 gc.time:            2.000 ms

Iteration   6: 199.211 ops/s
                 gc.alloc.rate:      1267.267 MB/sec
                 gc.alloc.rate.norm: 6671810.720 B/op
                 gc.count:           1.000 counts
                 gc.time:            3.000 ms

Iteration   7: 194.159 ops/s
                 gc.alloc.rate:      1235.139 MB/sec
                 gc.alloc.rate.norm: 6671811.610 B/op
                 gc.count:           1.000 counts
                 gc.time:            3.000 ms

Iteration   8: 198.365 ops/s
                 gc.alloc.rate:      1261.894 MB/sec
                 gc.alloc.rate.norm: 6671810.894 B/op
                 gc.count:           2.000 counts
                 gc.time:            5.000 ms

Iteration   9: 199.065 ops/s
                 gc.alloc.rate:      1266.343 MB/sec
                 gc.alloc.rate.norm: 6671816.240 B/op
                 gc.count:           1.000 counts
                 gc.time:            2.000 ms

Iteration  10: 199.457 ops/s
                 gc.alloc.rate:      1268.764 MB/sec
                 gc.alloc.rate.norm: 6671810.720 B/op
                 gc.count:           1.000 counts
                 gc.time:            2.000 ms


# Run progress: 51.67% complete, ETA 00:14:58
# Fork: 3 of 3
# Warmup Iteration   1: 162.259 ops/s
# Warmup Iteration   2: 190.656 ops/s
# Warmup Iteration   3: 196.584 ops/s
# Warmup Iteration   4: 191.925 ops/s
# Warmup Iteration   5: 196.478 ops/s
Iteration   1: 192.348 ops/s
                 gc.alloc.rate:      1223.590 MB/sec
                 gc.alloc.rate.norm: 6671811.979 B/op
                 gc.count:           1.000 counts
                 gc.time:            3.000 ms

Iteration   2: 193.046 ops/s
                 gc.alloc.rate:      1227.829 MB/sec
                 gc.alloc.rate.norm: 6671852.000 B/op
                 gc.count:           1.000 counts
                 gc.time:            3.000 ms

Iteration   3: 196.897 ops/s
                 gc.alloc.rate:      1252.417 MB/sec
                 gc.alloc.rate.norm: 6671811.249 B/op
                 gc.count:           1.000 counts
                 gc.time:            3.000 ms

Iteration   4: 192.608 ops/s
                 gc.alloc.rate:      1225.106 MB/sec
                 gc.alloc.rate.norm: 6671814.508 B/op
                 gc.count:           1.000 counts
                 gc.time:            3.000 ms

Iteration   5: 196.619 ops/s
                 gc.alloc.rate:      1250.780 MB/sec
                 gc.alloc.rate.norm: 6671811.249 B/op
                 gc.count:           1.000 counts
                 gc.time:            3.000 ms

Iteration   6: 195.016 ops/s
                 gc.alloc.rate:      1240.590 MB/sec
                 gc.alloc.rate.norm: 6671811.429 B/op
                 gc.count:           1.000 counts
                 gc.time:            2.000 ms

Iteration   7: 197.241 ops/s
                 gc.alloc.rate:      1254.734 MB/sec
                 gc.alloc.rate.norm: 6671811.071 B/op
                 gc.count:           1.000 counts
                 gc.time:            3.000 ms

Iteration   8: 196.841 ops/s
                 gc.alloc.rate:      1252.190 MB/sec
                 gc.alloc.rate.norm: 6671811.249 B/op
                 gc.count:           1.000 counts
                 gc.time:            3.000 ms

Iteration   9: 192.660 ops/s
                 gc.alloc.rate:      1225.587 MB/sec
                 gc.alloc.rate.norm: 6671817.699 B/op
                 gc.count:           1.000 counts
                 gc.time:            3.000 ms

Iteration  10: 196.708 ops/s
                 gc.alloc.rate:      1251.251 MB/sec
                 gc.alloc.rate.norm: 6671811.249 B/op
                 gc.count:           1.000 counts
                 gc.time:            2.000 ms



Result "dev.yll.simdjsonjni.bench.ThroughputBenchmark.checksum":
  195.416 ±(99.9%) 1.493 ops/s [Average]
  (min, avg, max) = (192.348, 195.416, 199.457), stdev = 2.235
  CI (99.9%): [193.923, 196.910] (assumes normal distribution)

Secondary result "dev.yll.simdjsonjni.bench.ThroughputBenchmark.checksum:gc.alloc.rate":
  1243.070 ±(99.9%) 9.514 MB/sec [Average]
  (min, avg, max) = (1223.590, 1243.070, 1268.764), stdev = 14.240
  CI (99.9%): [1233.557, 1252.584] (assumes normal distribution)

Secondary result "dev.yll.simdjsonjni.bench.ThroughputBenchmark.checksum:gc.alloc.rate.norm":
  6671816.133 ±(99.9%) 8.244 B/op [Average]
  (min, avg, max) = (6671810.720, 6671816.133, 6671852.394), stdev = 12.340
  CI (99.9%): [6671807.888, 6671824.377] (assumes normal distribution)

Secondary result "dev.yll.simdjsonjni.bench.ThroughputBenchmark.checksum:gc.count":
  31.000 ±(99.9%) 0.001 counts [Sum]
  (min, avg, max) = (1.000, 1.033, 2.000), stdev = 0.183
  CI (99.9%): [31.000, 31.000] (assumes normal distribution)

Secondary result "dev.yll.simdjsonjni.bench.ThroughputBenchmark.checksum:gc.time":
  88.000 ±(99.9%) 0.001 ms [Sum]
  (min, avg, max) = (2.000, 2.933, 6.000), stdev = 0.868
  CI (99.9%): [88.000, 88.000] (assumes normal distribution)


# JMH version: 1.37
# VM version: JDK 21.0.12.1, OpenJDK 64-Bit Server VM, 21.0.12.1+1-LTS
# VM invoker: /tmp/toolchain-152522/jdk21/bin/java
# VM options: -Dsimdjson.jni.library=/tmp/simdjson-jni-152522/build/libsimdjson_jni.so -Dsimdjson.data.dir=/tmp/simdjson-jni-152522/data -Xms2g -Xmx2g -XX:+UseG1GC
# Blackhole mode: compiler (auto-detected, use -Djmh.blackhole.autoDetect=false to disable)
# Warmup: 5 iterations, 1 s each
# Measurement: 10 iterations, 1 s each
# Timeout: 10 min per iteration
# Threads: 1 thread, will synchronize iterations
# Benchmark mode: Throughput, ops/time
# Benchmark: dev.yll.simdjsonjni.bench.ThroughputBenchmark.checksum
# Parameters: (dataset = gsoc-2018.json, engine = jackson-stream)

# Run progress: 52.50% complete, ETA 00:14:42
# Fork: 1 of 3
# Warmup Iteration   1: 249.818 ops/s
# Warmup Iteration   2: 263.876 ops/s
# Warmup Iteration   3: 271.122 ops/s
# Warmup Iteration   4: 268.171 ops/s
# Warmup Iteration   5: 268.102 ops/s
Iteration   1: 271.313 ops/s
                 gc.alloc.rate:      0.211 MB/sec
                 gc.alloc.rate.norm: 817.324 B/op
                 gc.count:           ≈ 0 counts

Iteration   2: 268.093 ops/s
                 gc.alloc.rate:      0.209 MB/sec
                 gc.alloc.rate.norm: 817.606 B/op
                 gc.count:           ≈ 0 counts

Iteration   3: 271.337 ops/s
                 gc.alloc.rate:      0.211 MB/sec
                 gc.alloc.rate.norm: 817.324 B/op
                 gc.count:           ≈ 0 counts

Iteration   4: 264.225 ops/s
                 gc.alloc.rate:      0.206 MB/sec
                 gc.alloc.rate.norm: 817.992 B/op
                 gc.count:           ≈ 0 counts

Iteration   5: 271.220 ops/s
                 gc.alloc.rate:      0.211 MB/sec
                 gc.alloc.rate.norm: 817.618 B/op
                 gc.count:           ≈ 0 counts

Iteration   6: 264.555 ops/s
                 gc.alloc.rate:      0.206 MB/sec
                 gc.alloc.rate.norm: 817.992 B/op
                 gc.count:           ≈ 0 counts

Iteration   7: 271.265 ops/s
                 gc.alloc.rate:      0.211 MB/sec
                 gc.alloc.rate.norm: 817.324 B/op
                 gc.count:           ≈ 0 counts

Iteration   8: 268.077 ops/s
                 gc.alloc.rate:      0.209 MB/sec
                 gc.alloc.rate.norm: 817.606 B/op
                 gc.count:           ≈ 0 counts

Iteration   9: 265.132 ops/s
                 gc.alloc.rate:      0.207 MB/sec
                 gc.alloc.rate.norm: 817.895 B/op
                 gc.count:           ≈ 0 counts

Iteration  10: 271.420 ops/s
                 gc.alloc.rate:      0.212 MB/sec
                 gc.alloc.rate.norm: 817.324 B/op
                 gc.count:           ≈ 0 counts


# Run progress: 53.33% complete, ETA 00:14:27
# Fork: 2 of 3
# Warmup Iteration   1: 248.531 ops/s
# Warmup Iteration   2: 265.943 ops/s
# Warmup Iteration   3: 268.950 ops/s
# Warmup Iteration   4: 262.796 ops/s
# Warmup Iteration   5: 269.279 ops/s
Iteration   1: 262.906 ops/s
                 gc.alloc.rate:      0.205 MB/sec
                 gc.alloc.rate.norm: 818.190 B/op
                 gc.count:           ≈ 0 counts

Iteration   2: 263.105 ops/s
                 gc.alloc.rate:      0.205 MB/sec
                 gc.alloc.rate.norm: 818.091 B/op
                 gc.count:           ≈ 0 counts

Iteration   3: 269.355 ops/s
                 gc.alloc.rate:      0.210 MB/sec
                 gc.alloc.rate.norm: 817.511 B/op
                 gc.count:           ≈ 0 counts

Iteration   4: 266.577 ops/s
                 gc.alloc.rate:      0.208 MB/sec
                 gc.alloc.rate.norm: 817.798 B/op
                 gc.count:           ≈ 0 counts

Iteration   5: 269.502 ops/s
                 gc.alloc.rate:      0.210 MB/sec
                 gc.alloc.rate.norm: 817.807 B/op
                 gc.count:           ≈ 0 counts

Iteration   6: 269.624 ops/s
                 gc.alloc.rate:      0.210 MB/sec
                 gc.alloc.rate.norm: 817.511 B/op
                 gc.count:           ≈ 0 counts

Iteration   7: 269.701 ops/s
                 gc.alloc.rate:      0.210 MB/sec
                 gc.alloc.rate.norm: 817.511 B/op
                 gc.count:           ≈ 0 counts

Iteration   8: 266.328 ops/s
                 gc.alloc.rate:      0.208 MB/sec
                 gc.alloc.rate.norm: 817.798 B/op
                 gc.count:           ≈ 0 counts

Iteration   9: 266.292 ops/s
                 gc.alloc.rate:      0.208 MB/sec
                 gc.alloc.rate.norm: 817.798 B/op
                 gc.count:           ≈ 0 counts

Iteration  10: 266.642 ops/s
                 gc.alloc.rate:      0.208 MB/sec
                 gc.alloc.rate.norm: 817.798 B/op
                 gc.count:           ≈ 0 counts


# Run progress: 54.17% complete, ETA 00:14:11
# Fork: 3 of 3
# Warmup Iteration   1: 243.641 ops/s
# Warmup Iteration   2: 261.840 ops/s
# Warmup Iteration   3: 268.539 ops/s
# Warmup Iteration   4: 262.552 ops/s
# Warmup Iteration   5: 265.481 ops/s
Iteration   1: 265.498 ops/s
                 gc.alloc.rate:      0.207 MB/sec
                 gc.alloc.rate.norm: 817.895 B/op
                 gc.count:           ≈ 0 counts

Iteration   2: 265.377 ops/s
                 gc.alloc.rate:      0.207 MB/sec
                 gc.alloc.rate.norm: 817.895 B/op
                 gc.count:           ≈ 0 counts

Iteration   3: 265.415 ops/s
                 gc.alloc.rate:      0.207 MB/sec
                 gc.alloc.rate.norm: 817.895 B/op
                 gc.count:           ≈ 0 counts

Iteration   4: 262.208 ops/s
                 gc.alloc.rate:      0.205 MB/sec
                 gc.alloc.rate.norm: 818.190 B/op
                 gc.count:           ≈ 0 counts

Iteration   5: 268.123 ops/s
                 gc.alloc.rate:      0.209 MB/sec
                 gc.alloc.rate.norm: 817.903 B/op
                 gc.count:           ≈ 0 counts

Iteration   6: 262.051 ops/s
                 gc.alloc.rate:      0.204 MB/sec
                 gc.alloc.rate.norm: 818.190 B/op
                 gc.count:           ≈ 0 counts

Iteration   7: 265.450 ops/s
                 gc.alloc.rate:      0.207 MB/sec
                 gc.alloc.rate.norm: 817.895 B/op
                 gc.count:           ≈ 0 counts

Iteration   8: 265.277 ops/s
                 gc.alloc.rate:      0.207 MB/sec
                 gc.alloc.rate.norm: 817.895 B/op
                 gc.count:           ≈ 0 counts

Iteration   9: 268.464 ops/s
                 gc.alloc.rate:      0.209 MB/sec
                 gc.alloc.rate.norm: 817.606 B/op
                 gc.count:           ≈ 0 counts

Iteration  10: 265.412 ops/s
                 gc.alloc.rate:      0.207 MB/sec
                 gc.alloc.rate.norm: 817.895 B/op
                 gc.count:           ≈ 0 counts



Result "dev.yll.simdjsonjni.bench.ThroughputBenchmark.checksum":
  266.998 ±(99.9%) 1.913 ops/s [Average]
  (min, avg, max) = (262.051, 266.998, 271.420), stdev = 2.864
  CI (99.9%): [265.085, 268.911] (assumes normal distribution)

Secondary result "dev.yll.simdjsonjni.bench.ThroughputBenchmark.checksum:gc.alloc.rate":
  0.208 ±(99.9%) 0.001 MB/sec [Average]
  (min, avg, max) = (0.204, 0.208, 0.212), stdev = 0.002
  CI (99.9%): [0.207, 0.210] (assumes normal distribution)

Secondary result "dev.yll.simdjsonjni.bench.ThroughputBenchmark.checksum:gc.alloc.rate.norm":
  817.769 ±(99.9%) 0.174 B/op [Average]
  (min, avg, max) = (817.324, 817.769, 818.190), stdev = 0.260
  CI (99.9%): [817.595, 817.943] (assumes normal distribution)

Secondary result "dev.yll.simdjsonjni.bench.ThroughputBenchmark.checksum:gc.count":
  ≈ 0 counts


# JMH version: 1.37
# VM version: JDK 21.0.12.1, OpenJDK 64-Bit Server VM, 21.0.12.1+1-LTS
# VM invoker: /tmp/toolchain-152522/jdk21/bin/java
# VM options: -Dsimdjson.jni.library=/tmp/simdjson-jni-152522/build/libsimdjson_jni.so -Dsimdjson.data.dir=/tmp/simdjson-jni-152522/data -Xms2g -Xmx2g -XX:+UseG1GC
# Blackhole mode: compiler (auto-detected, use -Djmh.blackhole.autoDetect=false to disable)
# Warmup: 5 iterations, 1 s each
# Measurement: 10 iterations, 1 s each
# Timeout: 10 min per iteration
# Threads: 1 thread, will synchronize iterations
# Benchmark mode: Throughput, ops/time
# Benchmark: dev.yll.simdjsonjni.bench.ThroughputBenchmark.checksum
# Parameters: (dataset = gsoc-2018.json, engine = simdjson-jni-copy)

# Run progress: 55.00% complete, ETA 00:13:56
# Fork: 1 of 3
# Warmup Iteration   1: 923.819 ops/s
# Warmup Iteration   2: 927.456 ops/s
# Warmup Iteration   3: 950.493 ops/s
# Warmup Iteration   4: 930.129 ops/s
# Warmup Iteration   5: 929.586 ops/s
Iteration   1: 946.035 ops/s
                 gc.alloc.rate:      0.007 MB/sec
                 gc.alloc.rate.norm: 7.426 B/op
                 gc.count:           ≈ 0 counts

Iteration   2: 925.481 ops/s
                 gc.alloc.rate:      0.007 MB/sec
                 gc.alloc.rate.norm: 7.438 B/op
                 gc.count:           ≈ 0 counts

Iteration   3: 927.079 ops/s
                 gc.alloc.rate:      0.007 MB/sec
                 gc.alloc.rate.norm: 7.422 B/op
                 gc.count:           ≈ 0 counts

Iteration   4: 949.545 ops/s
                 gc.alloc.rate:      0.007 MB/sec
                 gc.alloc.rate.norm: 7.251 B/op
                 gc.count:           ≈ 0 counts

Iteration   5: 928.430 ops/s
                 gc.alloc.rate:      0.007 MB/sec
                 gc.alloc.rate.norm: 7.414 B/op
                 gc.count:           ≈ 0 counts

Iteration   6: 926.028 ops/s
                 gc.alloc.rate:      0.007 MB/sec
                 gc.alloc.rate.norm: 7.430 B/op
                 gc.count:           ≈ 0 counts

Iteration   7: 950.365 ops/s
                 gc.alloc.rate:      0.007 MB/sec
                 gc.alloc.rate.norm: 7.243 B/op
                 gc.count:           ≈ 0 counts

Iteration   8: 929.408 ops/s
                 gc.alloc.rate:      0.007 MB/sec
                 gc.alloc.rate.norm: 7.406 B/op
                 gc.count:           ≈ 0 counts

Iteration   9: 937.412 ops/s
                 gc.alloc.rate:      0.007 MB/sec
                 gc.alloc.rate.norm: 7.343 B/op
                 gc.count:           ≈ 0 counts

Iteration  10: 939.182 ops/s
                 gc.alloc.rate:      0.007 MB/sec
                 gc.alloc.rate.norm: 7.328 B/op
                 gc.count:           ≈ 0 counts


# Run progress: 55.83% complete, ETA 00:13:40
# Fork: 2 of 3
# Warmup Iteration   1: 926.907 ops/s
# Warmup Iteration   2: 939.452 ops/s
# Warmup Iteration   3: 960.058 ops/s
# Warmup Iteration   4: 927.826 ops/s
# Warmup Iteration   5: 949.184 ops/s
Iteration   1: 924.418 ops/s
                 gc.alloc.rate:      0.007 MB/sec
                 gc.alloc.rate.norm: 7.602 B/op
                 gc.count:           ≈ 0 counts

Iteration   2: 935.794 ops/s
                 gc.alloc.rate:      0.007 MB/sec
                 gc.alloc.rate.norm: 7.359 B/op
                 gc.count:           ≈ 0 counts

Iteration   3: 938.830 ops/s
                 gc.alloc.rate:      0.007 MB/sec
                 gc.alloc.rate.norm: 7.335 B/op
                 gc.count:           ≈ 0 counts

Iteration   4: 926.637 ops/s
                 gc.alloc.rate:      0.007 MB/sec
                 gc.alloc.rate.norm: 7.430 B/op
                 gc.count:           ≈ 0 counts

Iteration   5: 945.731 ops/s
                 gc.alloc.rate:      0.007 MB/sec
                 gc.alloc.rate.norm: 7.281 B/op
                 gc.count:           ≈ 0 counts

Iteration   6: 925.354 ops/s
                 gc.alloc.rate:      0.007 MB/sec
                 gc.alloc.rate.norm: 7.438 B/op
                 gc.count:           ≈ 0 counts

Iteration   7: 925.081 ops/s
                 gc.alloc.rate:      0.007 MB/sec
                 gc.alloc.rate.norm: 7.438 B/op
                 gc.count:           ≈ 0 counts

Iteration   8: 947.763 ops/s
                 gc.alloc.rate:      0.007 MB/sec
                 gc.alloc.rate.norm: 7.266 B/op
                 gc.count:           ≈ 0 counts

Iteration   9: 937.499 ops/s
                 gc.alloc.rate:      0.007 MB/sec
                 gc.alloc.rate.norm: 7.343 B/op
                 gc.count:           ≈ 0 counts

Iteration  10: 923.729 ops/s
                 gc.alloc.rate:      0.007 MB/sec
                 gc.alloc.rate.norm: 7.455 B/op
                 gc.count:           ≈ 0 counts


# Run progress: 56.67% complete, ETA 00:13:25
# Fork: 3 of 3
# Warmup Iteration   1: 915.073 ops/s
# Warmup Iteration   2: 940.245 ops/s
# Warmup Iteration   3: 916.481 ops/s
# Warmup Iteration   4: 928.161 ops/s
# Warmup Iteration   5: 940.136 ops/s
Iteration   1: 918.400 ops/s
                 gc.alloc.rate:      0.007 MB/sec
                 gc.alloc.rate.norm: 7.652 B/op
                 gc.count:           ≈ 0 counts

Iteration   2: 925.708 ops/s
                 gc.alloc.rate:      0.007 MB/sec
                 gc.alloc.rate.norm: 7.438 B/op
                 gc.count:           ≈ 0 counts

Iteration   3: 938.324 ops/s
                 gc.alloc.rate:      0.007 MB/sec
                 gc.alloc.rate.norm: 7.335 B/op
                 gc.count:           ≈ 0 counts

Iteration   4: 927.007 ops/s
                 gc.alloc.rate:      0.007 MB/sec
                 gc.alloc.rate.norm: 7.422 B/op
                 gc.count:           ≈ 0 counts

Iteration   5: 936.897 ops/s
                 gc.alloc.rate:      0.007 MB/sec
                 gc.alloc.rate.norm: 7.343 B/op
                 gc.count:           ≈ 0 counts

Iteration   6: 938.987 ops/s
                 gc.alloc.rate:      0.007 MB/sec
                 gc.alloc.rate.norm: 7.328 B/op
                 gc.count:           ≈ 0 counts

Iteration   7: 938.494 ops/s
                 gc.alloc.rate:      0.007 MB/sec
                 gc.alloc.rate.norm: 7.335 B/op
                 gc.count:           ≈ 0 counts

Iteration   8: 938.399 ops/s
                 gc.alloc.rate:      0.007 MB/sec
                 gc.alloc.rate.norm: 7.335 B/op
                 gc.count:           ≈ 0 counts

Iteration   9: 927.074 ops/s
                 gc.alloc.rate:      0.007 MB/sec
                 gc.alloc.rate.norm: 7.422 B/op
                 gc.count:           ≈ 0 counts

Iteration  10: 939.125 ops/s
                 gc.alloc.rate:      0.007 MB/sec
                 gc.alloc.rate.norm: 7.328 B/op
                 gc.count:           ≈ 0 counts



Result "dev.yll.simdjsonjni.bench.ThroughputBenchmark.checksum":
  933.941 ±(99.9%) 5.855 ops/s [Average]
  (min, avg, max) = (918.400, 933.941, 950.365), stdev = 8.764
  CI (99.9%): [928.086, 939.796] (assumes normal distribution)

Secondary result "dev.yll.simdjsonjni.bench.ThroughputBenchmark.checksum:gc.alloc.rate":
  0.007 ±(99.9%) 0.001 MB/sec [Average]
  (min, avg, max) = (0.007, 0.007, 0.007), stdev = 0.001
  CI (99.9%): [0.007, 0.007] (assumes normal distribution)

Secondary result "dev.yll.simdjsonjni.bench.ThroughputBenchmark.checksum:gc.alloc.rate.norm":
  7.386 ±(99.9%) 0.060 B/op [Average]
  (min, avg, max) = (7.243, 7.386, 7.652), stdev = 0.090
  CI (99.9%): [7.326, 7.446] (assumes normal distribution)

Secondary result "dev.yll.simdjsonjni.bench.ThroughputBenchmark.checksum:gc.count":
  ≈ 0 counts


# JMH version: 1.37
# VM version: JDK 21.0.12.1, OpenJDK 64-Bit Server VM, 21.0.12.1+1-LTS
# VM invoker: /tmp/toolchain-152522/jdk21/bin/java
# VM options: -Dsimdjson.jni.library=/tmp/simdjson-jni-152522/build/libsimdjson_jni.so -Dsimdjson.data.dir=/tmp/simdjson-jni-152522/data -Xms2g -Xmx2g -XX:+UseG1GC
# Blackhole mode: compiler (auto-detected, use -Djmh.blackhole.autoDetect=false to disable)
# Warmup: 5 iterations, 1 s each
# Measurement: 10 iterations, 1 s each
# Timeout: 10 min per iteration
# Threads: 1 thread, will synchronize iterations
# Benchmark mode: Throughput, ops/time
# Benchmark: dev.yll.simdjsonjni.bench.ThroughputBenchmark.checksum
# Parameters: (dataset = gsoc-2018.json, engine = simdjson-jni-direct)

# Run progress: 57.50% complete, ETA 00:13:09
# Fork: 1 of 3
# Warmup Iteration   1: 1231.510 ops/s
# Warmup Iteration   2: 1234.981 ops/s
# Warmup Iteration   3: 1232.579 ops/s
# Warmup Iteration   4: 1235.312 ops/s
# Warmup Iteration   5: 1233.251 ops/s
Iteration   1: 1233.716 ops/s
                 gc.alloc.rate:      0.007 MB/sec
                 gc.alloc.rate.norm: 5.582 B/op
                 gc.count:           ≈ 0 counts

Iteration   2: 1233.053 ops/s
                 gc.alloc.rate:      0.007 MB/sec
                 gc.alloc.rate.norm: 5.582 B/op
                 gc.count:           ≈ 0 counts

Iteration   3: 1232.075 ops/s
                 gc.alloc.rate:      0.007 MB/sec
                 gc.alloc.rate.norm: 5.586 B/op
                 gc.count:           ≈ 0 counts

Iteration   4: 1233.803 ops/s
                 gc.alloc.rate:      0.007 MB/sec
                 gc.alloc.rate.norm: 5.582 B/op
                 gc.count:           ≈ 0 counts

Iteration   5: 1233.743 ops/s
                 gc.alloc.rate:      0.007 MB/sec
                 gc.alloc.rate.norm: 5.582 B/op
                 gc.count:           ≈ 0 counts

Iteration   6: 1233.877 ops/s
                 gc.alloc.rate:      0.007 MB/sec
                 gc.alloc.rate.norm: 5.582 B/op
                 gc.count:           ≈ 0 counts

Iteration   7: 1231.366 ops/s
                 gc.alloc.rate:      0.007 MB/sec
                 gc.alloc.rate.norm: 5.591 B/op
                 gc.count:           ≈ 0 counts

Iteration   8: 1218.734 ops/s
                 gc.alloc.rate:      0.007 MB/sec
                 gc.alloc.rate.norm: 5.651 B/op
                 gc.count:           ≈ 0 counts

Iteration   9: 1219.645 ops/s
                 gc.alloc.rate:      0.007 MB/sec
                 gc.alloc.rate.norm: 5.646 B/op
                 gc.count:           ≈ 0 counts

Iteration  10: 1219.613 ops/s
                 gc.alloc.rate:      0.007 MB/sec
                 gc.alloc.rate.norm: 5.646 B/op
                 gc.count:           ≈ 0 counts


# Run progress: 58.33% complete, ETA 00:12:54
# Fork: 2 of 3
# Warmup Iteration   1: 1214.119 ops/s
# Warmup Iteration   2: 1229.684 ops/s
# Warmup Iteration   3: 1201.065 ops/s
# Warmup Iteration   4: 1218.365 ops/s
# Warmup Iteration   5: 1209.539 ops/s
Iteration   1: 1200.197 ops/s
                 gc.alloc.rate:      0.007 MB/sec
                 gc.alloc.rate.norm: 5.735 B/op
                 gc.count:           ≈ 0 counts

Iteration   2: 1214.069 ops/s
                 gc.alloc.rate:      0.007 MB/sec
                 gc.alloc.rate.norm: 5.669 B/op
                 gc.count:           ≈ 0 counts

Iteration   3: 1229.517 ops/s
                 gc.alloc.rate:      0.007 MB/sec
                 gc.alloc.rate.norm: 5.600 B/op
                 gc.count:           ≈ 0 counts

Iteration   4: 1213.108 ops/s
                 gc.alloc.rate:      0.007 MB/sec
                 gc.alloc.rate.norm: 5.674 B/op
                 gc.count:           ≈ 0 counts

Iteration   5: 1170.950 ops/s
                 gc.alloc.rate:      0.007 MB/sec
                 gc.alloc.rate.norm: 5.877 B/op
                 gc.count:           ≈ 0 counts

Iteration   6: 1202.280 ops/s
                 gc.alloc.rate:      0.007 MB/sec
                 gc.alloc.rate.norm: 5.726 B/op
                 gc.count:           ≈ 0 counts

Iteration   7: 1230.443 ops/s
                 gc.alloc.rate:      0.007 MB/sec
                 gc.alloc.rate.norm: 5.595 B/op
                 gc.count:           ≈ 0 counts

Iteration   8: 1219.014 ops/s
                 gc.alloc.rate:      0.007 MB/sec
                 gc.alloc.rate.norm: 5.646 B/op
                 gc.count:           ≈ 0 counts

Iteration   9: 1230.611 ops/s
                 gc.alloc.rate:      0.007 MB/sec
                 gc.alloc.rate.norm: 5.595 B/op
                 gc.count:           ≈ 0 counts

Iteration  10: 1230.137 ops/s
                 gc.alloc.rate:      0.007 MB/sec
                 gc.alloc.rate.norm: 5.595 B/op
                 gc.count:           ≈ 0 counts


# Run progress: 59.17% complete, ETA 00:12:38
# Fork: 3 of 3
# Warmup Iteration   1: 1216.857 ops/s
# Warmup Iteration   2: 1199.625 ops/s
# Warmup Iteration   3: 1231.856 ops/s
# Warmup Iteration   4: 1205.683 ops/s
# Warmup Iteration   5: 1218.856 ops/s
Iteration   1: 1212.966 ops/s
                 gc.alloc.rate:      0.007 MB/sec
                 gc.alloc.rate.norm: 5.674 B/op
                 gc.count:           ≈ 0 counts

Iteration   2: 1202.634 ops/s
                 gc.alloc.rate:      0.007 MB/sec
                 gc.alloc.rate.norm: 5.726 B/op
                 gc.count:           ≈ 0 counts

Iteration   3: 1226.293 ops/s
                 gc.alloc.rate:      0.007 MB/sec
                 gc.alloc.rate.norm: 5.614 B/op
                 gc.count:           ≈ 0 counts

Iteration   4: 1199.690 ops/s
                 gc.alloc.rate:      0.007 MB/sec
                 gc.alloc.rate.norm: 5.740 B/op
                 gc.count:           ≈ 0 counts

Iteration   5: 1228.798 ops/s
                 gc.alloc.rate:      0.007 MB/sec
                 gc.alloc.rate.norm: 5.605 B/op
                 gc.count:           ≈ 0 counts

Iteration   6: 1228.912 ops/s
                 gc.alloc.rate:      0.007 MB/sec
                 gc.alloc.rate.norm: 5.600 B/op
                 gc.count:           ≈ 0 counts

Iteration   7: 1230.515 ops/s
                 gc.alloc.rate:      0.007 MB/sec
                 gc.alloc.rate.norm: 5.595 B/op
                 gc.count:           ≈ 0 counts

Iteration   8: 1230.521 ops/s
                 gc.alloc.rate:      0.007 MB/sec
                 gc.alloc.rate.norm: 5.595 B/op
                 gc.count:           ≈ 0 counts

Iteration   9: 1217.287 ops/s
                 gc.alloc.rate:      0.007 MB/sec
                 gc.alloc.rate.norm: 5.655 B/op
                 gc.count:           ≈ 0 counts

Iteration  10: 1198.856 ops/s
                 gc.alloc.rate:      0.007 MB/sec
                 gc.alloc.rate.norm: 5.745 B/op
                 gc.count:           ≈ 0 counts



Result "dev.yll.simdjsonjni.bench.ThroughputBenchmark.checksum":
  1220.214 ±(99.9%) 9.966 ops/s [Average]
  (min, avg, max) = (1170.950, 1220.214, 1233.877), stdev = 14.916
  CI (99.9%): [1210.248, 1230.180] (assumes normal distribution)

Secondary result "dev.yll.simdjsonjni.bench.ThroughputBenchmark.checksum:gc.alloc.rate":
  0.007 ±(99.9%) 0.001 MB/sec [Average]
  (min, avg, max) = (0.007, 0.007, 0.007), stdev = 0.001
  CI (99.9%): [0.007, 0.007] (assumes normal distribution)

Secondary result "dev.yll.simdjsonjni.bench.ThroughputBenchmark.checksum:gc.alloc.rate.norm":
  5.643 ±(99.9%) 0.047 B/op [Average]
  (min, avg, max) = (5.582, 5.643, 5.877), stdev = 0.070
  CI (99.9%): [5.596, 5.690] (assumes normal distribution)

Secondary result "dev.yll.simdjsonjni.bench.ThroughputBenchmark.checksum:gc.count":
  ≈ 0 counts


# JMH version: 1.37
# VM version: JDK 21.0.12.1, OpenJDK 64-Bit Server VM, 21.0.12.1+1-LTS
# VM invoker: /tmp/toolchain-152522/jdk21/bin/java
# VM options: -Dsimdjson.jni.library=/tmp/simdjson-jni-152522/build/libsimdjson_jni.so -Dsimdjson.data.dir=/tmp/simdjson-jni-152522/data -Xms2g -Xmx2g -XX:+UseG1GC
# Blackhole mode: compiler (auto-detected, use -Djmh.blackhole.autoDetect=false to disable)
# Warmup: 5 iterations, 1 s each
# Measurement: 10 iterations, 1 s each
# Timeout: 10 min per iteration
# Threads: 1 thread, will synchronize iterations
# Benchmark mode: Throughput, ops/time
# Benchmark: dev.yll.simdjsonjni.bench.ThroughputBenchmark.checksum
# Parameters: (dataset = marine_ik.json, engine = jackson-tree)

# Run progress: 60.00% complete, ETA 00:12:23
# Fork: 1 of 3
# Warmup Iteration   1: 46.836 ops/s
# Warmup Iteration   2: 55.514 ops/s
# Warmup Iteration   3: 57.057 ops/s
# Warmup Iteration   4: 57.328 ops/s
# Warmup Iteration   5: 55.977 ops/s
Iteration   1: 56.680 ops/s
                 gc.alloc.rate:      1419.741 MB/sec
                 gc.alloc.rate.norm: 26270369.825 B/op
                 gc.count:           1.000 counts
                 gc.time:            3.000 ms

Iteration   2: 57.200 ops/s
                 gc.alloc.rate:      1432.483 MB/sec
                 gc.alloc.rate.norm: 26270372.966 B/op
                 gc.count:           1.000 counts
                 gc.time:            3.000 ms

Iteration   3: 55.821 ops/s
                 gc.alloc.rate:      1398.112 MB/sec
                 gc.alloc.rate.norm: 26270511.286 B/op
                 gc.count:           2.000 counts
                 gc.time:            6.000 ms

Iteration   4: 57.404 ops/s
                 gc.alloc.rate:      1437.727 MB/sec
                 gc.alloc.rate.norm: 26270367.724 B/op
                 gc.count:           1.000 counts
                 gc.time:            3.000 ms

Iteration   5: 56.187 ops/s
                 gc.alloc.rate:      1407.384 MB/sec
                 gc.alloc.rate.norm: 26270369.825 B/op
                 gc.count:           1.000 counts
                 gc.time:            3.000 ms

Iteration   6: 56.748 ops/s
                 gc.alloc.rate:      1421.418 MB/sec
                 gc.alloc.rate.norm: 26270369.825 B/op
                 gc.count:           1.000 counts
                 gc.time:            2.000 ms

Iteration   7: 57.298 ops/s
                 gc.alloc.rate:      1435.211 MB/sec
                 gc.alloc.rate.norm: 26270367.724 B/op
                 gc.count:           1.000 counts
                 gc.time:            3.000 ms

Iteration   8: 56.109 ops/s
                 gc.alloc.rate:      1405.441 MB/sec
                 gc.alloc.rate.norm: 26270369.825 B/op
                 gc.count:           1.000 counts
                 gc.time:            3.000 ms

Iteration   9: 55.838 ops/s
                 gc.alloc.rate:      1398.648 MB/sec
                 gc.alloc.rate.norm: 26270372.000 B/op
                 gc.count:           2.000 counts
                 gc.time:            4.000 ms

Iteration  10: 57.232 ops/s
                 gc.alloc.rate:      1433.453 MB/sec
                 gc.alloc.rate.norm: 26270367.724 B/op
                 gc.count:           1.000 counts
                 gc.time:            1.000 ms


# Run progress: 60.83% complete, ETA 00:12:07
# Fork: 2 of 3
# Warmup Iteration   1: 45.873 ops/s
# Warmup Iteration   2: 54.563 ops/s
# Warmup Iteration   3: 54.587 ops/s
# Warmup Iteration   4: 56.049 ops/s
# Warmup Iteration   5: 54.840 ops/s
Iteration   1: 55.514 ops/s
                 gc.alloc.rate:      1390.521 MB/sec
                 gc.alloc.rate.norm: 26270372.000 B/op
                 gc.count:           1.000 counts
                 gc.time:            2.000 ms

Iteration   2: 55.514 ops/s
                 gc.alloc.rate:      1390.225 MB/sec
                 gc.alloc.rate.norm: 26270372.000 B/op
                 gc.count:           1.000 counts
                 gc.time:            3.000 ms

Iteration   3: 54.836 ops/s
                 gc.alloc.rate:      1373.434 MB/sec
                 gc.alloc.rate.norm: 26270520.145 B/op
                 gc.count:           1.000 counts
                 gc.time:            3.000 ms

Iteration   4: 56.174 ops/s
                 gc.alloc.rate:      1406.869 MB/sec
                 gc.alloc.rate.norm: 26270369.825 B/op
                 gc.count:           1.000 counts
                 gc.time:            3.000 ms

Iteration   5: 54.731 ops/s
                 gc.alloc.rate:      1370.893 MB/sec
                 gc.alloc.rate.norm: 26270375.709 B/op
                 gc.count:           2.000 counts
                 gc.time:            6.000 ms

Iteration   6: 55.170 ops/s
                 gc.alloc.rate:      1381.876 MB/sec
                 gc.alloc.rate.norm: 26270372.000 B/op
                 gc.count:           1.000 counts
                 gc.time:            2.000 ms

Iteration   7: 56.167 ops/s
                 gc.alloc.rate:      1406.848 MB/sec
                 gc.alloc.rate.norm: 26270369.825 B/op
                 gc.count:           1.000 counts
                 gc.time:            3.000 ms

Iteration   8: 55.028 ops/s
                 gc.alloc.rate:      1378.361 MB/sec
                 gc.alloc.rate.norm: 26270372.000 B/op
                 gc.count:           1.000 counts
                 gc.time:            3.000 ms

Iteration   9: 55.758 ops/s
                 gc.alloc.rate:      1396.620 MB/sec
                 gc.alloc.rate.norm: 26270372.000 B/op
                 gc.count:           1.000 counts
                 gc.time:            2.000 ms

Iteration  10: 55.762 ops/s
                 gc.alloc.rate:      1396.622 MB/sec
                 gc.alloc.rate.norm: 26270372.000 B/op
                 gc.count:           1.000 counts
                 gc.time:            1.000 ms


# Run progress: 61.67% complete, ETA 00:11:52
# Fork: 3 of 3
# Warmup Iteration   1: 44.405 ops/s
# Warmup Iteration   2: 53.716 ops/s
# Warmup Iteration   3: 53.677 ops/s
# Warmup Iteration   4: 54.585 ops/s
# Warmup Iteration   5: 53.628 ops/s
Iteration   1: 53.687 ops/s
                 gc.alloc.rate:      1344.751 MB/sec
                 gc.alloc.rate.norm: 26270376.593 B/op
                 gc.count:           1.000 counts
                 gc.time:            3.000 ms

Iteration   2: 54.775 ops/s
                 gc.alloc.rate:      1371.748 MB/sec
                 gc.alloc.rate.norm: 26270374.255 B/op
                 gc.count:           1.000 counts
                 gc.time:            3.000 ms

Iteration   3: 54.285 ops/s
                 gc.alloc.rate:      1359.638 MB/sec
                 gc.alloc.rate.norm: 26270378.327 B/op
                 gc.count:           1.000 counts
                 gc.time:            3.000 ms

Iteration   4: 54.912 ops/s
                 gc.alloc.rate:      1375.253 MB/sec
                 gc.alloc.rate.norm: 26270516.073 B/op
                 gc.count:           1.000 counts
                 gc.time:            3.000 ms

Iteration   5: 53.742 ops/s
                 gc.alloc.rate:      1346.150 MB/sec
                 gc.alloc.rate.norm: 26270378.074 B/op
                 gc.count:           1.000 counts
                 gc.time:            3.000 ms

Iteration   6: 54.792 ops/s
                 gc.alloc.rate:      1372.436 MB/sec
                 gc.alloc.rate.norm: 26270374.255 B/op
                 gc.count:           2.000 counts
                 gc.time:            5.000 ms

Iteration   7: 54.445 ops/s
                 gc.alloc.rate:      1363.760 MB/sec
                 gc.alloc.rate.norm: 26270374.255 B/op
                 gc.count:           1.000 counts
                 gc.time:            3.000 ms

Iteration   8: 54.305 ops/s
                 gc.alloc.rate:      1360.259 MB/sec
                 gc.alloc.rate.norm: 26270374.255 B/op
                 gc.count:           1.000 counts
                 gc.time:            3.000 ms

Iteration   9: 54.451 ops/s
                 gc.alloc.rate:      1363.883 MB/sec
                 gc.alloc.rate.norm: 26270374.255 B/op
                 gc.count:           1.000 counts
                 gc.time:            2.000 ms

Iteration  10: 53.769 ops/s
                 gc.alloc.rate:      1346.746 MB/sec
                 gc.alloc.rate.norm: 26270376.593 B/op
                 gc.count:           1.000 counts
                 gc.time:            1.000 ms



Result "dev.yll.simdjsonjni.bench.ThroughputBenchmark.checksum":
  55.478 ±(99.9%) 0.734 ops/s [Average]
  (min, avg, max) = (53.687, 55.478, 57.404), stdev = 1.099
  CI (99.9%): [54.744, 56.212] (assumes normal distribution)

Secondary result "dev.yll.simdjsonjni.bench.ThroughputBenchmark.checksum:gc.alloc.rate":
  1389.550 ±(99.9%) 18.375 MB/sec [Average]
  (min, avg, max) = (1344.751, 1389.550, 1437.727), stdev = 27.503
  CI (99.9%): [1371.175, 1407.926] (assumes normal distribution)

Secondary result "dev.yll.simdjsonjni.bench.ThroughputBenchmark.checksum:gc.alloc.rate.norm":
  26270386.772 ±(99.9%) 29.307 B/op [Average]
  (min, avg, max) = (26270367.724, 26270386.772, 26270520.145), stdev = 43.865
  CI (99.9%): [26270357.465, 26270416.079] (assumes normal distribution)

Secondary result "dev.yll.simdjsonjni.bench.ThroughputBenchmark.checksum:gc.count":
  34.000 ±(99.9%) 0.001 counts [Sum]
  (min, avg, max) = (1.000, 1.133, 2.000), stdev = 0.346
  CI (99.9%): [34.000, 34.000] (assumes normal distribution)

Secondary result "dev.yll.simdjsonjni.bench.ThroughputBenchmark.checksum:gc.time":
  88.000 ±(99.9%) 0.001 ms [Sum]
  (min, avg, max) = (1.000, 2.933, 6.000), stdev = 1.172
  CI (99.9%): [88.000, 88.000] (assumes normal distribution)


# JMH version: 1.37
# VM version: JDK 21.0.12.1, OpenJDK 64-Bit Server VM, 21.0.12.1+1-LTS
# VM invoker: /tmp/toolchain-152522/jdk21/bin/java
# VM options: -Dsimdjson.jni.library=/tmp/simdjson-jni-152522/build/libsimdjson_jni.so -Dsimdjson.data.dir=/tmp/simdjson-jni-152522/data -Xms2g -Xmx2g -XX:+UseG1GC
# Blackhole mode: compiler (auto-detected, use -Djmh.blackhole.autoDetect=false to disable)
# Warmup: 5 iterations, 1 s each
# Measurement: 10 iterations, 1 s each
# Timeout: 10 min per iteration
# Threads: 1 thread, will synchronize iterations
# Benchmark mode: Throughput, ops/time
# Benchmark: dev.yll.simdjsonjni.bench.ThroughputBenchmark.checksum
# Parameters: (dataset = marine_ik.json, engine = jackson-stream)

# Run progress: 62.50% complete, ETA 00:11:37
# Fork: 1 of 3
# Warmup Iteration   1: 64.111 ops/s
# Warmup Iteration   2: 68.619 ops/s
# Warmup Iteration   3: 71.338 ops/s
# Warmup Iteration   4: 72.932 ops/s
# Warmup Iteration   5: 72.990 ops/s
Iteration   1: 72.654 ops/s
                 gc.alloc.rate:      928.305 MB/sec
                 gc.alloc.rate.norm: 13400375.123 B/op
                 gc.count:           1.000 counts
                 gc.time:            3.000 ms

Iteration   2: 72.091 ops/s
                 gc.alloc.rate:      921.004 MB/sec
                 gc.alloc.rate.norm: 13400481.973 B/op
                 gc.count:           1.000 counts
                 gc.time:            3.000 ms

Iteration   3: 73.181 ops/s
                 gc.alloc.rate:      934.984 MB/sec
                 gc.alloc.rate.norm: 13400373.081 B/op
                 gc.count:           ≈ 0 counts

Iteration   4: 72.950 ops/s
                 gc.alloc.rate:      931.988 MB/sec
                 gc.alloc.rate.norm: 13400375.123 B/op
                 gc.count:           1.000 counts
                 gc.time:            3.000 ms

Iteration   5: 73.021 ops/s
                 gc.alloc.rate:      933.007 MB/sec
                 gc.alloc.rate.norm: 13400373.838 B/op
                 gc.count:           1.000 counts
                 gc.time:            3.000 ms

Iteration   6: 71.927 ops/s
                 gc.alloc.rate:      919.027 MB/sec
                 gc.alloc.rate.norm: 13400376.444 B/op
                 gc.count:           1.000 counts
                 gc.time:            3.000 ms

Iteration   7: 73.209 ops/s
                 gc.alloc.rate:      935.402 MB/sec
                 gc.alloc.rate.norm: 13400373.081 B/op
                 gc.count:           ≈ 0 counts

Iteration   8: 73.041 ops/s
                 gc.alloc.rate:      933.258 MB/sec
                 gc.alloc.rate.norm: 13400373.838 B/op
                 gc.count:           1.000 counts
                 gc.time:            3.000 ms

Iteration   9: 72.276 ops/s
                 gc.alloc.rate:      923.481 MB/sec
                 gc.alloc.rate.norm: 13400375.123 B/op
                 gc.count:           1.000 counts
                 gc.time:            2.000 ms

Iteration  10: 71.245 ops/s
                 gc.alloc.rate:      910.262 MB/sec
                 gc.alloc.rate.norm: 13400376.444 B/op
                 gc.count:           1.000 counts
                 gc.time:            3.000 ms


# Run progress: 63.33% complete, ETA 00:11:21
# Fork: 2 of 3
# Warmup Iteration   1: 63.297 ops/s
# Warmup Iteration   2: 67.822 ops/s
# Warmup Iteration   3: 73.298 ops/s
# Warmup Iteration   4: 72.227 ops/s
# Warmup Iteration   5: 71.316 ops/s
Iteration   1: 73.125 ops/s
                 gc.alloc.rate:      934.315 MB/sec
                 gc.alloc.rate.norm: 13400376.865 B/op
                 gc.count:           1.000 counts
                 gc.time:            3.000 ms

Iteration   2: 71.171 ops/s
                 gc.alloc.rate:      909.256 MB/sec
                 gc.alloc.rate.norm: 13400484.778 B/op
                 gc.count:           1.000 counts
                 gc.time:            3.000 ms

Iteration   3: 71.489 ops/s
                 gc.alloc.rate:      913.355 MB/sec
                 gc.alloc.rate.norm: 13400375.667 B/op
                 gc.count:           ≈ 0 counts

Iteration   4: 73.090 ops/s
                 gc.alloc.rate:      933.787 MB/sec
                 gc.alloc.rate.norm: 13400373.838 B/op
                 gc.count:           1.000 counts
                 gc.time:            3.000 ms

Iteration   5: 71.456 ops/s
                 gc.alloc.rate:      913.005 MB/sec
                 gc.alloc.rate.norm: 13400376.444 B/op
                 gc.count:           1.000 counts
                 gc.time:            3.000 ms

Iteration   6: 73.139 ops/s
                 gc.alloc.rate:      934.510 MB/sec
                 gc.alloc.rate.norm: 13400373.838 B/op
                 gc.count:           1.000 counts
                 gc.time:            2.000 ms

Iteration   7: 71.583 ops/s
                 gc.alloc.rate:      914.634 MB/sec
                 gc.alloc.rate.norm: 13400375.667 B/op
                 gc.count:           ≈ 0 counts

Iteration   8: 72.326 ops/s
                 gc.alloc.rate:      924.119 MB/sec
                 gc.alloc.rate.norm: 13400375.123 B/op
                 gc.count:           1.000 counts
                 gc.time:            3.000 ms

Iteration   9: 72.244 ops/s
                 gc.alloc.rate:      923.075 MB/sec
                 gc.alloc.rate.norm: 13400375.123 B/op
                 gc.count:           1.000 counts
                 gc.time:            3.000 ms

Iteration  10: 71.256 ops/s
                 gc.alloc.rate:      910.392 MB/sec
                 gc.alloc.rate.norm: 13400376.444 B/op
                 gc.count:           1.000 counts
                 gc.time:            3.000 ms


# Run progress: 64.17% complete, ETA 00:11:06
# Fork: 3 of 3
# Warmup Iteration   1: 64.172 ops/s
# Warmup Iteration   2: 70.950 ops/s
# Warmup Iteration   3: 75.397 ops/s
# Warmup Iteration   4: 75.534 ops/s
# Warmup Iteration   5: 74.533 ops/s
Iteration   1: 74.513 ops/s
                 gc.alloc.rate:      952.059 MB/sec
                 gc.alloc.rate.norm: 13400479.573 B/op
                 gc.count:           1.000 counts
                 gc.time:            3.000 ms

Iteration   2: 74.377 ops/s
                 gc.alloc.rate:      950.121 MB/sec
                 gc.alloc.rate.norm: 13400372.587 B/op
                 gc.count:           1.000 counts
                 gc.time:            2.000 ms

Iteration   3: 75.430 ops/s
                 gc.alloc.rate:      963.711 MB/sec
                 gc.alloc.rate.norm: 13400371.368 B/op
                 gc.count:           1.000 counts
                 gc.time:            4.000 ms

Iteration   4: 73.885 ops/s
                 gc.alloc.rate:      943.982 MB/sec
                 gc.alloc.rate.norm: 13400373.081 B/op
                 gc.count:           ≈ 0 counts

Iteration   5: 74.600 ops/s
                 gc.alloc.rate:      953.199 MB/sec
                 gc.alloc.rate.norm: 13400372.587 B/op
                 gc.count:           1.000 counts
                 gc.time:            3.000 ms

Iteration   6: 75.511 ops/s
                 gc.alloc.rate:      964.820 MB/sec
                 gc.alloc.rate.norm: 13400371.368 B/op
                 gc.count:           1.000 counts
                 gc.time:            2.000 ms

Iteration   7: 73.750 ops/s
                 gc.alloc.rate:      942.322 MB/sec
                 gc.alloc.rate.norm: 13400373.838 B/op
                 gc.count:           1.000 counts
                 gc.time:            3.000 ms

Iteration   8: 75.801 ops/s
                 gc.alloc.rate:      968.542 MB/sec
                 gc.alloc.rate.norm: 13400370.632 B/op
                 gc.count:           ≈ 0 counts

Iteration   9: 74.695 ops/s
                 gc.alloc.rate:      954.396 MB/sec
                 gc.alloc.rate.norm: 13400372.587 B/op
                 gc.count:           1.000 counts
                 gc.time:            3.000 ms

Iteration  10: 74.721 ops/s
                 gc.alloc.rate:      954.648 MB/sec
                 gc.alloc.rate.norm: 13400372.587 B/op
                 gc.count:           1.000 counts
                 gc.time:            2.000 ms



Result "dev.yll.simdjsonjni.bench.ThroughputBenchmark.checksum":
  73.125 ±(99.9%) 0.907 ops/s [Average]
  (min, avg, max) = (71.171, 73.125, 75.801), stdev = 1.357
  CI (99.9%): [72.218, 74.032] (assumes normal distribution)

Secondary result "dev.yll.simdjsonjni.bench.ThroughputBenchmark.checksum:gc.alloc.rate":
  934.299 ±(99.9%) 11.589 MB/sec [Average]
  (min, avg, max) = (909.256, 934.299, 968.542), stdev = 17.346
  CI (99.9%): [922.710, 945.888] (assumes normal distribution)

Secondary result "dev.yll.simdjsonjni.bench.ThroughputBenchmark.checksum:gc.alloc.rate.norm":
  13400384.935 ±(99.9%) 22.043 B/op [Average]
  (min, avg, max) = (13400370.632, 13400384.935, 13400484.778), stdev = 32.993
  CI (99.9%): [13400362.892, 13400406.979] (assumes normal distribution)

Secondary result "dev.yll.simdjsonjni.bench.ThroughputBenchmark.checksum:gc.count":
  24.000 ±(99.9%) 0.001 counts [Sum]
  (min, avg, max) = (≈ 0, 0.800, 1.000), stdev = 0.407
  CI (99.9%): [24.000, 24.000] (assumes normal distribution)

Secondary result "dev.yll.simdjsonjni.bench.ThroughputBenchmark.checksum:gc.time":
  68.000 ±(99.9%) 0.001 ms [Sum]
  (min, avg, max) = (≈ 0, 2.267, 4.000), stdev = 1.230
  CI (99.9%): [68.000, 68.000] (assumes normal distribution)


# JMH version: 1.37
# VM version: JDK 21.0.12.1, OpenJDK 64-Bit Server VM, 21.0.12.1+1-LTS
# VM invoker: /tmp/toolchain-152522/jdk21/bin/java
# VM options: -Dsimdjson.jni.library=/tmp/simdjson-jni-152522/build/libsimdjson_jni.so -Dsimdjson.data.dir=/tmp/simdjson-jni-152522/data -Xms2g -Xmx2g -XX:+UseG1GC
# Blackhole mode: compiler (auto-detected, use -Djmh.blackhole.autoDetect=false to disable)
# Warmup: 5 iterations, 1 s each
# Measurement: 10 iterations, 1 s each
# Timeout: 10 min per iteration
# Threads: 1 thread, will synchronize iterations
# Benchmark mode: Throughput, ops/time
# Benchmark: dev.yll.simdjsonjni.bench.ThroughputBenchmark.checksum
# Parameters: (dataset = marine_ik.json, engine = simdjson-jni-copy)

# Run progress: 65.00% complete, ETA 00:10:50
# Fork: 1 of 3
# Warmup Iteration   1: 238.310 ops/s
# Warmup Iteration   2: 241.508 ops/s
# Warmup Iteration   3: 238.596 ops/s
# Warmup Iteration   4: 241.768 ops/s
# Warmup Iteration   5: 236.469 ops/s
Iteration   1: 236.448 ops/s
                 gc.alloc.rate:      0.007 MB/sec
                 gc.alloc.rate.norm: 29.063 B/op
                 gc.count:           ≈ 0 counts

Iteration   2: 242.386 ops/s
                 gc.alloc.rate:      0.007 MB/sec
                 gc.alloc.rate.norm: 28.346 B/op
                 gc.count:           ≈ 0 counts

Iteration   3: 236.557 ops/s
                 gc.alloc.rate:      0.007 MB/sec
                 gc.alloc.rate.norm: 29.063 B/op
                 gc.count:           ≈ 0 counts

Iteration   4: 242.288 ops/s
                 gc.alloc.rate:      0.007 MB/sec
                 gc.alloc.rate.norm: 28.346 B/op
                 gc.count:           ≈ 0 counts

Iteration   5: 239.546 ops/s
                 gc.alloc.rate:      0.007 MB/sec
                 gc.alloc.rate.norm: 28.700 B/op
                 gc.count:           ≈ 0 counts

Iteration   6: 242.152 ops/s
                 gc.alloc.rate:      0.007 MB/sec
                 gc.alloc.rate.norm: 28.346 B/op
                 gc.count:           ≈ 0 counts

Iteration   7: 242.724 ops/s
                 gc.alloc.rate:      0.007 MB/sec
                 gc.alloc.rate.norm: 28.346 B/op
                 gc.count:           ≈ 0 counts

Iteration   8: 238.658 ops/s
                 gc.alloc.rate:      0.007 MB/sec
                 gc.alloc.rate.norm: 28.820 B/op
                 gc.count:           ≈ 0 counts

Iteration   9: 239.398 ops/s
                 gc.alloc.rate:      0.007 MB/sec
                 gc.alloc.rate.norm: 28.700 B/op
                 gc.count:           ≈ 0 counts

Iteration  10: 239.795 ops/s
                 gc.alloc.rate:      0.007 MB/sec
                 gc.alloc.rate.norm: 28.700 B/op
                 gc.count:           ≈ 0 counts


# Run progress: 65.83% complete, ETA 00:10:35
# Fork: 2 of 3
# Warmup Iteration   1: 236.095 ops/s
# Warmup Iteration   2: 239.152 ops/s
# Warmup Iteration   3: 238.158 ops/s
# Warmup Iteration   4: 239.896 ops/s
# Warmup Iteration   5: 239.741 ops/s
Iteration   1: 239.270 ops/s
                 gc.alloc.rate:      0.007 MB/sec
                 gc.alloc.rate.norm: 28.700 B/op
                 gc.count:           ≈ 0 counts

Iteration   2: 239.739 ops/s
                 gc.alloc.rate:      0.007 MB/sec
                 gc.alloc.rate.norm: 28.700 B/op
                 gc.count:           ≈ 0 counts

Iteration   3: 236.942 ops/s
                 gc.alloc.rate:      0.007 MB/sec
                 gc.alloc.rate.norm: 29.063 B/op
                 gc.count:           ≈ 0 counts

Iteration   4: 238.897 ops/s
                 gc.alloc.rate:      0.007 MB/sec
                 gc.alloc.rate.norm: 28.820 B/op
                 gc.count:           ≈ 0 counts

Iteration   5: 241.971 ops/s
                 gc.alloc.rate:      0.007 MB/sec
                 gc.alloc.rate.norm: 28.463 B/op
                 gc.count:           ≈ 0 counts

Iteration   6: 238.883 ops/s
                 gc.alloc.rate:      0.007 MB/sec
                 gc.alloc.rate.norm: 28.820 B/op
                 gc.count:           ≈ 0 counts

Iteration   7: 242.050 ops/s
                 gc.alloc.rate:      0.007 MB/sec
                 gc.alloc.rate.norm: 28.346 B/op
                 gc.count:           ≈ 0 counts

Iteration   8: 239.273 ops/s
                 gc.alloc.rate:      0.007 MB/sec
                 gc.alloc.rate.norm: 28.700 B/op
                 gc.count:           ≈ 0 counts

Iteration   9: 242.154 ops/s
                 gc.alloc.rate:      0.007 MB/sec
                 gc.alloc.rate.norm: 28.346 B/op
                 gc.count:           ≈ 0 counts

Iteration  10: 237.143 ops/s
                 gc.alloc.rate:      0.007 MB/sec
                 gc.alloc.rate.norm: 28.941 B/op
                 gc.count:           ≈ 0 counts


# Run progress: 66.67% complete, ETA 00:10:19
# Fork: 3 of 3
# Warmup Iteration   1: 234.835 ops/s
# Warmup Iteration   2: 242.450 ops/s
# Warmup Iteration   3: 238.765 ops/s
# Warmup Iteration   4: 239.395 ops/s
# Warmup Iteration   5: 239.019 ops/s
Iteration   1: 239.630 ops/s
                 gc.alloc.rate:      0.007 MB/sec
                 gc.alloc.rate.norm: 28.700 B/op
                 gc.count:           ≈ 0 counts

Iteration   2: 239.597 ops/s
                 gc.alloc.rate:      0.007 MB/sec
                 gc.alloc.rate.norm: 28.700 B/op
                 gc.count:           ≈ 0 counts

Iteration   3: 239.561 ops/s
                 gc.alloc.rate:      0.007 MB/sec
                 gc.alloc.rate.norm: 28.700 B/op
                 gc.count:           ≈ 0 counts

Iteration   4: 242.021 ops/s
                 gc.alloc.rate:      0.007 MB/sec
                 gc.alloc.rate.norm: 28.346 B/op
                 gc.count:           ≈ 0 counts

Iteration   5: 236.612 ops/s
                 gc.alloc.rate:      0.007 MB/sec
                 gc.alloc.rate.norm: 29.063 B/op
                 gc.count:           ≈ 0 counts

Iteration   6: 239.500 ops/s
                 gc.alloc.rate:      0.007 MB/sec
                 gc.alloc.rate.norm: 28.700 B/op
                 gc.count:           ≈ 0 counts

Iteration   7: 239.427 ops/s
                 gc.alloc.rate:      0.007 MB/sec
                 gc.alloc.rate.norm: 28.700 B/op
                 gc.count:           ≈ 0 counts

Iteration   8: 236.484 ops/s
                 gc.alloc.rate:      0.007 MB/sec
                 gc.alloc.rate.norm: 29.063 B/op
                 gc.count:           ≈ 0 counts

Iteration   9: 241.889 ops/s
                 gc.alloc.rate:      0.007 MB/sec
                 gc.alloc.rate.norm: 28.463 B/op
                 gc.count:           ≈ 0 counts

Iteration  10: 237.063 ops/s
                 gc.alloc.rate:      0.007 MB/sec
                 gc.alloc.rate.norm: 28.941 B/op
                 gc.count:           ≈ 0 counts



Result "dev.yll.simdjsonjni.bench.ThroughputBenchmark.checksum":
  239.602 ±(99.9%) 1.360 ops/s [Average]
  (min, avg, max) = (236.448, 239.602, 242.724), stdev = 2.035
  CI (99.9%): [238.242, 240.962] (assumes normal distribution)

Secondary result "dev.yll.simdjsonjni.bench.ThroughputBenchmark.checksum:gc.alloc.rate":
  0.007 ±(99.9%) 0.001 MB/sec [Average]
  (min, avg, max) = (0.007, 0.007, 0.007), stdev = 0.001
  CI (99.9%): [0.007, 0.007] (assumes normal distribution)

Secondary result "dev.yll.simdjsonjni.bench.ThroughputBenchmark.checksum:gc.alloc.rate.norm":
  28.690 ±(99.9%) 0.167 B/op [Average]
  (min, avg, max) = (28.346, 28.690, 29.063), stdev = 0.250
  CI (99.9%): [28.523, 28.857] (assumes normal distribution)

Secondary result "dev.yll.simdjsonjni.bench.ThroughputBenchmark.checksum:gc.count":
  ≈ 0 counts


# JMH version: 1.37
# VM version: JDK 21.0.12.1, OpenJDK 64-Bit Server VM, 21.0.12.1+1-LTS
# VM invoker: /tmp/toolchain-152522/jdk21/bin/java
# VM options: -Dsimdjson.jni.library=/tmp/simdjson-jni-152522/build/libsimdjson_jni.so -Dsimdjson.data.dir=/tmp/simdjson-jni-152522/data -Xms2g -Xmx2g -XX:+UseG1GC
# Blackhole mode: compiler (auto-detected, use -Djmh.blackhole.autoDetect=false to disable)
# Warmup: 5 iterations, 1 s each
# Measurement: 10 iterations, 1 s each
# Timeout: 10 min per iteration
# Threads: 1 thread, will synchronize iterations
# Benchmark mode: Throughput, ops/time
# Benchmark: dev.yll.simdjsonjni.bench.ThroughputBenchmark.checksum
# Parameters: (dataset = marine_ik.json, engine = simdjson-jni-direct)

# Run progress: 67.50% complete, ETA 00:10:04
# Fork: 1 of 3
# Warmup Iteration   1: 248.653 ops/s
# Warmup Iteration   2: 248.776 ops/s
# Warmup Iteration   3: 251.080 ops/s
# Warmup Iteration   4: 251.366 ops/s
# Warmup Iteration   5: 251.881 ops/s
Iteration   1: 254.453 ops/s
                 gc.alloc.rate:      0.007 MB/sec
                 gc.alloc.rate.norm: 27.012 B/op
                 gc.count:           ≈ 0 counts

Iteration   2: 254.105 ops/s
                 gc.alloc.rate:      0.007 MB/sec
                 gc.alloc.rate.norm: 27.012 B/op
                 gc.count:           ≈ 0 counts

Iteration   3: 251.449 ops/s
                 gc.alloc.rate:      0.007 MB/sec
                 gc.alloc.rate.norm: 27.333 B/op
                 gc.count:           ≈ 0 counts

Iteration   4: 254.710 ops/s
                 gc.alloc.rate:      0.007 MB/sec
                 gc.alloc.rate.norm: 27.012 B/op
                 gc.count:           ≈ 0 counts

Iteration   5: 248.247 ops/s
                 gc.alloc.rate:      0.007 MB/sec
                 gc.alloc.rate.norm: 27.663 B/op
                 gc.count:           ≈ 0 counts

Iteration   6: 249.544 ops/s
                 gc.alloc.rate:      0.007 MB/sec
                 gc.alloc.rate.norm: 27.552 B/op
                 gc.count:           ≈ 0 counts

Iteration   7: 253.940 ops/s
                 gc.alloc.rate:      0.007 MB/sec
                 gc.alloc.rate.norm: 27.118 B/op
                 gc.count:           ≈ 0 counts

Iteration   8: 248.771 ops/s
                 gc.alloc.rate:      0.007 MB/sec
                 gc.alloc.rate.norm: 27.663 B/op
                 gc.count:           ≈ 0 counts

Iteration   9: 251.266 ops/s
                 gc.alloc.rate:      0.007 MB/sec
                 gc.alloc.rate.norm: 27.333 B/op
                 gc.count:           ≈ 0 counts

Iteration  10: 251.259 ops/s
                 gc.alloc.rate:      0.007 MB/sec
                 gc.alloc.rate.norm: 27.333 B/op
                 gc.count:           ≈ 0 counts


# Run progress: 68.33% complete, ETA 00:09:48
# Fork: 2 of 3
# Warmup Iteration   1: 251.759 ops/s
# Warmup Iteration   2: 249.003 ops/s
# Warmup Iteration   3: 254.888 ops/s
# Warmup Iteration   4: 249.164 ops/s
# Warmup Iteration   5: 255.131 ops/s
Iteration   1: 249.529 ops/s
                 gc.alloc.rate:      0.007 MB/sec
                 gc.alloc.rate.norm: 27.552 B/op
                 gc.count:           ≈ 0 counts

Iteration   2: 254.447 ops/s
                 gc.alloc.rate:      0.007 MB/sec
                 gc.alloc.rate.norm: 27.012 B/op
                 gc.count:           ≈ 0 counts

Iteration   3: 252.581 ops/s
                 gc.alloc.rate:      0.007 MB/sec
                 gc.alloc.rate.norm: 27.225 B/op
                 gc.count:           ≈ 0 counts

Iteration   4: 248.657 ops/s
                 gc.alloc.rate:      0.007 MB/sec
                 gc.alloc.rate.norm: 27.663 B/op
                 gc.count:           ≈ 0 counts

Iteration   5: 255.056 ops/s
                 gc.alloc.rate:      0.007 MB/sec
                 gc.alloc.rate.norm: 26.906 B/op
                 gc.count:           ≈ 0 counts

Iteration   6: 248.216 ops/s
                 gc.alloc.rate:      0.007 MB/sec
                 gc.alloc.rate.norm: 27.663 B/op
                 gc.count:           ≈ 0 counts

Iteration   7: 248.979 ops/s
                 gc.alloc.rate:      0.007 MB/sec
                 gc.alloc.rate.norm: 27.663 B/op
                 gc.count:           ≈ 0 counts

Iteration   8: 255.330 ops/s
                 gc.alloc.rate:      0.007 MB/sec
                 gc.alloc.rate.norm: 26.906 B/op
                 gc.count:           ≈ 0 counts

Iteration   9: 252.035 ops/s
                 gc.alloc.rate:      0.007 MB/sec
                 gc.alloc.rate.norm: 27.225 B/op
                 gc.count:           ≈ 0 counts

Iteration  10: 251.931 ops/s
                 gc.alloc.rate:      0.007 MB/sec
                 gc.alloc.rate.norm: 27.333 B/op
                 gc.count:           ≈ 0 counts


# Run progress: 69.17% complete, ETA 00:09:33
# Fork: 3 of 3
# Warmup Iteration   1: 251.994 ops/s
# Warmup Iteration   2: 251.748 ops/s
# Warmup Iteration   3: 251.490 ops/s
# Warmup Iteration   4: 254.875 ops/s
# Warmup Iteration   5: 249.384 ops/s
Iteration   1: 252.214 ops/s
                 gc.alloc.rate:      0.007 MB/sec
                 gc.alloc.rate.norm: 27.225 B/op
                 gc.count:           ≈ 0 counts

Iteration   2: 251.620 ops/s
                 gc.alloc.rate:      0.007 MB/sec
                 gc.alloc.rate.norm: 27.333 B/op
                 gc.count:           ≈ 0 counts

Iteration   3: 249.422 ops/s
                 gc.alloc.rate:      0.007 MB/sec
                 gc.alloc.rate.norm: 27.552 B/op
                 gc.count:           ≈ 0 counts

Iteration   4: 254.200 ops/s
                 gc.alloc.rate:      0.007 MB/sec
                 gc.alloc.rate.norm: 27.012 B/op
                 gc.count:           ≈ 0 counts

Iteration   5: 248.469 ops/s
                 gc.alloc.rate:      0.007 MB/sec
                 gc.alloc.rate.norm: 27.663 B/op
                 gc.count:           ≈ 0 counts

Iteration   6: 251.477 ops/s
                 gc.alloc.rate:      0.007 MB/sec
                 gc.alloc.rate.norm: 27.333 B/op
                 gc.count:           ≈ 0 counts

Iteration   7: 251.479 ops/s
                 gc.alloc.rate:      0.007 MB/sec
                 gc.alloc.rate.norm: 27.333 B/op
                 gc.count:           ≈ 0 counts

Iteration   8: 251.541 ops/s
                 gc.alloc.rate:      0.007 MB/sec
                 gc.alloc.rate.norm: 27.333 B/op
                 gc.count:           ≈ 0 counts

Iteration   9: 251.625 ops/s
                 gc.alloc.rate:      0.007 MB/sec
                 gc.alloc.rate.norm: 27.333 B/op
                 gc.count:           ≈ 0 counts

Iteration  10: 251.576 ops/s
                 gc.alloc.rate:      0.007 MB/sec
                 gc.alloc.rate.norm: 27.333 B/op
                 gc.count:           ≈ 0 counts



Result "dev.yll.simdjsonjni.bench.ThroughputBenchmark.checksum":
  251.604 ±(99.9%) 1.476 ops/s [Average]
  (min, avg, max) = (248.216, 251.604, 255.330), stdev = 2.209
  CI (99.9%): [250.128, 253.080] (assumes normal distribution)

Secondary result "dev.yll.simdjsonjni.bench.ThroughputBenchmark.checksum:gc.alloc.rate":
  0.007 ±(99.9%) 0.001 MB/sec [Average]
  (min, avg, max) = (0.007, 0.007, 0.007), stdev = 0.001
  CI (99.9%): [0.007, 0.007] (assumes normal distribution)

Secondary result "dev.yll.simdjsonjni.bench.ThroughputBenchmark.checksum:gc.alloc.rate.norm":
  27.321 ±(99.9%) 0.164 B/op [Average]
  (min, avg, max) = (26.906, 27.321, 27.663), stdev = 0.246
  CI (99.9%): [27.157, 27.485] (assumes normal distribution)

Secondary result "dev.yll.simdjsonjni.bench.ThroughputBenchmark.checksum:gc.count":
  ≈ 0 counts


# JMH version: 1.37
# VM version: JDK 21.0.12.1, OpenJDK 64-Bit Server VM, 21.0.12.1+1-LTS
# VM invoker: /tmp/toolchain-152522/jdk21/bin/java
# VM options: -Dsimdjson.jni.library=/tmp/simdjson-jni-152522/build/libsimdjson_jni.so -Dsimdjson.data.dir=/tmp/simdjson-jni-152522/data -Xms2g -Xmx2g -XX:+UseG1GC
# Blackhole mode: compiler (auto-detected, use -Djmh.blackhole.autoDetect=false to disable)
# Warmup: 5 iterations, 1 s each
# Measurement: 10 iterations, 1 s each
# Timeout: 10 min per iteration
# Threads: 1 thread, will synchronize iterations
# Benchmark mode: Throughput, ops/time
# Benchmark: dev.yll.simdjsonjni.bench.ThroughputBenchmark.checksum
# Parameters: (dataset = mesh.json, engine = jackson-tree)

# Run progress: 70.00% complete, ETA 00:09:17
# Fork: 1 of 3
# Warmup Iteration   1: 166.278 ops/s
# Warmup Iteration   2: 199.304 ops/s
# Warmup Iteration   3: 206.802 ops/s
# Warmup Iteration   4: 202.709 ops/s
# Warmup Iteration   5: 202.434 ops/s
Iteration   1: 207.059 ops/s
                 gc.alloc.rate:      1409.201 MB/sec
                 gc.alloc.rate.norm: 7137934.885 B/op
                 gc.count:           1.000 counts
                 gc.time:            3.000 ms

Iteration   2: 204.756 ops/s
                 gc.alloc.rate:      1393.222 MB/sec
                 gc.alloc.rate.norm: 7137897.873 B/op
                 gc.count:           1.000 counts
                 gc.time:            3.000 ms

Iteration   3: 207.239 ops/s
                 gc.alloc.rate:      1410.308 MB/sec
                 gc.alloc.rate.norm: 7137897.385 B/op
                 gc.count:           1.000 counts
                 gc.time:            3.000 ms

Iteration   4: 202.974 ops/s
                 gc.alloc.rate:      1381.294 MB/sec
                 gc.alloc.rate.norm: 7137898.207 B/op
                 gc.count:           1.000 counts
                 gc.time:            3.000 ms

Iteration   5: 207.066 ops/s
                 gc.alloc.rate:      1409.263 MB/sec
                 gc.alloc.rate.norm: 7137897.385 B/op
                 gc.count:           2.000 counts
                 gc.time:            6.000 ms

Iteration   6: 205.211 ops/s
                 gc.alloc.rate:      1396.646 MB/sec
                 gc.alloc.rate.norm: 7137897.709 B/op
                 gc.count:           1.000 counts
                 gc.time:            2.000 ms

Iteration   7: 202.208 ops/s
                 gc.alloc.rate:      1376.189 MB/sec
                 gc.alloc.rate.norm: 7137898.207 B/op
                 gc.count:           1.000 counts
                 gc.time:            3.000 ms

Iteration   8: 207.733 ops/s
                 gc.alloc.rate:      1413.790 MB/sec
                 gc.alloc.rate.norm: 7137897.385 B/op
                 gc.count:           1.000 counts
                 gc.time:            3.000 ms

Iteration   9: 203.070 ops/s
                 gc.alloc.rate:      1382.047 MB/sec
                 gc.alloc.rate.norm: 7137903.451 B/op
                 gc.count:           1.000 counts
                 gc.time:            2.000 ms

Iteration  10: 205.394 ops/s
                 gc.alloc.rate:      1397.771 MB/sec
                 gc.alloc.rate.norm: 7137897.709 B/op
                 gc.count:           1.000 counts
                 gc.time:            1.000 ms


# Run progress: 70.83% complete, ETA 00:09:02
# Fork: 2 of 3
# Warmup Iteration   1: 170.538 ops/s
# Warmup Iteration   2: 197.694 ops/s
# Warmup Iteration   3: 204.650 ops/s
# Warmup Iteration   4: 205.586 ops/s
# Warmup Iteration   5: 207.948 ops/s
Iteration   1: 208.115 ops/s
                 gc.alloc.rate:      1416.400 MB/sec
                 gc.alloc.rate.norm: 7137934.545 B/op
                 gc.count:           1.000 counts
                 gc.time:            3.000 ms

Iteration   2: 204.597 ops/s
                 gc.alloc.rate:      1392.140 MB/sec
                 gc.alloc.rate.norm: 7137897.873 B/op
                 gc.count:           1.000 counts
                 gc.time:            3.000 ms

Iteration   3: 205.452 ops/s
                 gc.alloc.rate:      1398.153 MB/sec
                 gc.alloc.rate.norm: 7137897.709 B/op
                 gc.count:           1.000 counts
                 gc.time:            3.000 ms

Iteration   4: 204.453 ops/s
                 gc.alloc.rate:      1391.356 MB/sec
                 gc.alloc.rate.norm: 7137897.873 B/op
                 gc.count:           1.000 counts
                 gc.time:            3.000 ms

Iteration   5: 202.228 ops/s
                 gc.alloc.rate:      1376.338 MB/sec
                 gc.alloc.rate.norm: 7137898.207 B/op
                 gc.count:           2.000 counts
                 gc.time:            6.000 ms

Iteration   6: 207.671 ops/s
                 gc.alloc.rate:      1413.385 MB/sec
                 gc.alloc.rate.norm: 7137897.385 B/op
                 gc.count:           1.000 counts
                 gc.time:            3.000 ms

Iteration   7: 203.125 ops/s
                 gc.alloc.rate:      1382.443 MB/sec
                 gc.alloc.rate.norm: 7137898.039 B/op
                 gc.count:           1.000 counts
                 gc.time:            3.000 ms

Iteration   8: 202.785 ops/s
                 gc.alloc.rate:      1380.119 MB/sec
                 gc.alloc.rate.norm: 7137898.207 B/op
                 gc.count:           1.000 counts
                 gc.time:            3.000 ms

Iteration   9: 207.907 ops/s
                 gc.alloc.rate:      1414.978 MB/sec
                 gc.alloc.rate.norm: 7137902.692 B/op
                 gc.count:           1.000 counts
                 gc.time:            1.000 ms

Iteration  10: 205.522 ops/s
                 gc.alloc.rate:      1398.639 MB/sec
                 gc.alloc.rate.norm: 7137897.709 B/op
                 gc.count:           1.000 counts
                 gc.time:            2.000 ms


# Run progress: 71.67% complete, ETA 00:08:46
# Fork: 3 of 3
# Warmup Iteration   1: 168.716 ops/s
# Warmup Iteration   2: 200.810 ops/s
# Warmup Iteration   3: 208.240 ops/s
# Warmup Iteration   4: 209.173 ops/s
# Warmup Iteration   5: 203.847 ops/s
Iteration   1: 204.119 ops/s
                 gc.alloc.rate:      1389.197 MB/sec
                 gc.alloc.rate.norm: 7137935.922 B/op
                 gc.count:           1.000 counts
                 gc.time:            3.000 ms

Iteration   2: 208.688 ops/s
                 gc.alloc.rate:      1419.966 MB/sec
                 gc.alloc.rate.norm: 7137897.225 B/op
                 gc.count:           1.000 counts
                 gc.time:            3.000 ms

Iteration   3: 204.207 ops/s
                 gc.alloc.rate:      1389.662 MB/sec
                 gc.alloc.rate.norm: 7137897.873 B/op
                 gc.count:           1.000 counts
                 gc.time:            3.000 ms

Iteration   4: 208.554 ops/s
                 gc.alloc.rate:      1419.245 MB/sec
                 gc.alloc.rate.norm: 7137897.225 B/op
                 gc.count:           1.000 counts
                 gc.time:            3.000 ms

Iteration   5: 203.801 ops/s
                 gc.alloc.rate:      1387.035 MB/sec
                 gc.alloc.rate.norm: 7137898.039 B/op
                 gc.count:           2.000 counts
                 gc.time:            5.000 ms

Iteration   6: 209.172 ops/s
                 gc.alloc.rate:      1423.561 MB/sec
                 gc.alloc.rate.norm: 7137897.067 B/op
                 gc.count:           1.000 counts
                 gc.time:            3.000 ms

Iteration   7: 206.659 ops/s
                 gc.alloc.rate:      1406.472 MB/sec
                 gc.alloc.rate.norm: 7137897.546 B/op
                 gc.count:           1.000 counts
                 gc.time:            2.000 ms

Iteration   8: 206.754 ops/s
                 gc.alloc.rate:      1407.136 MB/sec
                 gc.alloc.rate.norm: 7137897.546 B/op
                 gc.count:           1.000 counts
                 gc.time:            3.000 ms

Iteration   9: 206.740 ops/s
                 gc.alloc.rate:      1407.034 MB/sec
                 gc.alloc.rate.norm: 7137902.879 B/op
                 gc.count:           1.000 counts
                 gc.time:            2.000 ms

Iteration  10: 204.224 ops/s
                 gc.alloc.rate:      1389.835 MB/sec
                 gc.alloc.rate.norm: 7137897.873 B/op
                 gc.count:           1.000 counts
                 gc.time:            1.000 ms



Result "dev.yll.simdjsonjni.bench.ThroughputBenchmark.checksum":
  205.583 ±(99.9%) 1.387 ops/s [Average]
  (min, avg, max) = (202.208, 205.583, 209.172), stdev = 2.076
  CI (99.9%): [204.196, 206.970] (assumes normal distribution)

Secondary result "dev.yll.simdjsonjni.bench.ThroughputBenchmark.checksum:gc.alloc.rate":
  1399.094 ±(99.9%) 9.434 MB/sec [Average]
  (min, avg, max) = (1376.189, 1399.094, 1423.561), stdev = 14.121
  CI (99.9%): [1389.660, 1408.529] (assumes normal distribution)

Secondary result "dev.yll.simdjsonjni.bench.ThroughputBenchmark.checksum:gc.alloc.rate.norm":
  7137901.988 ±(99.9%) 7.584 B/op [Average]
  (min, avg, max) = (7137897.067, 7137901.988, 7137935.922), stdev = 11.352
  CI (99.9%): [7137894.403, 7137909.572] (assumes normal distribution)

Secondary result "dev.yll.simdjsonjni.bench.ThroughputBenchmark.checksum:gc.count":
  33.000 ±(99.9%) 0.001 counts [Sum]
  (min, avg, max) = (1.000, 1.100, 2.000), stdev = 0.305
  CI (99.9%): [33.000, 33.000] (assumes normal distribution)

Secondary result "dev.yll.simdjsonjni.bench.ThroughputBenchmark.checksum:gc.time":
  87.000 ±(99.9%) 0.001 ms [Sum]
  (min, avg, max) = (1.000, 2.900, 6.000), stdev = 1.155
  CI (99.9%): [87.000, 87.000] (assumes normal distribution)


# JMH version: 1.37
# VM version: JDK 21.0.12.1, OpenJDK 64-Bit Server VM, 21.0.12.1+1-LTS
# VM invoker: /tmp/toolchain-152522/jdk21/bin/java
# VM options: -Dsimdjson.jni.library=/tmp/simdjson-jni-152522/build/libsimdjson_jni.so -Dsimdjson.data.dir=/tmp/simdjson-jni-152522/data -Xms2g -Xmx2g -XX:+UseG1GC
# Blackhole mode: compiler (auto-detected, use -Djmh.blackhole.autoDetect=false to disable)
# Warmup: 5 iterations, 1 s each
# Measurement: 10 iterations, 1 s each
# Timeout: 10 min per iteration
# Threads: 1 thread, will synchronize iterations
# Benchmark mode: Throughput, ops/time
# Benchmark: dev.yll.simdjsonjni.bench.ThroughputBenchmark.checksum
# Parameters: (dataset = mesh.json, engine = jackson-stream)

# Run progress: 72.50% complete, ETA 00:08:31
# Fork: 1 of 3
# Warmup Iteration   1: 225.841 ops/s
# Warmup Iteration   2: 243.418 ops/s
# Warmup Iteration   3: 254.322 ops/s
# Warmup Iteration   4: 260.333 ops/s
# Warmup Iteration   5: 254.564 ops/s
Iteration   1: 257.466 ops/s
                 gc.alloc.rate:      1041.893 MB/sec
                 gc.alloc.rate.norm: 4244098.915 B/op
                 gc.count:           1.000 counts
                 gc.time:            3.000 ms

Iteration   2: 256.712 ops/s
                 gc.alloc.rate:      1038.633 MB/sec
                 gc.alloc.rate.norm: 4244099.019 B/op
                 gc.count:           1.000 counts
                 gc.time:            3.000 ms

Iteration   3: 254.227 ops/s
                 gc.alloc.rate:      1028.700 MB/sec
                 gc.alloc.rate.norm: 4244099.231 B/op
                 gc.count:           1.000 counts
                 gc.time:            3.000 ms

Iteration   4: 259.841 ops/s
                 gc.alloc.rate:      1051.419 MB/sec
                 gc.alloc.rate.norm: 4244098.708 B/op
                 gc.count:           1.000 counts
                 gc.time:            3.000 ms

Iteration   5: 253.639 ops/s
                 gc.alloc.rate:      1026.419 MB/sec
                 gc.alloc.rate.norm: 4244099.339 B/op
                 gc.count:           1.000 counts
                 gc.time:            3.000 ms

Iteration   6: 260.588 ops/s
                 gc.alloc.rate:      1054.469 MB/sec
                 gc.alloc.rate.norm: 4244098.912 B/op
                 gc.count:           1.000 counts
                 gc.time:            2.000 ms

Iteration   7: 255.073 ops/s
                 gc.alloc.rate:      1032.229 MB/sec
                 gc.alloc.rate.norm: 4244098.906 B/op
                 gc.count:           ≈ 0 counts

Iteration   8: 257.273 ops/s
                 gc.alloc.rate:      1041.124 MB/sec
                 gc.alloc.rate.norm: 4244098.915 B/op
                 gc.count:           1.000 counts
                 gc.time:            3.000 ms

Iteration   9: 257.231 ops/s
                 gc.alloc.rate:      1040.935 MB/sec
                 gc.alloc.rate.norm: 4244098.915 B/op
                 gc.count:           1.000 counts
                 gc.time:            3.000 ms

Iteration  10: 253.812 ops/s
                 gc.alloc.rate:      1027.032 MB/sec
                 gc.alloc.rate.norm: 4244099.339 B/op
                 gc.count:           1.000 counts
                 gc.time:            2.000 ms


# Run progress: 73.33% complete, ETA 00:08:15
# Fork: 2 of 3
# Warmup Iteration   1: 223.575 ops/s
# Warmup Iteration   2: 246.541 ops/s
# Warmup Iteration   3: 256.862 ops/s
# Warmup Iteration   4: 259.973 ops/s
# Warmup Iteration   5: 254.663 ops/s
Iteration   1: 259.694 ops/s
                 gc.alloc.rate:      1050.916 MB/sec
                 gc.alloc.rate.norm: 4244098.708 B/op
                 gc.count:           1.000 counts
                 gc.time:            3.000 ms

Iteration   2: 257.010 ops/s
                 gc.alloc.rate:      1039.851 MB/sec
                 gc.alloc.rate.norm: 4244098.915 B/op
                 gc.count:           1.000 counts
                 gc.time:            3.000 ms

Iteration   3: 257.247 ops/s
                 gc.alloc.rate:      1040.925 MB/sec
                 gc.alloc.rate.norm: 4244098.915 B/op
                 gc.count:           1.000 counts
                 gc.time:            3.000 ms

Iteration   4: 259.787 ops/s
                 gc.alloc.rate:      1051.179 MB/sec
                 gc.alloc.rate.norm: 4244098.708 B/op
                 gc.count:           1.000 counts
                 gc.time:            3.000 ms

Iteration   5: 257.020 ops/s
                 gc.alloc.rate:      1040.094 MB/sec
                 gc.alloc.rate.norm: 4244098.915 B/op
                 gc.count:           1.000 counts
                 gc.time:            2.000 ms

Iteration   6: 260.213 ops/s
                 gc.alloc.rate:      1053.020 MB/sec
                 gc.alloc.rate.norm: 4244098.912 B/op
                 gc.count:           1.000 counts
                 gc.time:            3.000 ms

Iteration   7: 254.629 ops/s
                 gc.alloc.rate:      1030.426 MB/sec
                 gc.alloc.rate.norm: 4244099.012 B/op
                 gc.count:           ≈ 0 counts

Iteration   8: 259.942 ops/s
                 gc.alloc.rate:      1051.924 MB/sec
                 gc.alloc.rate.norm: 4244098.708 B/op
                 gc.count:           1.000 counts
                 gc.time:            2.000 ms

Iteration   9: 256.446 ops/s
                 gc.alloc.rate:      1037.752 MB/sec
                 gc.alloc.rate.norm: 4244099.019 B/op
                 gc.count:           1.000 counts
                 gc.time:            3.000 ms

Iteration  10: 259.870 ops/s
                 gc.alloc.rate:      1051.532 MB/sec
                 gc.alloc.rate.norm: 4244098.708 B/op
                 gc.count:           1.000 counts
                 gc.time:            3.000 ms


# Run progress: 74.17% complete, ETA 00:08:00
# Fork: 3 of 3
# Warmup Iteration   1: 228.831 ops/s
# Warmup Iteration   2: 241.135 ops/s
# Warmup Iteration   3: 260.223 ops/s
# Warmup Iteration   4: 260.365 ops/s
# Warmup Iteration   5: 258.007 ops/s
Iteration   1: 260.040 ops/s
                 gc.alloc.rate:      1052.302 MB/sec
                 gc.alloc.rate.norm: 4244098.605 B/op
                 gc.count:           1.000 counts
                 gc.time:            2.000 ms

Iteration   2: 253.447 ops/s
                 gc.alloc.rate:      1025.420 MB/sec
                 gc.alloc.rate.norm: 4244099.339 B/op
                 gc.count:           1.000 counts
                 gc.time:            4.000 ms

Iteration   3: 259.865 ops/s
                 gc.alloc.rate:      1051.503 MB/sec
                 gc.alloc.rate.norm: 4244098.708 B/op
                 gc.count:           1.000 counts
                 gc.time:            3.000 ms

Iteration   4: 256.459 ops/s
                 gc.alloc.rate:      1037.758 MB/sec
                 gc.alloc.rate.norm: 4244099.019 B/op
                 gc.count:           1.000 counts
                 gc.time:            3.000 ms

Iteration   5: 253.505 ops/s
                 gc.alloc.rate:      1025.871 MB/sec
                 gc.alloc.rate.norm: 4244099.339 B/op
                 gc.count:           1.000 counts
                 gc.time:            2.000 ms

Iteration   6: 260.021 ops/s
                 gc.alloc.rate:      1052.244 MB/sec
                 gc.alloc.rate.norm: 4244098.912 B/op
                 gc.count:           1.000 counts
                 gc.time:            3.000 ms

Iteration   7: 255.050 ops/s
                 gc.alloc.rate:      1032.134 MB/sec
                 gc.alloc.rate.norm: 4244098.906 B/op
                 gc.count:           ≈ 0 counts

Iteration   8: 253.815 ops/s
                 gc.alloc.rate:      1027.130 MB/sec
                 gc.alloc.rate.norm: 4244099.339 B/op
                 gc.count:           1.000 counts
                 gc.time:            3.000 ms

Iteration   9: 259.729 ops/s
                 gc.alloc.rate:      1051.035 MB/sec
                 gc.alloc.rate.norm: 4244098.708 B/op
                 gc.count:           1.000 counts
                 gc.time:            2.000 ms

Iteration  10: 256.653 ops/s
                 gc.alloc.rate:      1038.519 MB/sec
                 gc.alloc.rate.norm: 4244099.019 B/op
                 gc.count:           1.000 counts
                 gc.time:            3.000 ms



Result "dev.yll.simdjsonjni.bench.ThroughputBenchmark.checksum":
  257.210 ±(99.9%) 1.638 ops/s [Average]
  (min, avg, max) = (253.447, 257.210, 260.588), stdev = 2.452
  CI (99.9%): [255.572, 258.848] (assumes normal distribution)

Secondary result "dev.yll.simdjsonjni.bench.ThroughputBenchmark.checksum:gc.alloc.rate":
  1040.813 ±(99.9%) 6.631 MB/sec [Average]
  (min, avg, max) = (1025.420, 1040.813, 1054.469), stdev = 9.925
  CI (99.9%): [1034.182, 1047.444] (assumes normal distribution)

Secondary result "dev.yll.simdjsonjni.bench.ThroughputBenchmark.checksum:gc.alloc.rate.norm":
  4244098.954 ±(99.9%) 0.147 B/op [Average]
  (min, avg, max) = (4244098.605, 4244098.954, 4244099.339), stdev = 0.220
  CI (99.9%): [4244098.807, 4244099.101] (assumes normal distribution)

Secondary result "dev.yll.simdjsonjni.bench.ThroughputBenchmark.checksum:gc.count":
  27.000 ±(99.9%) 0.001 counts [Sum]
  (min, avg, max) = (≈ 0, 0.900, 1.000), stdev = 0.305
  CI (99.9%): [27.000, 27.000] (assumes normal distribution)

Secondary result "dev.yll.simdjsonjni.bench.ThroughputBenchmark.checksum:gc.time":
  75.000 ±(99.9%) 0.001 ms [Sum]
  (min, avg, max) = (≈ 0, 2.500, 4.000), stdev = 0.974
  CI (99.9%): [75.000, 75.000] (assumes normal distribution)


# JMH version: 1.37
# VM version: JDK 21.0.12.1, OpenJDK 64-Bit Server VM, 21.0.12.1+1-LTS
# VM invoker: /tmp/toolchain-152522/jdk21/bin/java
# VM options: -Dsimdjson.jni.library=/tmp/simdjson-jni-152522/build/libsimdjson_jni.so -Dsimdjson.data.dir=/tmp/simdjson-jni-152522/data -Xms2g -Xmx2g -XX:+UseG1GC
# Blackhole mode: compiler (auto-detected, use -Djmh.blackhole.autoDetect=false to disable)
# Warmup: 5 iterations, 1 s each
# Measurement: 10 iterations, 1 s each
# Timeout: 10 min per iteration
# Threads: 1 thread, will synchronize iterations
# Benchmark mode: Throughput, ops/time
# Benchmark: dev.yll.simdjsonjni.bench.ThroughputBenchmark.checksum
# Parameters: (dataset = mesh.json, engine = simdjson-jni-copy)

# Run progress: 75.00% complete, ETA 00:07:44
# Fork: 1 of 3
# Warmup Iteration   1: 966.950 ops/s
# Warmup Iteration   2: 975.448 ops/s
# Warmup Iteration   3: 975.763 ops/s
# Warmup Iteration   4: 985.448 ops/s
# Warmup Iteration   5: 975.148 ops/s
Iteration   1: 977.230 ops/s
                 gc.alloc.rate:      0.007 MB/sec
                 gc.alloc.rate.norm: 7.190 B/op
                 gc.count:           ≈ 0 counts

Iteration   2: 969.577 ops/s
                 gc.alloc.rate:      0.007 MB/sec
                 gc.alloc.rate.norm: 7.101 B/op
                 gc.count:           ≈ 0 counts

Iteration   3: 979.485 ops/s
                 gc.alloc.rate:      0.007 MB/sec
                 gc.alloc.rate.norm: 7.029 B/op
                 gc.count:           ≈ 0 counts

Iteration   4: 977.727 ops/s
                 gc.alloc.rate:      0.007 MB/sec
                 gc.alloc.rate.norm: 7.043 B/op
                 gc.count:           ≈ 0 counts

Iteration   5: 968.483 ops/s
                 gc.alloc.rate:      0.007 MB/sec
                 gc.alloc.rate.norm: 7.108 B/op
                 gc.count:           ≈ 0 counts

Iteration   6: 993.934 ops/s
                 gc.alloc.rate:      0.007 MB/sec
                 gc.alloc.rate.norm: 6.930 B/op
                 gc.count:           ≈ 0 counts

Iteration   7: 969.995 ops/s
                 gc.alloc.rate:      0.007 MB/sec
                 gc.alloc.rate.norm: 7.094 B/op
                 gc.count:           ≈ 0 counts

Iteration   8: 982.094 ops/s
                 gc.alloc.rate:      0.007 MB/sec
                 gc.alloc.rate.norm: 7.007 B/op
                 gc.count:           ≈ 0 counts

Iteration   9: 979.476 ops/s
                 gc.alloc.rate:      0.007 MB/sec
                 gc.alloc.rate.norm: 7.029 B/op
                 gc.count:           ≈ 0 counts

Iteration  10: 976.926 ops/s
                 gc.alloc.rate:      0.007 MB/sec
                 gc.alloc.rate.norm: 7.043 B/op
                 gc.count:           ≈ 0 counts


# Run progress: 75.83% complete, ETA 00:07:29
# Fork: 2 of 3
# Warmup Iteration   1: 975.850 ops/s
# Warmup Iteration   2: 974.214 ops/s
# Warmup Iteration   3: 959.689 ops/s
# Warmup Iteration   4: 988.830 ops/s
# Warmup Iteration   5: 967.832 ops/s
Iteration   1: 977.249 ops/s
                 gc.alloc.rate:      0.007 MB/sec
                 gc.alloc.rate.norm: 7.190 B/op
                 gc.count:           ≈ 0 counts

Iteration   2: 973.443 ops/s
                 gc.alloc.rate:      0.007 MB/sec
                 gc.alloc.rate.norm: 7.072 B/op
                 gc.count:           ≈ 0 counts

Iteration   3: 964.055 ops/s
                 gc.alloc.rate:      0.007 MB/sec
                 gc.alloc.rate.norm: 7.138 B/op
                 gc.count:           ≈ 0 counts

Iteration   4: 986.460 ops/s
                 gc.alloc.rate:      0.007 MB/sec
                 gc.alloc.rate.norm: 6.979 B/op
                 gc.count:           ≈ 0 counts

Iteration   5: 966.822 ops/s
                 gc.alloc.rate:      0.007 MB/sec
                 gc.alloc.rate.norm: 7.123 B/op
                 gc.count:           ≈ 0 counts

Iteration   6: 988.743 ops/s
                 gc.alloc.rate:      0.007 MB/sec
                 gc.alloc.rate.norm: 6.965 B/op
                 gc.count:           ≈ 0 counts

Iteration   7: 977.357 ops/s
                 gc.alloc.rate:      0.007 MB/sec
                 gc.alloc.rate.norm: 7.043 B/op
                 gc.count:           ≈ 0 counts

Iteration   8: 990.662 ops/s
                 gc.alloc.rate:      0.007 MB/sec
                 gc.alloc.rate.norm: 6.951 B/op
                 gc.count:           ≈ 0 counts

Iteration   9: 992.830 ops/s
                 gc.alloc.rate:      0.007 MB/sec
                 gc.alloc.rate.norm: 6.937 B/op
                 gc.count:           ≈ 0 counts

Iteration  10: 963.344 ops/s
                 gc.alloc.rate:      0.007 MB/sec
                 gc.alloc.rate.norm: 7.145 B/op
                 gc.count:           ≈ 0 counts


# Run progress: 76.67% complete, ETA 00:07:13
# Fork: 3 of 3
# Warmup Iteration   1: 960.720 ops/s
# Warmup Iteration   2: 988.922 ops/s
# Warmup Iteration   3: 960.809 ops/s
# Warmup Iteration   4: 984.505 ops/s
# Warmup Iteration   5: 981.659 ops/s
Iteration   1: 963.281 ops/s
                 gc.alloc.rate:      0.007 MB/sec
                 gc.alloc.rate.norm: 7.295 B/op
                 gc.count:           ≈ 0 counts

Iteration   2: 983.001 ops/s
                 gc.alloc.rate:      0.007 MB/sec
                 gc.alloc.rate.norm: 7.000 B/op
                 gc.count:           ≈ 0 counts

Iteration   3: 964.602 ops/s
                 gc.alloc.rate:      0.007 MB/sec
                 gc.alloc.rate.norm: 7.138 B/op
                 gc.count:           ≈ 0 counts

Iteration   4: 971.910 ops/s
                 gc.alloc.rate:      0.007 MB/sec
                 gc.alloc.rate.norm: 7.086 B/op
                 gc.count:           ≈ 0 counts

Iteration   5: 989.928 ops/s
                 gc.alloc.rate:      0.007 MB/sec
                 gc.alloc.rate.norm: 6.951 B/op
                 gc.count:           ≈ 0 counts

Iteration   6: 963.405 ops/s
                 gc.alloc.rate:      0.007 MB/sec
                 gc.alloc.rate.norm: 7.145 B/op
                 gc.count:           ≈ 0 counts

Iteration   7: 963.554 ops/s
                 gc.alloc.rate:      0.007 MB/sec
                 gc.alloc.rate.norm: 7.145 B/op
                 gc.count:           ≈ 0 counts

Iteration   8: 976.581 ops/s
                 gc.alloc.rate:      0.007 MB/sec
                 gc.alloc.rate.norm: 7.043 B/op
                 gc.count:           ≈ 0 counts

Iteration   9: 973.330 ops/s
                 gc.alloc.rate:      0.007 MB/sec
                 gc.alloc.rate.norm: 7.072 B/op
                 gc.count:           ≈ 0 counts

Iteration  10: 975.811 ops/s
                 gc.alloc.rate:      0.007 MB/sec
                 gc.alloc.rate.norm: 7.057 B/op
                 gc.count:           ≈ 0 counts



Result "dev.yll.simdjsonjni.bench.ThroughputBenchmark.checksum":
  976.043 ±(99.9%) 6.279 ops/s [Average]
  (min, avg, max) = (963.281, 976.043, 993.934), stdev = 9.398
  CI (99.9%): [969.764, 982.322] (assumes normal distribution)

Secondary result "dev.yll.simdjsonjni.bench.ThroughputBenchmark.checksum:gc.alloc.rate":
  0.007 ±(99.9%) 0.001 MB/sec [Average]
  (min, avg, max) = (0.007, 0.007, 0.007), stdev = 0.001
  CI (99.9%): [0.007, 0.007] (assumes normal distribution)

Secondary result "dev.yll.simdjsonjni.bench.ThroughputBenchmark.checksum:gc.alloc.rate.norm":
  7.068 ±(99.9%) 0.057 B/op [Average]
  (min, avg, max) = (6.930, 7.068, 7.295), stdev = 0.086
  CI (99.9%): [7.011, 7.125] (assumes normal distribution)

Secondary result "dev.yll.simdjsonjni.bench.ThroughputBenchmark.checksum:gc.count":
  ≈ 0 counts


# JMH version: 1.37
# VM version: JDK 21.0.12.1, OpenJDK 64-Bit Server VM, 21.0.12.1+1-LTS
# VM invoker: /tmp/toolchain-152522/jdk21/bin/java
# VM options: -Dsimdjson.jni.library=/tmp/simdjson-jni-152522/build/libsimdjson_jni.so -Dsimdjson.data.dir=/tmp/simdjson-jni-152522/data -Xms2g -Xmx2g -XX:+UseG1GC
# Blackhole mode: compiler (auto-detected, use -Djmh.blackhole.autoDetect=false to disable)
# Warmup: 5 iterations, 1 s each
# Measurement: 10 iterations, 1 s each
# Timeout: 10 min per iteration
# Threads: 1 thread, will synchronize iterations
# Benchmark mode: Throughput, ops/time
# Benchmark: dev.yll.simdjsonjni.bench.ThroughputBenchmark.checksum
# Parameters: (dataset = mesh.json, engine = simdjson-jni-direct)

# Run progress: 77.50% complete, ETA 00:06:58
# Fork: 1 of 3
# Warmup Iteration   1: 975.241 ops/s
# Warmup Iteration   2: 1000.375 ops/s
# Warmup Iteration   3: 974.677 ops/s
# Warmup Iteration   4: 1005.068 ops/s
# Warmup Iteration   5: 988.121 ops/s
Iteration   1: 975.081 ops/s
                 gc.alloc.rate:      0.007 MB/sec
                 gc.alloc.rate.norm: 7.205 B/op
                 gc.count:           ≈ 0 counts

Iteration   2: 997.118 ops/s
                 gc.alloc.rate:      0.007 MB/sec
                 gc.alloc.rate.norm: 6.902 B/op
                 gc.count:           ≈ 0 counts

Iteration   3: 987.140 ops/s
                 gc.alloc.rate:      0.007 MB/sec
                 gc.alloc.rate.norm: 6.972 B/op
                 gc.count:           ≈ 0 counts

Iteration   4: 978.476 ops/s
                 gc.alloc.rate:      0.007 MB/sec
                 gc.alloc.rate.norm: 7.036 B/op
                 gc.count:           ≈ 0 counts

Iteration   5: 997.946 ops/s
                 gc.alloc.rate:      0.007 MB/sec
                 gc.alloc.rate.norm: 6.895 B/op
                 gc.count:           ≈ 0 counts

Iteration   6: 998.798 ops/s
                 gc.alloc.rate:      0.007 MB/sec
                 gc.alloc.rate.norm: 6.895 B/op
                 gc.count:           ≈ 0 counts

Iteration   7: 1000.395 ops/s
                 gc.alloc.rate:      0.007 MB/sec
                 gc.alloc.rate.norm: 6.881 B/op
                 gc.count:           ≈ 0 counts

Iteration   8: 992.639 ops/s
                 gc.alloc.rate:      0.007 MB/sec
                 gc.alloc.rate.norm: 6.937 B/op
                 gc.count:           ≈ 0 counts

Iteration   9: 987.360 ops/s
                 gc.alloc.rate:      0.007 MB/sec
                 gc.alloc.rate.norm: 6.972 B/op
                 gc.count:           ≈ 0 counts

Iteration  10: 993.483 ops/s
                 gc.alloc.rate:      0.007 MB/sec
                 gc.alloc.rate.norm: 6.930 B/op
                 gc.count:           ≈ 0 counts


# Run progress: 78.33% complete, ETA 00:06:42
# Fork: 2 of 3
# Warmup Iteration   1: 1004.801 ops/s
# Warmup Iteration   2: 992.967 ops/s
# Warmup Iteration   3: 982.405 ops/s
# Warmup Iteration   4: 1007.403 ops/s
# Warmup Iteration   5: 979.870 ops/s
Iteration   1: 987.558 ops/s
                 gc.alloc.rate:      0.007 MB/sec
                 gc.alloc.rate.norm: 7.117 B/op
                 gc.count:           ≈ 0 counts

Iteration   2: 1004.211 ops/s
                 gc.alloc.rate:      0.007 MB/sec
                 gc.alloc.rate.norm: 6.854 B/op
                 gc.count:           ≈ 0 counts

Iteration   3: 983.148 ops/s
                 gc.alloc.rate:      0.007 MB/sec
                 gc.alloc.rate.norm: 7.000 B/op
                 gc.count:           ≈ 0 counts

Iteration   4: 1005.532 ops/s
                 gc.alloc.rate:      0.007 MB/sec
                 gc.alloc.rate.norm: 6.847 B/op
                 gc.count:           ≈ 0 counts

Iteration   5: 981.591 ops/s
                 gc.alloc.rate:      0.007 MB/sec
                 gc.alloc.rate.norm: 7.014 B/op
                 gc.count:           ≈ 0 counts

Iteration   6: 981.492 ops/s
                 gc.alloc.rate:      0.007 MB/sec
                 gc.alloc.rate.norm: 7.014 B/op
                 gc.count:           ≈ 0 counts

Iteration   7: 999.826 ops/s
                 gc.alloc.rate:      0.007 MB/sec
                 gc.alloc.rate.norm: 6.888 B/op
                 gc.count:           ≈ 0 counts

Iteration   8: 982.886 ops/s
                 gc.alloc.rate:      0.007 MB/sec
                 gc.alloc.rate.norm: 7.000 B/op
                 gc.count:           ≈ 0 counts

Iteration   9: 1006.338 ops/s
                 gc.alloc.rate:      0.007 MB/sec
                 gc.alloc.rate.norm: 6.840 B/op
                 gc.count:           ≈ 0 counts

Iteration  10: 980.065 ops/s
                 gc.alloc.rate:      0.007 MB/sec
                 gc.alloc.rate.norm: 7.021 B/op
                 gc.count:           ≈ 0 counts


# Run progress: 79.17% complete, ETA 00:06:27
# Fork: 3 of 3
# Warmup Iteration   1: 1001.913 ops/s
# Warmup Iteration   2: 991.401 ops/s
# Warmup Iteration   3: 992.721 ops/s
# Warmup Iteration   4: 1003.211 ops/s
# Warmup Iteration   5: 991.337 ops/s
Iteration   1: 979.314 ops/s
                 gc.alloc.rate:      0.007 MB/sec
                 gc.alloc.rate.norm: 7.176 B/op
                 gc.count:           ≈ 0 counts

Iteration   2: 1002.263 ops/s
                 gc.alloc.rate:      0.007 MB/sec
                 gc.alloc.rate.norm: 6.867 B/op
                 gc.count:           ≈ 0 counts

Iteration   3: 977.397 ops/s
                 gc.alloc.rate:      0.007 MB/sec
                 gc.alloc.rate.norm: 7.043 B/op
                 gc.count:           ≈ 0 counts

Iteration   4: 983.446 ops/s
                 gc.alloc.rate:      0.007 MB/sec
                 gc.alloc.rate.norm: 7.000 B/op
                 gc.count:           ≈ 0 counts

Iteration   5: 1002.499 ops/s
                 gc.alloc.rate:      0.007 MB/sec
                 gc.alloc.rate.norm: 6.867 B/op
                 gc.count:           ≈ 0 counts

Iteration   6: 1005.879 ops/s
                 gc.alloc.rate:      0.007 MB/sec
                 gc.alloc.rate.norm: 6.847 B/op
                 gc.count:           ≈ 0 counts

Iteration   7: 977.390 ops/s
                 gc.alloc.rate:      0.007 MB/sec
                 gc.alloc.rate.norm: 7.043 B/op
                 gc.count:           ≈ 0 counts

Iteration   8: 1008.885 ops/s
                 gc.alloc.rate:      0.007 MB/sec
                 gc.alloc.rate.norm: 6.827 B/op
                 gc.count:           ≈ 0 counts

Iteration   9: 980.962 ops/s
                 gc.alloc.rate:      0.007 MB/sec
                 gc.alloc.rate.norm: 7.014 B/op
                 gc.count:           ≈ 0 counts

Iteration  10: 988.733 ops/s
                 gc.alloc.rate:      0.007 MB/sec
                 gc.alloc.rate.norm: 6.965 B/op
                 gc.count:           ≈ 0 counts



Result "dev.yll.simdjsonjni.bench.ThroughputBenchmark.checksum":
  990.928 ±(99.9%) 7.115 ops/s [Average]
  (min, avg, max) = (975.081, 990.928, 1008.885), stdev = 10.649
  CI (99.9%): [983.814, 998.043] (assumes normal distribution)

Secondary result "dev.yll.simdjsonjni.bench.ThroughputBenchmark.checksum:gc.alloc.rate":
  0.007 ±(99.9%) 0.001 MB/sec [Average]
  (min, avg, max) = (0.007, 0.007, 0.007), stdev = 0.001
  CI (99.9%): [0.007, 0.007] (assumes normal distribution)

Secondary result "dev.yll.simdjsonjni.bench.ThroughputBenchmark.checksum:gc.alloc.rate.norm":
  6.962 ±(99.9%) 0.066 B/op [Average]
  (min, avg, max) = (6.827, 6.962, 7.205), stdev = 0.098
  CI (99.9%): [6.897, 7.028] (assumes normal distribution)

Secondary result "dev.yll.simdjsonjni.bench.ThroughputBenchmark.checksum:gc.count":
  ≈ 0 counts


# JMH version: 1.37
# VM version: JDK 21.0.12.1, OpenJDK 64-Bit Server VM, 21.0.12.1+1-LTS
# VM invoker: /tmp/toolchain-152522/jdk21/bin/java
# VM options: -Dsimdjson.jni.library=/tmp/simdjson-jni-152522/build/libsimdjson_jni.so -Dsimdjson.data.dir=/tmp/simdjson-jni-152522/data -Xms2g -Xmx2g -XX:+UseG1GC
# Blackhole mode: compiler (auto-detected, use -Djmh.blackhole.autoDetect=false to disable)
# Warmup: 5 iterations, 1 s each
# Measurement: 10 iterations, 1 s each
# Timeout: 10 min per iteration
# Threads: 1 thread, will synchronize iterations
# Benchmark mode: Throughput, ops/time
# Benchmark: dev.yll.simdjsonjni.bench.ThroughputBenchmark.checksum
# Parameters: (dataset = update-center.json, engine = jackson-tree)

# Run progress: 80.00% complete, ETA 00:06:11
# Fork: 1 of 3
# Warmup Iteration   1: 361.169 ops/s
# Warmup Iteration   2: 403.237 ops/s
# Warmup Iteration   3: 418.454 ops/s
# Warmup Iteration   4: 429.306 ops/s
# Warmup Iteration   5: 419.737 ops/s
Iteration   1: 428.475 ops/s
                 gc.alloc.rate:      962.918 MB/sec
                 gc.alloc.rate.norm: 2356984.186 B/op
                 gc.count:           1.000 counts
                 gc.time:            3.000 ms

Iteration   2: 420.632 ops/s
                 gc.alloc.rate:      945.089 MB/sec
                 gc.alloc.rate.norm: 2356987.116 B/op
                 gc.count:           1.000 counts
                 gc.time:            3.000 ms

Iteration   3: 429.726 ops/s
                 gc.alloc.rate:      965.660 MB/sec
                 gc.alloc.rate.norm: 2356984.019 B/op
                 gc.count:           ≈ 0 counts

Iteration   4: 425.311 ops/s
                 gc.alloc.rate:      955.720 MB/sec
                 gc.alloc.rate.norm: 2356984.300 B/op
                 gc.count:           1.000 counts
                 gc.time:            3.000 ms

Iteration   5: 427.699 ops/s
                 gc.alloc.rate:      961.187 MB/sec
                 gc.alloc.rate.norm: 2356984.224 B/op
                 gc.count:           1.000 counts
                 gc.time:            2.000 ms

Iteration   6: 425.408 ops/s
                 gc.alloc.rate:      956.011 MB/sec
                 gc.alloc.rate.norm: 2356984.300 B/op
                 gc.count:           1.000 counts
                 gc.time:            3.000 ms

Iteration   7: 423.628 ops/s
                 gc.alloc.rate:      952.040 MB/sec
                 gc.alloc.rate.norm: 2356984.377 B/op
                 gc.count:           1.000 counts
                 gc.time:            3.000 ms

Iteration   8: 428.216 ops/s
                 gc.alloc.rate:      962.359 MB/sec
                 gc.alloc.rate.norm: 2356983.795 B/op
                 gc.count:           ≈ 0 counts

Iteration   9: 429.313 ops/s
                 gc.alloc.rate:      964.786 MB/sec
                 gc.alloc.rate.norm: 2356953.414 B/op
                 gc.count:           1.000 counts
                 gc.time:            2.000 ms

Iteration  10: 420.895 ops/s
                 gc.alloc.rate:      945.793 MB/sec
                 gc.alloc.rate.norm: 2356944.494 B/op
                 gc.count:           1.000 counts
                 gc.time:            3.000 ms


# Run progress: 80.83% complete, ETA 00:05:56
# Fork: 2 of 3
# Warmup Iteration   1: 362.439 ops/s
# Warmup Iteration   2: 397.915 ops/s
# Warmup Iteration   3: 417.416 ops/s
# Warmup Iteration   4: 428.465 ops/s
# Warmup Iteration   5: 422.083 ops/s
Iteration   1: 423.058 ops/s
                 gc.alloc.rate:      950.743 MB/sec
                 gc.alloc.rate.norm: 2356984.377 B/op
                 gc.count:           1.000 counts
                 gc.time:            2.000 ms

Iteration   2: 424.035 ops/s
                 gc.alloc.rate:      952.743 MB/sec
                 gc.alloc.rate.norm: 2356986.936 B/op
                 gc.count:           1.000 counts
                 gc.time:            3.000 ms

Iteration   3: 420.170 ops/s
                 gc.alloc.rate:      944.200 MB/sec
                 gc.alloc.rate.norm: 2356984.361 B/op
                 gc.count:           ≈ 0 counts

Iteration   4: 430.931 ops/s
                 gc.alloc.rate:      968.291 MB/sec
                 gc.alloc.rate.norm: 2356984.111 B/op
                 gc.count:           1.000 counts
                 gc.time:            4.000 ms

Iteration   5: 422.906 ops/s
                 gc.alloc.rate:      950.411 MB/sec
                 gc.alloc.rate.norm: 2356984.416 B/op
                 gc.count:           1.000 counts
                 gc.time:            2.000 ms

Iteration   6: 416.821 ops/s
                 gc.alloc.rate:      936.730 MB/sec
                 gc.alloc.rate.norm: 2356984.652 B/op
                 gc.count:           1.000 counts
                 gc.time:            3.000 ms

Iteration   7: 428.210 ops/s
                 gc.alloc.rate:      962.332 MB/sec
                 gc.alloc.rate.norm: 2356984.186 B/op
                 gc.count:           1.000 counts
                 gc.time:            3.000 ms

Iteration   8: 420.706 ops/s
                 gc.alloc.rate:      945.469 MB/sec
                 gc.alloc.rate.norm: 2356986.565 B/op
                 gc.count:           ≈ 0 counts

Iteration   9: 425.903 ops/s
                 gc.alloc.rate:      957.137 MB/sec
                 gc.alloc.rate.norm: 2356953.653 B/op
                 gc.count:           1.000 counts
                 gc.time:            3.000 ms

Iteration  10: 424.031 ops/s
                 gc.alloc.rate:      952.858 MB/sec
                 gc.alloc.rate.norm: 2356944.339 B/op
                 gc.count:           1.000 counts
                 gc.time:            3.000 ms


# Run progress: 81.67% complete, ETA 00:05:40
# Fork: 3 of 3
# Warmup Iteration   1: 364.181 ops/s
# Warmup Iteration   2: 397.281 ops/s
# Warmup Iteration   3: 425.080 ops/s
# Warmup Iteration   4: 418.367 ops/s
# Warmup Iteration   5: 423.194 ops/s
Iteration   1: 421.433 ops/s
                 gc.alloc.rate:      947.093 MB/sec
                 gc.alloc.rate.norm: 2356984.455 B/op
                 gc.count:           1.000 counts
                 gc.time:            3.000 ms

Iteration   2: 413.771 ops/s
                 gc.alloc.rate:      929.674 MB/sec
                 gc.alloc.rate.norm: 2356987.440 B/op
                 gc.count:           1.000 counts
                 gc.time:            3.000 ms

Iteration   3: 429.256 ops/s
                 gc.alloc.rate:      964.570 MB/sec
                 gc.alloc.rate.norm: 2356984.019 B/op
                 gc.count:           ≈ 0 counts

Iteration   4: 417.776 ops/s
                 gc.alloc.rate:      938.785 MB/sec
                 gc.alloc.rate.norm: 2356984.612 B/op
                 gc.count:           1.000 counts
                 gc.time:            3.000 ms

Iteration   5: 426.692 ops/s
                 gc.alloc.rate:      958.920 MB/sec
                 gc.alloc.rate.norm: 2356984.262 B/op
                 gc.count:           1.000 counts
                 gc.time:            3.000 ms

Iteration   6: 417.124 ops/s
                 gc.alloc.rate:      937.419 MB/sec
                 gc.alloc.rate.norm: 2356984.612 B/op
                 gc.count:           1.000 counts
                 gc.time:            3.000 ms

Iteration   7: 420.797 ops/s
                 gc.alloc.rate:      945.676 MB/sec
                 gc.alloc.rate.norm: 2356984.494 B/op
                 gc.count:           1.000 counts
                 gc.time:            2.000 ms

Iteration   8: 420.919 ops/s
                 gc.alloc.rate:      945.963 MB/sec
                 gc.alloc.rate.norm: 2357015.297 B/op
                 gc.count:           ≈ 0 counts

Iteration   9: 416.533 ops/s
                 gc.alloc.rate:      936.071 MB/sec
                 gc.alloc.rate.norm: 2356954.206 B/op
                 gc.count:           1.000 counts
                 gc.time:            3.000 ms

Iteration  10: 426.953 ops/s
                 gc.alloc.rate:      959.428 MB/sec
                 gc.alloc.rate.norm: 2356944.224 B/op
                 gc.count:           1.000 counts
                 gc.time:            3.000 ms



Result "dev.yll.simdjsonjni.bench.ThroughputBenchmark.checksum":
  423.577 ±(99.9%) 3.031 ops/s [Average]
  (min, avg, max) = (413.771, 423.577, 430.931), stdev = 4.536
  CI (99.9%): [420.547, 426.608] (assumes normal distribution)

Secondary result "dev.yll.simdjsonjni.bench.ThroughputBenchmark.checksum:gc.alloc.rate":
  951.869 ±(99.9%) 6.816 MB/sec [Average]
  (min, avg, max) = (929.674, 951.869, 968.291), stdev = 10.202
  CI (99.9%): [945.053, 958.685] (assumes normal distribution)

Secondary result "dev.yll.simdjsonjni.bench.ThroughputBenchmark.checksum:gc.alloc.rate.norm":
  2356978.648 ±(99.9%) 10.830 B/op [Average]
  (min, avg, max) = (2356944.224, 2356978.648, 2357015.297), stdev = 16.209
  CI (99.9%): [2356967.819, 2356989.478] (assumes normal distribution)

Secondary result "dev.yll.simdjsonjni.bench.ThroughputBenchmark.checksum:gc.count":
  24.000 ±(99.9%) 0.001 counts [Sum]
  (min, avg, max) = (≈ 0, 0.800, 1.000), stdev = 0.407
  CI (99.9%): [24.000, 24.000] (assumes normal distribution)

Secondary result "dev.yll.simdjsonjni.bench.ThroughputBenchmark.checksum:gc.time":
  68.000 ±(99.9%) 0.001 ms [Sum]
  (min, avg, max) = (≈ 0, 2.267, 4.000), stdev = 1.230
  CI (99.9%): [68.000, 68.000] (assumes normal distribution)


# JMH version: 1.37
# VM version: JDK 21.0.12.1, OpenJDK 64-Bit Server VM, 21.0.12.1+1-LTS
# VM invoker: /tmp/toolchain-152522/jdk21/bin/java
# VM options: -Dsimdjson.jni.library=/tmp/simdjson-jni-152522/build/libsimdjson_jni.so -Dsimdjson.data.dir=/tmp/simdjson-jni-152522/data -Xms2g -Xmx2g -XX:+UseG1GC
# Blackhole mode: compiler (auto-detected, use -Djmh.blackhole.autoDetect=false to disable)
# Warmup: 5 iterations, 1 s each
# Measurement: 10 iterations, 1 s each
# Timeout: 10 min per iteration
# Threads: 1 thread, will synchronize iterations
# Benchmark mode: Throughput, ops/time
# Benchmark: dev.yll.simdjsonjni.bench.ThroughputBenchmark.checksum
# Parameters: (dataset = update-center.json, engine = jackson-stream)

# Run progress: 82.50% complete, ETA 00:05:25
# Fork: 1 of 3
# Warmup Iteration   1: 672.740 ops/s
# Warmup Iteration   2: 692.604 ops/s
# Warmup Iteration   3: 700.283 ops/s
# Warmup Iteration   4: 691.726 ops/s
# Warmup Iteration   5: 683.200 ops/s
Iteration   1: 699.757 ops/s
                 gc.alloc.rate:      0.610 MB/sec
                 gc.alloc.rate.norm: 913.840 B/op
                 gc.count:           ≈ 0 counts

Iteration   2: 692.398 ops/s
                 gc.alloc.rate:      0.603 MB/sec
                 gc.alloc.rate.norm: 913.939 B/op
                 gc.count:           ≈ 0 counts

Iteration   3: 690.561 ops/s
                 gc.alloc.rate:      0.599 MB/sec
                 gc.alloc.rate.norm: 909.904 B/op
                 gc.count:           ≈ 0 counts

Iteration   4: 696.820 ops/s
                 gc.alloc.rate:      0.581 MB/sec
                 gc.alloc.rate.norm: 873.882 B/op
                 gc.count:           ≈ 0 counts

Iteration   5: 685.261 ops/s
                 gc.alloc.rate:      0.571 MB/sec
                 gc.alloc.rate.norm: 874.026 B/op
                 gc.count:           ≈ 0 counts

Iteration   6: 691.898 ops/s
                 gc.alloc.rate:      0.577 MB/sec
                 gc.alloc.rate.norm: 873.954 B/op
                 gc.count:           ≈ 0 counts

Iteration   7: 697.284 ops/s
                 gc.alloc.rate:      0.581 MB/sec
                 gc.alloc.rate.norm: 873.868 B/op
                 gc.count:           ≈ 0 counts

Iteration   8: 696.962 ops/s
                 gc.alloc.rate:      0.581 MB/sec
                 gc.alloc.rate.norm: 873.868 B/op
                 gc.count:           ≈ 0 counts

Iteration   9: 688.562 ops/s
                 gc.alloc.rate:      0.574 MB/sec
                 gc.alloc.rate.norm: 873.997 B/op
                 gc.count:           ≈ 0 counts

Iteration  10: 679.991 ops/s
                 gc.alloc.rate:      0.567 MB/sec
                 gc.alloc.rate.norm: 874.115 B/op
                 gc.count:           ≈ 0 counts


# Run progress: 83.33% complete, ETA 00:05:09
# Fork: 2 of 3
# Warmup Iteration   1: 665.150 ops/s
# Warmup Iteration   2: 690.706 ops/s
# Warmup Iteration   3: 690.398 ops/s
# Warmup Iteration   4: 690.743 ops/s
# Warmup Iteration   5: 690.723 ops/s
Iteration   1: 699.233 ops/s
                 gc.alloc.rate:      0.609 MB/sec
                 gc.alloc.rate.norm: 913.840 B/op
                 gc.count:           ≈ 0 counts

Iteration   2: 699.239 ops/s
                 gc.alloc.rate:      0.609 MB/sec
                 gc.alloc.rate.norm: 913.840 B/op
                 gc.count:           ≈ 0 counts

Iteration   3: 698.496 ops/s
                 gc.alloc.rate:      0.606 MB/sec
                 gc.alloc.rate.norm: 909.780 B/op
                 gc.count:           ≈ 0 counts

Iteration   4: 695.864 ops/s
                 gc.alloc.rate:      0.580 MB/sec
                 gc.alloc.rate.norm: 873.897 B/op
                 gc.count:           ≈ 0 counts

Iteration   5: 696.158 ops/s
                 gc.alloc.rate:      0.580 MB/sec
                 gc.alloc.rate.norm: 873.882 B/op
                 gc.count:           ≈ 0 counts

Iteration   6: 696.093 ops/s
                 gc.alloc.rate:      0.580 MB/sec
                 gc.alloc.rate.norm: 873.882 B/op
                 gc.count:           ≈ 0 counts

Iteration   7: 695.432 ops/s
                 gc.alloc.rate:      0.580 MB/sec
                 gc.alloc.rate.norm: 873.897 B/op
                 gc.count:           ≈ 0 counts

Iteration   8: 696.439 ops/s
                 gc.alloc.rate:      0.580 MB/sec
                 gc.alloc.rate.norm: 873.882 B/op
                 gc.count:           ≈ 0 counts

Iteration   9: 697.237 ops/s
                 gc.alloc.rate:      0.581 MB/sec
                 gc.alloc.rate.norm: 873.868 B/op
                 gc.count:           ≈ 0 counts

Iteration  10: 687.502 ops/s
                 gc.alloc.rate:      0.573 MB/sec
                 gc.alloc.rate.norm: 874.012 B/op
                 gc.count:           ≈ 0 counts


# Run progress: 84.17% complete, ETA 00:04:54
# Fork: 3 of 3
# Warmup Iteration   1: 665.970 ops/s
# Warmup Iteration   2: 703.675 ops/s
# Warmup Iteration   3: 694.885 ops/s
# Warmup Iteration   4: 703.069 ops/s
# Warmup Iteration   5: 694.276 ops/s
Iteration   1: 702.324 ops/s
                 gc.alloc.rate:      0.612 MB/sec
                 gc.alloc.rate.norm: 913.798 B/op
                 gc.count:           ≈ 0 counts

Iteration   2: 702.632 ops/s
                 gc.alloc.rate:      0.612 MB/sec
                 gc.alloc.rate.norm: 913.798 B/op
                 gc.count:           ≈ 0 counts

Iteration   3: 684.845 ops/s
                 gc.alloc.rate:      0.593 MB/sec
                 gc.alloc.rate.norm: 908.263 B/op
                 gc.count:           ≈ 0 counts

Iteration   4: 698.372 ops/s
                 gc.alloc.rate:      0.582 MB/sec
                 gc.alloc.rate.norm: 873.854 B/op
                 gc.count:           ≈ 0 counts

Iteration   5: 691.404 ops/s
                 gc.alloc.rate:      0.576 MB/sec
                 gc.alloc.rate.norm: 873.954 B/op
                 gc.count:           ≈ 0 counts

Iteration   6: 699.204 ops/s
                 gc.alloc.rate:      0.583 MB/sec
                 gc.alloc.rate.norm: 873.840 B/op
                 gc.count:           ≈ 0 counts

Iteration   7: 683.673 ops/s
                 gc.alloc.rate:      0.570 MB/sec
                 gc.alloc.rate.norm: 874.070 B/op
                 gc.count:           ≈ 0 counts

Iteration   8: 690.345 ops/s
                 gc.alloc.rate:      0.575 MB/sec
                 gc.alloc.rate.norm: 873.968 B/op
                 gc.count:           ≈ 0 counts

Iteration   9: 699.681 ops/s
                 gc.alloc.rate:      0.583 MB/sec
                 gc.alloc.rate.norm: 873.840 B/op
                 gc.count:           ≈ 0 counts

Iteration  10: 682.277 ops/s
                 gc.alloc.rate:      0.569 MB/sec
                 gc.alloc.rate.norm: 874.085 B/op
                 gc.count:           ≈ 0 counts



Result "dev.yll.simdjsonjni.bench.ThroughputBenchmark.checksum":
  693.865 ±(99.9%) 4.114 ops/s [Average]
  (min, avg, max) = (679.991, 693.865, 702.632), stdev = 6.158
  CI (99.9%): [689.751, 697.979] (assumes normal distribution)

Secondary result "dev.yll.simdjsonjni.bench.ThroughputBenchmark.checksum:gc.alloc.rate":
  0.586 ±(99.9%) 0.010 MB/sec [Average]
  (min, avg, max) = (0.567, 0.586, 0.612), stdev = 0.014
  CI (99.9%): [0.576, 0.595] (assumes normal distribution)

Secondary result "dev.yll.simdjsonjni.bench.ThroughputBenchmark.checksum:gc.alloc.rate.norm":
  885.455 ±(99.9%) 11.985 B/op [Average]
  (min, avg, max) = (873.840, 885.455, 913.939), stdev = 17.938
  CI (99.9%): [873.470, 897.440] (assumes normal distribution)

Secondary result "dev.yll.simdjsonjni.bench.ThroughputBenchmark.checksum:gc.count":
  ≈ 0 counts


# JMH version: 1.37
# VM version: JDK 21.0.12.1, OpenJDK 64-Bit Server VM, 21.0.12.1+1-LTS
# VM invoker: /tmp/toolchain-152522/jdk21/bin/java
# VM options: -Dsimdjson.jni.library=/tmp/simdjson-jni-152522/build/libsimdjson_jni.so -Dsimdjson.data.dir=/tmp/simdjson-jni-152522/data -Xms2g -Xmx2g -XX:+UseG1GC
# Blackhole mode: compiler (auto-detected, use -Djmh.blackhole.autoDetect=false to disable)
# Warmup: 5 iterations, 1 s each
# Measurement: 10 iterations, 1 s each
# Timeout: 10 min per iteration
# Threads: 1 thread, will synchronize iterations
# Benchmark mode: Throughput, ops/time
# Benchmark: dev.yll.simdjsonjni.bench.ThroughputBenchmark.checksum
# Parameters: (dataset = update-center.json, engine = simdjson-jni-copy)

# Run progress: 85.00% complete, ETA 00:04:38
# Fork: 1 of 3
# Warmup Iteration   1: 3606.258 ops/s
# Warmup Iteration   2: 3642.935 ops/s
# Warmup Iteration   3: 3622.378 ops/s
# Warmup Iteration   4: 3588.556 ops/s
# Warmup Iteration   5: 3669.394 ops/s
Iteration   1: 3628.545 ops/s
                 gc.alloc.rate:      0.007 MB/sec
                 gc.alloc.rate.norm: 1.898 B/op
                 gc.count:           ≈ 0 counts

Iteration   2: 3628.846 ops/s
                 gc.alloc.rate:      0.007 MB/sec
                 gc.alloc.rate.norm: 1.898 B/op
                 gc.count:           ≈ 0 counts

Iteration   3: 3668.937 ops/s
                 gc.alloc.rate:      0.007 MB/sec
                 gc.alloc.rate.norm: 1.877 B/op
                 gc.count:           ≈ 0 counts

Iteration   4: 3581.368 ops/s
                 gc.alloc.rate:      0.007 MB/sec
                 gc.alloc.rate.norm: 1.923 B/op
                 gc.count:           ≈ 0 counts

Iteration   5: 3586.835 ops/s
                 gc.alloc.rate:      0.007 MB/sec
                 gc.alloc.rate.norm: 1.920 B/op
                 gc.count:           ≈ 0 counts

Iteration   6: 3668.117 ops/s
                 gc.alloc.rate:      0.007 MB/sec
                 gc.alloc.rate.norm: 1.877 B/op
                 gc.count:           ≈ 0 counts

Iteration   7: 3628.838 ops/s
                 gc.alloc.rate:      0.007 MB/sec
                 gc.alloc.rate.norm: 1.898 B/op
                 gc.count:           ≈ 0 counts

Iteration   8: 3672.819 ops/s
                 gc.alloc.rate:      0.007 MB/sec
                 gc.alloc.rate.norm: 1.875 B/op
                 gc.count:           ≈ 0 counts

Iteration   9: 3630.481 ops/s
                 gc.alloc.rate:      0.007 MB/sec
                 gc.alloc.rate.norm: 1.897 B/op
                 gc.count:           ≈ 0 counts

Iteration  10: 3588.952 ops/s
                 gc.alloc.rate:      0.007 MB/sec
                 gc.alloc.rate.norm: 1.919 B/op
                 gc.count:           ≈ 0 counts


# Run progress: 85.83% complete, ETA 00:04:23
# Fork: 2 of 3
# Warmup Iteration   1: 3639.208 ops/s
# Warmup Iteration   2: 3758.769 ops/s
# Warmup Iteration   3: 3663.497 ops/s
# Warmup Iteration   4: 3750.528 ops/s
# Warmup Iteration   5: 3656.483 ops/s
Iteration   1: 3704.336 ops/s
                 gc.alloc.rate:      0.007 MB/sec
                 gc.alloc.rate.norm: 1.859 B/op
                 gc.count:           ≈ 0 counts

Iteration   2: 3748.648 ops/s
                 gc.alloc.rate:      0.007 MB/sec
                 gc.alloc.rate.norm: 1.829 B/op
                 gc.count:           ≈ 0 counts

Iteration   3: 3662.456 ops/s
                 gc.alloc.rate:      0.007 MB/sec
                 gc.alloc.rate.norm: 1.880 B/op
                 gc.count:           ≈ 0 counts

Iteration   4: 3651.851 ops/s
                 gc.alloc.rate:      0.007 MB/sec
                 gc.alloc.rate.norm: 1.886 B/op
                 gc.count:           ≈ 0 counts

Iteration   5: 3747.267 ops/s
                 gc.alloc.rate:      0.007 MB/sec
                 gc.alloc.rate.norm: 1.838 B/op
                 gc.count:           ≈ 0 counts

Iteration   6: 3667.448 ops/s
                 gc.alloc.rate:      0.007 MB/sec
                 gc.alloc.rate.norm: 1.878 B/op
                 gc.count:           ≈ 0 counts

Iteration   7: 3706.941 ops/s
                 gc.alloc.rate:      0.007 MB/sec
                 gc.alloc.rate.norm: 1.858 B/op
                 gc.count:           ≈ 0 counts

Iteration   8: 3709.837 ops/s
                 gc.alloc.rate:      0.007 MB/sec
                 gc.alloc.rate.norm: 1.856 B/op
                 gc.count:           ≈ 0 counts

Iteration   9: 3663.580 ops/s
                 gc.alloc.rate:      0.007 MB/sec
                 gc.alloc.rate.norm: 1.880 B/op
                 gc.count:           ≈ 0 counts

Iteration  10: 3748.272 ops/s
                 gc.alloc.rate:      0.007 MB/sec
                 gc.alloc.rate.norm: 1.837 B/op
                 gc.count:           ≈ 0 counts


# Run progress: 86.67% complete, ETA 00:04:07
# Fork: 3 of 3
# Warmup Iteration   1: 3697.157 ops/s
# Warmup Iteration   2: 3631.106 ops/s
# Warmup Iteration   3: 3601.525 ops/s
# Warmup Iteration   4: 3684.760 ops/s
# Warmup Iteration   5: 3607.887 ops/s
Iteration   1: 3645.210 ops/s
                 gc.alloc.rate:      0.007 MB/sec
                 gc.alloc.rate.norm: 1.889 B/op
                 gc.count:           ≈ 0 counts

Iteration   2: 3645.271 ops/s
                 gc.alloc.rate:      0.007 MB/sec
                 gc.alloc.rate.norm: 1.889 B/op
                 gc.count:           ≈ 0 counts

Iteration   3: 3603.510 ops/s
                 gc.alloc.rate:      0.007 MB/sec
                 gc.alloc.rate.norm: 1.911 B/op
                 gc.count:           ≈ 0 counts

Iteration   4: 3645.750 ops/s
                 gc.alloc.rate:      0.007 MB/sec
                 gc.alloc.rate.norm: 1.889 B/op
                 gc.count:           ≈ 0 counts

Iteration   5: 3722.166 ops/s
                 gc.alloc.rate:      0.007 MB/sec
                 gc.alloc.rate.norm: 1.850 B/op
                 gc.count:           ≈ 0 counts

Iteration   6: 3672.308 ops/s
                 gc.alloc.rate:      0.007 MB/sec
                 gc.alloc.rate.norm: 1.875 B/op
                 gc.count:           ≈ 0 counts

Iteration   7: 3677.269 ops/s
                 gc.alloc.rate:      0.007 MB/sec
                 gc.alloc.rate.norm: 1.873 B/op
                 gc.count:           ≈ 0 counts

Iteration   8: 3673.446 ops/s
                 gc.alloc.rate:      0.007 MB/sec
                 gc.alloc.rate.norm: 1.875 B/op
                 gc.count:           ≈ 0 counts

Iteration   9: 3674.288 ops/s
                 gc.alloc.rate:      0.007 MB/sec
                 gc.alloc.rate.norm: 1.874 B/op
                 gc.count:           ≈ 0 counts

Iteration  10: 3670.920 ops/s
                 gc.alloc.rate:      0.007 MB/sec
                 gc.alloc.rate.norm: 1.876 B/op
                 gc.count:           ≈ 0 counts



Result "dev.yll.simdjsonjni.bench.ThroughputBenchmark.checksum":
  3664.150 ±(99.9%) 30.107 ops/s [Average]
  (min, avg, max) = (3581.368, 3664.150, 3748.648), stdev = 45.062
  CI (99.9%): [3634.044, 3694.257] (assumes normal distribution)

Secondary result "dev.yll.simdjsonjni.bench.ThroughputBenchmark.checksum:gc.alloc.rate":
  0.007 ±(99.9%) 0.001 MB/sec [Average]
  (min, avg, max) = (0.007, 0.007, 0.007), stdev = 0.001
  CI (99.9%): [0.007, 0.007] (assumes normal distribution)

Secondary result "dev.yll.simdjsonjni.bench.ThroughputBenchmark.checksum:gc.alloc.rate.norm":
  1.879 ±(99.9%) 0.016 B/op [Average]
  (min, avg, max) = (1.829, 1.879, 1.923), stdev = 0.024
  CI (99.9%): [1.864, 1.895] (assumes normal distribution)

Secondary result "dev.yll.simdjsonjni.bench.ThroughputBenchmark.checksum:gc.count":
  ≈ 0 counts


# JMH version: 1.37
# VM version: JDK 21.0.12.1, OpenJDK 64-Bit Server VM, 21.0.12.1+1-LTS
# VM invoker: /tmp/toolchain-152522/jdk21/bin/java
# VM options: -Dsimdjson.jni.library=/tmp/simdjson-jni-152522/build/libsimdjson_jni.so -Dsimdjson.data.dir=/tmp/simdjson-jni-152522/data -Xms2g -Xmx2g -XX:+UseG1GC
# Blackhole mode: compiler (auto-detected, use -Djmh.blackhole.autoDetect=false to disable)
# Warmup: 5 iterations, 1 s each
# Measurement: 10 iterations, 1 s each
# Timeout: 10 min per iteration
# Threads: 1 thread, will synchronize iterations
# Benchmark mode: Throughput, ops/time
# Benchmark: dev.yll.simdjsonjni.bench.ThroughputBenchmark.checksum
# Parameters: (dataset = update-center.json, engine = simdjson-jni-direct)

# Run progress: 87.50% complete, ETA 00:03:52
# Fork: 1 of 3
# Warmup Iteration   1: 3848.466 ops/s
# Warmup Iteration   2: 3864.269 ops/s
# Warmup Iteration   3: 3883.912 ops/s
# Warmup Iteration   4: 3841.015 ops/s
# Warmup Iteration   5: 3931.543 ops/s
Iteration   1: 3834.244 ops/s
                 gc.alloc.rate:      0.007 MB/sec
                 gc.alloc.rate.norm: 1.796 B/op
                 gc.count:           ≈ 0 counts

Iteration   2: 3883.728 ops/s
                 gc.alloc.rate:      0.007 MB/sec
                 gc.alloc.rate.norm: 1.773 B/op
                 gc.count:           ≈ 0 counts

Iteration   3: 3871.030 ops/s
                 gc.alloc.rate:      0.007 MB/sec
                 gc.alloc.rate.norm: 1.779 B/op
                 gc.count:           ≈ 0 counts

Iteration   4: 3827.265 ops/s
                 gc.alloc.rate:      0.007 MB/sec
                 gc.alloc.rate.norm: 1.799 B/op
                 gc.count:           ≈ 0 counts

Iteration   5: 3903.242 ops/s
                 gc.alloc.rate:      0.007 MB/sec
                 gc.alloc.rate.norm: 1.764 B/op
                 gc.count:           ≈ 0 counts

Iteration   6: 3839.166 ops/s
                 gc.alloc.rate:      0.007 MB/sec
                 gc.alloc.rate.norm: 1.794 B/op
                 gc.count:           ≈ 0 counts

Iteration   7: 3918.024 ops/s
                 gc.alloc.rate:      0.007 MB/sec
                 gc.alloc.rate.norm: 1.758 B/op
                 gc.count:           ≈ 0 counts

Iteration   8: 3929.413 ops/s
                 gc.alloc.rate:      0.007 MB/sec
                 gc.alloc.rate.norm: 1.753 B/op
                 gc.count:           ≈ 0 counts

Iteration   9: 3840.791 ops/s
                 gc.alloc.rate:      0.007 MB/sec
                 gc.alloc.rate.norm: 1.793 B/op
                 gc.count:           ≈ 0 counts

Iteration  10: 3909.956 ops/s
                 gc.alloc.rate:      0.007 MB/sec
                 gc.alloc.rate.norm: 1.761 B/op
                 gc.count:           ≈ 0 counts


# Run progress: 88.33% complete, ETA 00:03:36
# Fork: 2 of 3
# Warmup Iteration   1: 3897.909 ops/s
# Warmup Iteration   2: 3791.162 ops/s
# Warmup Iteration   3: 3777.982 ops/s
# Warmup Iteration   4: 3869.522 ops/s
# Warmup Iteration   5: 3777.423 ops/s
Iteration   1: 3823.082 ops/s
                 gc.alloc.rate:      0.007 MB/sec
                 gc.alloc.rate.norm: 1.801 B/op
                 gc.count:           ≈ 0 counts

Iteration   2: 3820.483 ops/s
                 gc.alloc.rate:      0.007 MB/sec
                 gc.alloc.rate.norm: 1.802 B/op
                 gc.count:           ≈ 0 counts

Iteration   3: 3780.909 ops/s
                 gc.alloc.rate:      0.007 MB/sec
                 gc.alloc.rate.norm: 1.821 B/op
                 gc.count:           ≈ 0 counts

Iteration   4: 3813.841 ops/s
                 gc.alloc.rate:      0.007 MB/sec
                 gc.alloc.rate.norm: 1.806 B/op
                 gc.count:           ≈ 0 counts

Iteration   5: 3821.940 ops/s
                 gc.alloc.rate:      0.007 MB/sec
                 gc.alloc.rate.norm: 1.802 B/op
                 gc.count:           ≈ 0 counts

Iteration   6: 3820.018 ops/s
                 gc.alloc.rate:      0.007 MB/sec
                 gc.alloc.rate.norm: 1.803 B/op
                 gc.count:           ≈ 0 counts

Iteration   7: 3823.368 ops/s
                 gc.alloc.rate:      0.007 MB/sec
                 gc.alloc.rate.norm: 1.801 B/op
                 gc.count:           ≈ 0 counts

Iteration   8: 3865.621 ops/s
                 gc.alloc.rate:      0.007 MB/sec
                 gc.alloc.rate.norm: 1.782 B/op
                 gc.count:           ≈ 0 counts

Iteration   9: 3820.368 ops/s
                 gc.alloc.rate:      0.007 MB/sec
                 gc.alloc.rate.norm: 1.803 B/op
                 gc.count:           ≈ 0 counts

Iteration  10: 3779.332 ops/s
                 gc.alloc.rate:      0.007 MB/sec
                 gc.alloc.rate.norm: 1.822 B/op
                 gc.count:           ≈ 0 counts


# Run progress: 89.17% complete, ETA 00:03:21
# Fork: 3 of 3
# Warmup Iteration   1: 3856.953 ops/s
# Warmup Iteration   2: 3938.096 ops/s
# Warmup Iteration   3: 3886.232 ops/s
# Warmup Iteration   4: 3845.155 ops/s
# Warmup Iteration   5: 3935.366 ops/s
Iteration   1: 3841.068 ops/s
                 gc.alloc.rate:      0.007 MB/sec
                 gc.alloc.rate.norm: 1.793 B/op
                 gc.count:           ≈ 0 counts

Iteration   2: 3909.185 ops/s
                 gc.alloc.rate:      0.007 MB/sec
                 gc.alloc.rate.norm: 1.762 B/op
                 gc.count:           ≈ 0 counts

Iteration   3: 3841.032 ops/s
                 gc.alloc.rate:      0.007 MB/sec
                 gc.alloc.rate.norm: 1.793 B/op
                 gc.count:           ≈ 0 counts

Iteration   4: 3893.092 ops/s
                 gc.alloc.rate:      0.007 MB/sec
                 gc.alloc.rate.norm: 1.769 B/op
                 gc.count:           ≈ 0 counts

Iteration   5: 3915.069 ops/s
                 gc.alloc.rate:      0.007 MB/sec
                 gc.alloc.rate.norm: 1.759 B/op
                 gc.count:           ≈ 0 counts

Iteration   6: 3846.482 ops/s
                 gc.alloc.rate:      0.007 MB/sec
                 gc.alloc.rate.norm: 1.790 B/op
                 gc.count:           ≈ 0 counts

Iteration   7: 3918.381 ops/s
                 gc.alloc.rate:      0.007 MB/sec
                 gc.alloc.rate.norm: 1.758 B/op
                 gc.count:           ≈ 0 counts

Iteration   8: 3881.291 ops/s
                 gc.alloc.rate:      0.007 MB/sec
                 gc.alloc.rate.norm: 1.774 B/op
                 gc.count:           ≈ 0 counts

Iteration   9: 3839.859 ops/s
                 gc.alloc.rate:      0.007 MB/sec
                 gc.alloc.rate.norm: 1.793 B/op
                 gc.count:           ≈ 0 counts

Iteration  10: 3934.544 ops/s
                 gc.alloc.rate:      0.007 MB/sec
                 gc.alloc.rate.norm: 1.750 B/op
                 gc.count:           ≈ 0 counts



Result "dev.yll.simdjsonjni.bench.ThroughputBenchmark.checksum":
  3858.194 ±(99.9%) 29.557 ops/s [Average]
  (min, avg, max) = (3779.332, 3858.194, 3934.544), stdev = 44.239
  CI (99.9%): [3828.637, 3887.751] (assumes normal distribution)

Secondary result "dev.yll.simdjsonjni.bench.ThroughputBenchmark.checksum:gc.alloc.rate":
  0.007 ±(99.9%) 0.001 MB/sec [Average]
  (min, avg, max) = (0.007, 0.007, 0.007), stdev = 0.001
  CI (99.9%): [0.007, 0.007] (assumes normal distribution)

Secondary result "dev.yll.simdjsonjni.bench.ThroughputBenchmark.checksum:gc.alloc.rate.norm":
  1.785 ±(99.9%) 0.014 B/op [Average]
  (min, avg, max) = (1.750, 1.785, 1.822), stdev = 0.020
  CI (99.9%): [1.771, 1.799] (assumes normal distribution)

Secondary result "dev.yll.simdjsonjni.bench.ThroughputBenchmark.checksum:gc.count":
  ≈ 0 counts


# JMH version: 1.37
# VM version: JDK 21.0.12.1, OpenJDK 64-Bit Server VM, 21.0.12.1+1-LTS
# VM invoker: /tmp/toolchain-152522/jdk21/bin/java
# VM options: -Dsimdjson.jni.library=/tmp/simdjson-jni-152522/build/libsimdjson_jni.so -Dsimdjson.data.dir=/tmp/simdjson-jni-152522/data -Xms2g -Xmx2g -XX:+UseG1GC
# Blackhole mode: compiler (auto-detected, use -Djmh.blackhole.autoDetect=false to disable)
# Warmup: 5 iterations, 1 s each
# Measurement: 10 iterations, 1 s each
# Timeout: 10 min per iteration
# Threads: 1 thread, will synchronize iterations
# Benchmark mode: Throughput, ops/time
# Benchmark: dev.yll.simdjsonjni.bench.ThroughputBenchmark.checksum
# Parameters: (dataset = vpic_makes.json, engine = jackson-tree)

# Run progress: 90.00% complete, ETA 00:03:05
# Fork: 1 of 3
# Warmup Iteration   1: 267.362 ops/s
# Warmup Iteration   2: 316.440 ops/s
# Warmup Iteration   3: 328.698 ops/s
# Warmup Iteration   4: 322.956 ops/s
# Warmup Iteration   5: 331.467 ops/s
Iteration   1: 324.138 ops/s
                 gc.alloc.rate:      1445.958 MB/sec
                 gc.alloc.rate.norm: 4678629.366 B/op
                 gc.count:           1.000 counts
                 gc.time:            3.000 ms

Iteration   2: 330.917 ops/s
                 gc.alloc.rate:      1475.896 MB/sec
                 gc.alloc.rate.norm: 4678628.979 B/op
                 gc.count:           1.000 counts
                 gc.time:            3.000 ms

Iteration   3: 325.625 ops/s
                 gc.alloc.rate:      1452.469 MB/sec
                 gc.alloc.rate.norm: 4678629.301 B/op
                 gc.count:           2.000 counts
                 gc.time:            6.000 ms

Iteration   4: 328.227 ops/s
                 gc.alloc.rate:      1464.061 MB/sec
                 gc.alloc.rate.norm: 4678632.462 B/op
                 gc.count:           1.000 counts
                 gc.time:            3.000 ms

Iteration   5: 327.847 ops/s
                 gc.alloc.rate:      1462.523 MB/sec
                 gc.alloc.rate.norm: 4678629.171 B/op
                 gc.count:           1.000 counts
                 gc.time:            3.000 ms

Iteration   6: 323.624 ops/s
                 gc.alloc.rate:      1443.678 MB/sec
                 gc.alloc.rate.norm: 4678629.432 B/op
                 gc.count:           1.000 counts
                 gc.time:            2.000 ms

Iteration   7: 330.550 ops/s
                 gc.alloc.rate:      1474.581 MB/sec
                 gc.alloc.rate.norm: 4678628.979 B/op
                 gc.count:           1.000 counts
                 gc.time:            3.000 ms

Iteration   8: 322.260 ops/s
                 gc.alloc.rate:      1437.592 MB/sec
                 gc.alloc.rate.norm: 4678629.498 B/op
                 gc.count:           2.000 counts
                 gc.time:            5.000 ms

Iteration   9: 332.289 ops/s
                 gc.alloc.rate:      1482.332 MB/sec
                 gc.alloc.rate.norm: 4678628.853 B/op
                 gc.count:           1.000 counts
                 gc.time:            2.000 ms

Iteration  10: 323.862 ops/s
                 gc.alloc.rate:      1444.639 MB/sec
                 gc.alloc.rate.norm: 4678629.432 B/op
                 gc.count:           1.000 counts
                 gc.time:            1.000 ms


# Run progress: 90.83% complete, ETA 00:02:50
# Fork: 2 of 3
# Warmup Iteration   1: 267.436 ops/s
# Warmup Iteration   2: 325.771 ops/s
# Warmup Iteration   3: 326.193 ops/s
# Warmup Iteration   4: 325.199 ops/s
# Warmup Iteration   5: 333.771 ops/s
Iteration   1: 328.653 ops/s
                 gc.alloc.rate:      1466.061 MB/sec
                 gc.alloc.rate.norm: 4678629.106 B/op
                 gc.count:           1.000 counts
                 gc.time:            2.000 ms

Iteration   2: 333.212 ops/s
                 gc.alloc.rate:      1486.196 MB/sec
                 gc.alloc.rate.norm: 4678628.790 B/op
                 gc.count:           2.000 counts
                 gc.time:            6.000 ms

Iteration   3: 324.947 ops/s
                 gc.alloc.rate:      1449.458 MB/sec
                 gc.alloc.rate.norm: 4678629.366 B/op
                 gc.count:           1.000 counts
                 gc.time:            3.000 ms

Iteration   4: 331.481 ops/s
                 gc.alloc.rate:      1478.561 MB/sec
                 gc.alloc.rate.norm: 4678632.241 B/op
                 gc.count:           1.000 counts
                 gc.time:            3.000 ms

Iteration   5: 324.693 ops/s
                 gc.alloc.rate:      1448.436 MB/sec
                 gc.alloc.rate.norm: 4678629.366 B/op
                 gc.count:           1.000 counts
                 gc.time:            2.000 ms

Iteration   6: 323.759 ops/s
                 gc.alloc.rate:      1444.278 MB/sec
                 gc.alloc.rate.norm: 4678629.432 B/op
                 gc.count:           1.000 counts
                 gc.time:            3.000 ms

Iteration   7: 334.594 ops/s
                 gc.alloc.rate:      1492.537 MB/sec
                 gc.alloc.rate.norm: 4678628.728 B/op
                 gc.count:           2.000 counts
                 gc.time:            6.000 ms

Iteration   8: 331.604 ops/s
                 gc.alloc.rate:      1479.256 MB/sec
                 gc.alloc.rate.norm: 4678628.916 B/op
                 gc.count:           1.000 counts
                 gc.time:            2.000 ms

Iteration   9: 332.627 ops/s
                 gc.alloc.rate:      1483.820 MB/sec
                 gc.alloc.rate.norm: 4678628.853 B/op
                 gc.count:           1.000 counts
                 gc.time:            1.000 ms

Iteration  10: 331.745 ops/s
                 gc.alloc.rate:      1479.798 MB/sec
                 gc.alloc.rate.norm: 4678628.916 B/op
                 gc.count:           1.000 counts
                 gc.time:            2.000 ms


# Run progress: 91.67% complete, ETA 00:02:34
# Fork: 3 of 3
# Warmup Iteration   1: 270.581 ops/s
# Warmup Iteration   2: 328.852 ops/s
# Warmup Iteration   3: 331.074 ops/s
# Warmup Iteration   4: 329.664 ops/s
# Warmup Iteration   5: 337.787 ops/s
Iteration   1: 332.903 ops/s
                 gc.alloc.rate:      1485.051 MB/sec
                 gc.alloc.rate.norm: 4678628.853 B/op
                 gc.count:           1.000 counts
                 gc.time:            2.000 ms

Iteration   2: 332.045 ops/s
                 gc.alloc.rate:      1480.904 MB/sec
                 gc.alloc.rate.norm: 4678628.853 B/op
                 gc.count:           2.000 counts
                 gc.time:            6.000 ms

Iteration   3: 333.931 ops/s
                 gc.alloc.rate:      1489.499 MB/sec
                 gc.alloc.rate.norm: 4678628.790 B/op
                 gc.count:           1.000 counts
                 gc.time:            3.000 ms

Iteration   4: 330.320 ops/s
                 gc.alloc.rate:      1473.397 MB/sec
                 gc.alloc.rate.norm: 4678632.314 B/op
                 gc.count:           1.000 counts
                 gc.time:            3.000 ms

Iteration   5: 338.531 ops/s
                 gc.alloc.rate:      1510.176 MB/sec
                 gc.alloc.rate.norm: 4678628.484 B/op
                 gc.count:           1.000 counts
                 gc.time:            2.000 ms

Iteration   6: 339.844 ops/s
                 gc.alloc.rate:      1516.025 MB/sec
                 gc.alloc.rate.norm: 4678628.424 B/op
                 gc.count:           2.000 counts
                 gc.time:            6.000 ms

Iteration   7: 339.375 ops/s
                 gc.alloc.rate:      1513.917 MB/sec
                 gc.alloc.rate.norm: 4678628.424 B/op
                 gc.count:           1.000 counts
                 gc.time:            3.000 ms

Iteration   8: 335.555 ops/s
                 gc.alloc.rate:      1496.904 MB/sec
                 gc.alloc.rate.norm: 4678628.667 B/op
                 gc.count:           1.000 counts
                 gc.time:            1.000 ms

Iteration   9: 332.099 ops/s
                 gc.alloc.rate:      1481.484 MB/sec
                 gc.alloc.rate.norm: 4678628.853 B/op
                 gc.count:           1.000 counts
                 gc.time:            2.000 ms

Iteration  10: 338.340 ops/s
                 gc.alloc.rate:      1509.225 MB/sec
                 gc.alloc.rate.norm: 4678628.484 B/op
                 gc.count:           1.000 counts
                 gc.time:            1.000 ms



Result "dev.yll.simdjsonjni.bench.ThroughputBenchmark.checksum":
  330.653 ±(99.9%) 3.339 ops/s [Average]
  (min, avg, max) = (322.260, 330.653, 339.844), stdev = 4.997
  CI (99.9%): [327.314, 333.992] (assumes normal distribution)

Secondary result "dev.yll.simdjsonjni.bench.ThroughputBenchmark.checksum:gc.alloc.rate":
  1474.957 ±(99.9%) 14.891 MB/sec [Average]
  (min, avg, max) = (1437.592, 1474.957, 1516.025), stdev = 22.289
  CI (99.9%): [1460.066, 1489.848] (assumes normal distribution)

Secondary result "dev.yll.simdjsonjni.bench.ThroughputBenchmark.checksum:gc.alloc.rate.norm":
  4678629.311 ±(99.9%) 0.718 B/op [Average]
  (min, avg, max) = (4678628.424, 4678629.311, 4678632.462), stdev = 1.075
  CI (99.9%): [4678628.593, 4678630.029] (assumes normal distribution)

Secondary result "dev.yll.simdjsonjni.bench.ThroughputBenchmark.checksum:gc.count":
  36.000 ±(99.9%) 0.001 counts [Sum]
  (min, avg, max) = (1.000, 1.200, 2.000), stdev = 0.407
  CI (99.9%): [36.000, 36.000] (assumes normal distribution)

Secondary result "dev.yll.simdjsonjni.bench.ThroughputBenchmark.checksum:gc.time":
  90.000 ±(99.9%) 0.001 ms [Sum]
  (min, avg, max) = (1.000, 3.000, 6.000), stdev = 1.597
  CI (99.9%): [90.000, 90.000] (assumes normal distribution)


# JMH version: 1.37
# VM version: JDK 21.0.12.1, OpenJDK 64-Bit Server VM, 21.0.12.1+1-LTS
# VM invoker: /tmp/toolchain-152522/jdk21/bin/java
# VM options: -Dsimdjson.jni.library=/tmp/simdjson-jni-152522/build/libsimdjson_jni.so -Dsimdjson.data.dir=/tmp/simdjson-jni-152522/data -Xms2g -Xmx2g -XX:+UseG1GC
# Blackhole mode: compiler (auto-detected, use -Djmh.blackhole.autoDetect=false to disable)
# Warmup: 5 iterations, 1 s each
# Measurement: 10 iterations, 1 s each
# Timeout: 10 min per iteration
# Threads: 1 thread, will synchronize iterations
# Benchmark mode: Throughput, ops/time
# Benchmark: dev.yll.simdjsonjni.bench.ThroughputBenchmark.checksum
# Parameters: (dataset = vpic_makes.json, engine = jackson-stream)

# Run progress: 92.50% complete, ETA 00:02:19
# Fork: 1 of 3
# Warmup Iteration   1: 539.928 ops/s
# Warmup Iteration   2: 564.265 ops/s
# Warmup Iteration   3: 557.186 ops/s
# Warmup Iteration   4: 557.423 ops/s
# Warmup Iteration   5: 557.524 ops/s
Iteration   1: 557.857 ops/s
                 gc.alloc.rate:      0.428 MB/sec
                 gc.alloc.rate.norm: 804.344 B/op
                 gc.count:           ≈ 0 counts

Iteration   2: 564.337 ops/s
                 gc.alloc.rate:      0.433 MB/sec
                 gc.alloc.rate.norm: 804.191 B/op
                 gc.count:           ≈ 0 counts

Iteration   3: 558.048 ops/s
                 gc.alloc.rate:      0.428 MB/sec
                 gc.alloc.rate.norm: 804.322 B/op
                 gc.count:           ≈ 0 counts

Iteration   4: 557.548 ops/s
                 gc.alloc.rate:      0.428 MB/sec
                 gc.alloc.rate.norm: 804.344 B/op
                 gc.count:           ≈ 0 counts

Iteration   5: 549.015 ops/s
                 gc.alloc.rate:      0.415 MB/sec
                 gc.alloc.rate.norm: 792.015 B/op
                 gc.count:           ≈ 0 counts

Iteration   6: 563.845 ops/s
                 gc.alloc.rate:      0.411 MB/sec
                 gc.alloc.rate.norm: 764.213 B/op
                 gc.count:           ≈ 0 counts

Iteration   7: 556.559 ops/s
                 gc.alloc.rate:      0.406 MB/sec
                 gc.alloc.rate.norm: 764.625 B/op
                 gc.count:           ≈ 0 counts

Iteration   8: 556.744 ops/s
                 gc.alloc.rate:      0.406 MB/sec
                 gc.alloc.rate.norm: 764.366 B/op
                 gc.count:           ≈ 0 counts

Iteration   9: 563.427 ops/s
                 gc.alloc.rate:      0.411 MB/sec
                 gc.alloc.rate.norm: 764.213 B/op
                 gc.count:           ≈ 0 counts

Iteration  10: 549.840 ops/s
                 gc.alloc.rate:      0.401 MB/sec
                 gc.alloc.rate.norm: 764.524 B/op
                 gc.count:           ≈ 0 counts


# Run progress: 93.33% complete, ETA 00:02:03
# Fork: 2 of 3
# Warmup Iteration   1: 521.976 ops/s
# Warmup Iteration   2: 543.102 ops/s
# Warmup Iteration   3: 541.993 ops/s
# Warmup Iteration   4: 555.705 ops/s
# Warmup Iteration   5: 542.125 ops/s
Iteration   1: 548.209 ops/s
                 gc.alloc.rate:      0.421 MB/sec
                 gc.alloc.rate.norm: 804.546 B/op
                 gc.count:           ≈ 0 counts

Iteration   2: 549.215 ops/s
                 gc.alloc.rate:      0.421 MB/sec
                 gc.alloc.rate.norm: 804.524 B/op
                 gc.count:           ≈ 0 counts

Iteration   3: 541.831 ops/s
                 gc.alloc.rate:      0.416 MB/sec
                 gc.alloc.rate.norm: 804.708 B/op
                 gc.count:           ≈ 0 counts

Iteration   4: 555.838 ops/s
                 gc.alloc.rate:      0.426 MB/sec
                 gc.alloc.rate.norm: 804.388 B/op
                 gc.count:           ≈ 0 counts

Iteration   5: 541.599 ops/s
                 gc.alloc.rate:      0.414 MB/sec
                 gc.alloc.rate.norm: 801.018 B/op
                 gc.count:           ≈ 0 counts

Iteration   6: 553.840 ops/s
                 gc.alloc.rate:      0.404 MB/sec
                 gc.alloc.rate.norm: 764.433 B/op
                 gc.count:           ≈ 0 counts

Iteration   7: 542.105 ops/s
                 gc.alloc.rate:      0.395 MB/sec
                 gc.alloc.rate.norm: 764.950 B/op
                 gc.count:           ≈ 0 counts

Iteration   8: 554.508 ops/s
                 gc.alloc.rate:      0.404 MB/sec
                 gc.alloc.rate.norm: 764.411 B/op
                 gc.count:           ≈ 0 counts

Iteration   9: 540.331 ops/s
                 gc.alloc.rate:      0.394 MB/sec
                 gc.alloc.rate.norm: 764.732 B/op
                 gc.count:           ≈ 0 counts

Iteration  10: 542.085 ops/s
                 gc.alloc.rate:      0.395 MB/sec
                 gc.alloc.rate.norm: 764.685 B/op
                 gc.count:           ≈ 0 counts


# Run progress: 94.17% complete, ETA 00:01:48
# Fork: 3 of 3
# Warmup Iteration   1: 535.050 ops/s
# Warmup Iteration   2: 541.950 ops/s
# Warmup Iteration   3: 540.786 ops/s
# Warmup Iteration   4: 555.063 ops/s
# Warmup Iteration   5: 542.067 ops/s
Iteration   1: 554.554 ops/s
                 gc.alloc.rate:      0.425 MB/sec
                 gc.alloc.rate.norm: 804.411 B/op
                 gc.count:           ≈ 0 counts

Iteration   2: 541.100 ops/s
                 gc.alloc.rate:      0.415 MB/sec
                 gc.alloc.rate.norm: 804.708 B/op
                 gc.count:           ≈ 0 counts

Iteration   3: 541.629 ops/s
                 gc.alloc.rate:      0.416 MB/sec
                 gc.alloc.rate.norm: 804.708 B/op
                 gc.count:           ≈ 0 counts

Iteration   4: 553.835 ops/s
                 gc.alloc.rate:      0.425 MB/sec
                 gc.alloc.rate.norm: 804.433 B/op
                 gc.count:           ≈ 0 counts

Iteration   5: 541.012 ops/s
                 gc.alloc.rate:      0.413 MB/sec
                 gc.alloc.rate.norm: 800.945 B/op
                 gc.count:           ≈ 0 counts

Iteration   6: 554.326 ops/s
                 gc.alloc.rate:      0.404 MB/sec
                 gc.alloc.rate.norm: 764.411 B/op
                 gc.count:           ≈ 0 counts

Iteration   7: 546.199 ops/s
                 gc.alloc.rate:      0.398 MB/sec
                 gc.alloc.rate.norm: 764.856 B/op
                 gc.count:           ≈ 0 counts

Iteration   8: 548.003 ops/s
                 gc.alloc.rate:      0.399 MB/sec
                 gc.alloc.rate.norm: 764.546 B/op
                 gc.count:           ≈ 0 counts

Iteration   9: 554.001 ops/s
                 gc.alloc.rate:      0.404 MB/sec
                 gc.alloc.rate.norm: 764.411 B/op
                 gc.count:           ≈ 0 counts

Iteration  10: 554.237 ops/s
                 gc.alloc.rate:      0.404 MB/sec
                 gc.alloc.rate.norm: 764.411 B/op
                 gc.count:           ≈ 0 counts



Result "dev.yll.simdjsonjni.bench.ThroughputBenchmark.checksum":
  551.189 ±(99.9%) 4.921 ops/s [Average]
  (min, avg, max) = (540.331, 551.189, 564.337), stdev = 7.366
  CI (99.9%): [546.268, 556.110] (assumes normal distribution)

Secondary result "dev.yll.simdjsonjni.bench.ThroughputBenchmark.checksum:gc.alloc.rate":
  0.412 ±(99.9%) 0.008 MB/sec [Average]
  (min, avg, max) = (0.394, 0.412, 0.433), stdev = 0.011
  CI (99.9%): [0.404, 0.419] (assumes normal distribution)

Secondary result "dev.yll.simdjsonjni.bench.ThroughputBenchmark.checksum:gc.alloc.rate.norm":
  783.846 ±(99.9%) 13.224 B/op [Average]
  (min, avg, max) = (764.213, 783.846, 804.708), stdev = 19.793
  CI (99.9%): [770.622, 797.071] (assumes normal distribution)

Secondary result "dev.yll.simdjsonjni.bench.ThroughputBenchmark.checksum:gc.count":
  ≈ 0 counts


# JMH version: 1.37
# VM version: JDK 21.0.12.1, OpenJDK 64-Bit Server VM, 21.0.12.1+1-LTS
# VM invoker: /tmp/toolchain-152522/jdk21/bin/java
# VM options: -Dsimdjson.jni.library=/tmp/simdjson-jni-152522/build/libsimdjson_jni.so -Dsimdjson.data.dir=/tmp/simdjson-jni-152522/data -Xms2g -Xmx2g -XX:+UseG1GC
# Blackhole mode: compiler (auto-detected, use -Djmh.blackhole.autoDetect=false to disable)
# Warmup: 5 iterations, 1 s each
# Measurement: 10 iterations, 1 s each
# Timeout: 10 min per iteration
# Threads: 1 thread, will synchronize iterations
# Benchmark mode: Throughput, ops/time
# Benchmark: dev.yll.simdjsonjni.bench.ThroughputBenchmark.checksum
# Parameters: (dataset = vpic_makes.json, engine = simdjson-jni-copy)

# Run progress: 95.00% complete, ETA 00:01:32
# Fork: 1 of 3
# Warmup Iteration   1: 2114.087 ops/s
# Warmup Iteration   2: 2165.554 ops/s
# Warmup Iteration   3: 2110.597 ops/s
# Warmup Iteration   4: 2102.831 ops/s
# Warmup Iteration   5: 2155.743 ops/s
Iteration   1: 2106.090 ops/s
                 gc.alloc.rate:      0.007 MB/sec
                 gc.alloc.rate.norm: 3.269 B/op
                 gc.count:           ≈ 0 counts

Iteration   2: 2107.849 ops/s
                 gc.alloc.rate:      0.007 MB/sec
                 gc.alloc.rate.norm: 3.252 B/op
                 gc.count:           ≈ 0 counts

Iteration   3: 2155.998 ops/s
                 gc.alloc.rate:      0.007 MB/sec
                 gc.alloc.rate.norm: 3.193 B/op
                 gc.count:           ≈ 0 counts

Iteration   4: 2107.105 ops/s
                 gc.alloc.rate:      0.007 MB/sec
                 gc.alloc.rate.norm: 3.268 B/op
                 gc.count:           ≈ 0 counts

Iteration   5: 2104.621 ops/s
                 gc.alloc.rate:      0.007 MB/sec
                 gc.alloc.rate.norm: 3.272 B/op
                 gc.count:           ≈ 0 counts

Iteration   6: 2154.600 ops/s
                 gc.alloc.rate:      0.007 MB/sec
                 gc.alloc.rate.norm: 3.196 B/op
                 gc.count:           ≈ 0 counts

Iteration   7: 2102.949 ops/s
                 gc.alloc.rate:      0.007 MB/sec
                 gc.alloc.rate.norm: 3.274 B/op
                 gc.count:           ≈ 0 counts

Iteration   8: 2131.813 ops/s
                 gc.alloc.rate:      0.007 MB/sec
                 gc.alloc.rate.norm: 3.231 B/op
                 gc.count:           ≈ 0 counts

Iteration   9: 2130.208 ops/s
                 gc.alloc.rate:      0.007 MB/sec
                 gc.alloc.rate.norm: 3.232 B/op
                 gc.count:           ≈ 0 counts

Iteration  10: 2104.423 ops/s
                 gc.alloc.rate:      0.007 MB/sec
                 gc.alloc.rate.norm: 3.272 B/op
                 gc.count:           ≈ 0 counts


# Run progress: 95.83% complete, ETA 00:01:17
# Fork: 2 of 3
# Warmup Iteration   1: 2124.870 ops/s
# Warmup Iteration   2: 2127.333 ops/s
# Warmup Iteration   3: 2093.942 ops/s
# Warmup Iteration   4: 2162.267 ops/s
# Warmup Iteration   5: 2110.792 ops/s
Iteration   1: 2113.310 ops/s
                 gc.alloc.rate:      0.007 MB/sec
                 gc.alloc.rate.norm: 3.258 B/op
                 gc.count:           ≈ 0 counts

Iteration   2: 2163.470 ops/s
                 gc.alloc.rate:      0.007 MB/sec
                 gc.alloc.rate.norm: 3.183 B/op
                 gc.count:           ≈ 0 counts

Iteration   3: 2112.235 ops/s
                 gc.alloc.rate:      0.007 MB/sec
                 gc.alloc.rate.norm: 3.260 B/op
                 gc.count:           ≈ 0 counts

Iteration   4: 2163.755 ops/s
                 gc.alloc.rate:      0.007 MB/sec
                 gc.alloc.rate.norm: 3.183 B/op
                 gc.count:           ≈ 0 counts

Iteration   5: 2100.673 ops/s
                 gc.alloc.rate:      0.007 MB/sec
                 gc.alloc.rate.norm: 3.278 B/op
                 gc.count:           ≈ 0 counts

Iteration   6: 2096.688 ops/s
                 gc.alloc.rate:      0.007 MB/sec
                 gc.alloc.rate.norm: 3.285 B/op
                 gc.count:           ≈ 0 counts

Iteration   7: 2127.178 ops/s
                 gc.alloc.rate:      0.007 MB/sec
                 gc.alloc.rate.norm: 3.237 B/op
                 gc.count:           ≈ 0 counts

Iteration   8: 2124.978 ops/s
                 gc.alloc.rate:      0.007 MB/sec
                 gc.alloc.rate.norm: 3.240 B/op
                 gc.count:           ≈ 0 counts

Iteration   9: 2099.808 ops/s
                 gc.alloc.rate:      0.007 MB/sec
                 gc.alloc.rate.norm: 3.280 B/op
                 gc.count:           ≈ 0 counts

Iteration  10: 2123.204 ops/s
                 gc.alloc.rate:      0.007 MB/sec
                 gc.alloc.rate.norm: 3.243 B/op
                 gc.count:           ≈ 0 counts


# Run progress: 96.67% complete, ETA 00:01:01
# Fork: 3 of 3
# Warmup Iteration   1: 2148.250 ops/s
# Warmup Iteration   2: 2104.948 ops/s
# Warmup Iteration   3: 2121.325 ops/s
# Warmup Iteration   4: 2148.431 ops/s
# Warmup Iteration   5: 2096.966 ops/s
Iteration   1: 2148.713 ops/s
                 gc.alloc.rate:      0.007 MB/sec
                 gc.alloc.rate.norm: 3.205 B/op
                 gc.count:           ≈ 0 counts

Iteration   2: 2147.768 ops/s
                 gc.alloc.rate:      0.007 MB/sec
                 gc.alloc.rate.norm: 3.207 B/op
                 gc.count:           ≈ 0 counts

Iteration   3: 2148.508 ops/s
                 gc.alloc.rate:      0.007 MB/sec
                 gc.alloc.rate.norm: 3.205 B/op
                 gc.count:           ≈ 0 counts

Iteration   4: 2147.181 ops/s
                 gc.alloc.rate:      0.007 MB/sec
                 gc.alloc.rate.norm: 3.207 B/op
                 gc.count:           ≈ 0 counts

Iteration   5: 2147.844 ops/s
                 gc.alloc.rate:      0.007 MB/sec
                 gc.alloc.rate.norm: 3.205 B/op
                 gc.count:           ≈ 0 counts

Iteration   6: 2121.689 ops/s
                 gc.alloc.rate:      0.007 MB/sec
                 gc.alloc.rate.norm: 3.246 B/op
                 gc.count:           ≈ 0 counts

Iteration   7: 2147.794 ops/s
                 gc.alloc.rate:      0.007 MB/sec
                 gc.alloc.rate.norm: 3.207 B/op
                 gc.count:           ≈ 0 counts

Iteration   8: 2096.810 ops/s
                 gc.alloc.rate:      0.007 MB/sec
                 gc.alloc.rate.norm: 3.285 B/op
                 gc.count:           ≈ 0 counts

Iteration   9: 2122.002 ops/s
                 gc.alloc.rate:      0.007 MB/sec
                 gc.alloc.rate.norm: 3.244 B/op
                 gc.count:           ≈ 0 counts

Iteration  10: 2147.737 ops/s
                 gc.alloc.rate:      0.007 MB/sec
                 gc.alloc.rate.norm: 3.207 B/op
                 gc.count:           ≈ 0 counts



Result "dev.yll.simdjsonjni.bench.ThroughputBenchmark.checksum":
  2126.900 ±(99.9%) 14.635 ops/s [Average]
  (min, avg, max) = (2096.688, 2126.900, 2163.755), stdev = 21.905
  CI (99.9%): [2112.265, 2141.535] (assumes normal distribution)

Secondary result "dev.yll.simdjsonjni.bench.ThroughputBenchmark.checksum:gc.alloc.rate":
  0.007 ±(99.9%) 0.001 MB/sec [Average]
  (min, avg, max) = (0.007, 0.007, 0.007), stdev = 0.001
  CI (99.9%): [0.007, 0.007] (assumes normal distribution)

Secondary result "dev.yll.simdjsonjni.bench.ThroughputBenchmark.checksum:gc.alloc.rate.norm":
  3.237 ±(99.9%) 0.022 B/op [Average]
  (min, avg, max) = (3.183, 3.237, 3.285), stdev = 0.033
  CI (99.9%): [3.215, 3.259] (assumes normal distribution)

Secondary result "dev.yll.simdjsonjni.bench.ThroughputBenchmark.checksum:gc.count":
  ≈ 0 counts


# JMH version: 1.37
# VM version: JDK 21.0.12.1, OpenJDK 64-Bit Server VM, 21.0.12.1+1-LTS
# VM invoker: /tmp/toolchain-152522/jdk21/bin/java
# VM options: -Dsimdjson.jni.library=/tmp/simdjson-jni-152522/build/libsimdjson_jni.so -Dsimdjson.data.dir=/tmp/simdjson-jni-152522/data -Xms2g -Xmx2g -XX:+UseG1GC
# Blackhole mode: compiler (auto-detected, use -Djmh.blackhole.autoDetect=false to disable)
# Warmup: 5 iterations, 1 s each
# Measurement: 10 iterations, 1 s each
# Timeout: 10 min per iteration
# Threads: 1 thread, will synchronize iterations
# Benchmark mode: Throughput, ops/time
# Benchmark: dev.yll.simdjsonjni.bench.ThroughputBenchmark.checksum
# Parameters: (dataset = vpic_makes.json, engine = simdjson-jni-direct)

# Run progress: 97.50% complete, ETA 00:00:46
# Fork: 1 of 3
# Warmup Iteration   1: 2213.450 ops/s
# Warmup Iteration   2: 2195.149 ops/s
# Warmup Iteration   3: 2237.231 ops/s
# Warmup Iteration   4: 2181.535 ops/s
# Warmup Iteration   5: 2179.598 ops/s
Iteration   1: 2233.807 ops/s
                 gc.alloc.rate:      0.007 MB/sec
                 gc.alloc.rate.norm: 3.083 B/op
                 gc.count:           ≈ 0 counts

Iteration   2: 2183.288 ops/s
                 gc.alloc.rate:      0.007 MB/sec
                 gc.alloc.rate.norm: 3.154 B/op
                 gc.count:           ≈ 0 counts

Iteration   3: 2176.381 ops/s
                 gc.alloc.rate:      0.007 MB/sec
                 gc.alloc.rate.norm: 3.164 B/op
                 gc.count:           ≈ 0 counts

Iteration   4: 2236.398 ops/s
                 gc.alloc.rate:      0.007 MB/sec
                 gc.alloc.rate.norm: 3.079 B/op
                 gc.count:           ≈ 0 counts

Iteration   5: 2183.209 ops/s
                 gc.alloc.rate:      0.007 MB/sec
                 gc.alloc.rate.norm: 3.154 B/op
                 gc.count:           ≈ 0 counts

Iteration   6: 2180.038 ops/s
                 gc.alloc.rate:      0.007 MB/sec
                 gc.alloc.rate.norm: 3.158 B/op
                 gc.count:           ≈ 0 counts

Iteration   7: 2234.792 ops/s
                 gc.alloc.rate:      0.007 MB/sec
                 gc.alloc.rate.norm: 3.081 B/op
                 gc.count:           ≈ 0 counts

Iteration   8: 2181.984 ops/s
                 gc.alloc.rate:      0.007 MB/sec
                 gc.alloc.rate.norm: 3.155 B/op
                 gc.count:           ≈ 0 counts

Iteration   9: 2208.617 ops/s
                 gc.alloc.rate:      0.007 MB/sec
                 gc.alloc.rate.norm: 3.118 B/op
                 gc.count:           ≈ 0 counts

Iteration  10: 2209.977 ops/s
                 gc.alloc.rate:      0.007 MB/sec
                 gc.alloc.rate.norm: 3.115 B/op
                 gc.count:           ≈ 0 counts


# Run progress: 98.33% complete, ETA 00:00:30
# Fork: 2 of 3
# Warmup Iteration   1: 2227.919 ops/s
# Warmup Iteration   2: 2226.059 ops/s
# Warmup Iteration   3: 2218.739 ops/s
# Warmup Iteration   4: 2197.196 ops/s
# Warmup Iteration   5: 2248.033 ops/s
Iteration   1: 2219.346 ops/s
                 gc.alloc.rate:      0.007 MB/sec
                 gc.alloc.rate.norm: 3.103 B/op
                 gc.count:           ≈ 0 counts

Iteration   2: 2246.482 ops/s
                 gc.alloc.rate:      0.007 MB/sec
                 gc.alloc.rate.norm: 3.065 B/op
                 gc.count:           ≈ 0 counts

Iteration   3: 2247.700 ops/s
                 gc.alloc.rate:      0.007 MB/sec
                 gc.alloc.rate.norm: 3.064 B/op
                 gc.count:           ≈ 0 counts

Iteration   4: 2250.047 ops/s
                 gc.alloc.rate:      0.007 MB/sec
                 gc.alloc.rate.norm: 3.060 B/op
                 gc.count:           ≈ 0 counts

Iteration   5: 2221.726 ops/s
                 gc.alloc.rate:      0.007 MB/sec
                 gc.alloc.rate.norm: 3.099 B/op
                 gc.count:           ≈ 0 counts

Iteration   6: 2199.285 ops/s
                 gc.alloc.rate:      0.007 MB/sec
                 gc.alloc.rate.norm: 3.131 B/op
                 gc.count:           ≈ 0 counts

Iteration   7: 2249.750 ops/s
                 gc.alloc.rate:      0.007 MB/sec
                 gc.alloc.rate.norm: 3.061 B/op
                 gc.count:           ≈ 0 counts

Iteration   8: 2199.882 ops/s
                 gc.alloc.rate:      0.007 MB/sec
                 gc.alloc.rate.norm: 3.129 B/op
                 gc.count:           ≈ 0 counts

Iteration   9: 2249.459 ops/s
                 gc.alloc.rate:      0.007 MB/sec
                 gc.alloc.rate.norm: 3.061 B/op
                 gc.count:           ≈ 0 counts

Iteration  10: 2250.920 ops/s
                 gc.alloc.rate:      0.007 MB/sec
                 gc.alloc.rate.norm: 3.059 B/op
                 gc.count:           ≈ 0 counts


# Run progress: 99.17% complete, ETA 00:00:15
# Fork: 3 of 3
# Warmup Iteration   1: 2223.024 ops/s
# Warmup Iteration   2: 2199.604 ops/s
# Warmup Iteration   3: 2245.416 ops/s
# Warmup Iteration   4: 2194.533 ops/s
# Warmup Iteration   5: 2191.126 ops/s
Iteration   1: 2241.388 ops/s
                 gc.alloc.rate:      0.007 MB/sec
                 gc.alloc.rate.norm: 3.072 B/op
                 gc.count:           ≈ 0 counts

Iteration   2: 2189.610 ops/s
                 gc.alloc.rate:      0.007 MB/sec
                 gc.alloc.rate.norm: 3.145 B/op
                 gc.count:           ≈ 0 counts

Iteration   3: 2240.502 ops/s
                 gc.alloc.rate:      0.007 MB/sec
                 gc.alloc.rate.norm: 3.074 B/op
                 gc.count:           ≈ 0 counts

Iteration   4: 2193.900 ops/s
                 gc.alloc.rate:      0.007 MB/sec
                 gc.alloc.rate.norm: 3.138 B/op
                 gc.count:           ≈ 0 counts

Iteration   5: 2190.633 ops/s
                 gc.alloc.rate:      0.007 MB/sec
                 gc.alloc.rate.norm: 3.144 B/op
                 gc.count:           ≈ 0 counts

Iteration   6: 2242.144 ops/s
                 gc.alloc.rate:      0.007 MB/sec
                 gc.alloc.rate.norm: 3.071 B/op
                 gc.count:           ≈ 0 counts

Iteration   7: 2192.213 ops/s
                 gc.alloc.rate:      0.007 MB/sec
                 gc.alloc.rate.norm: 3.141 B/op
                 gc.count:           ≈ 0 counts

Iteration   8: 2189.794 ops/s
                 gc.alloc.rate:      0.007 MB/sec
                 gc.alloc.rate.norm: 3.145 B/op
                 gc.count:           ≈ 0 counts

Iteration   9: 2243.594 ops/s
                 gc.alloc.rate:      0.007 MB/sec
                 gc.alloc.rate.norm: 3.070 B/op
                 gc.count:           ≈ 0 counts

Iteration  10: 2215.696 ops/s
                 gc.alloc.rate:      0.007 MB/sec
                 gc.alloc.rate.norm: 3.108 B/op
                 gc.count:           ≈ 0 counts



Result "dev.yll.simdjsonjni.bench.ThroughputBenchmark.checksum":
  2216.752 ±(99.9%) 17.655 ops/s [Average]
  (min, avg, max) = (2176.381, 2216.752, 2250.920), stdev = 26.425
  CI (99.9%): [2199.097, 2234.407] (assumes normal distribution)

Secondary result "dev.yll.simdjsonjni.bench.ThroughputBenchmark.checksum:gc.alloc.rate":
  0.007 ±(99.9%) 0.001 MB/sec [Average]
  (min, avg, max) = (0.007, 0.007, 0.007), stdev = 0.001
  CI (99.9%): [0.007, 0.007] (assumes normal distribution)

Secondary result "dev.yll.simdjsonjni.bench.ThroughputBenchmark.checksum:gc.alloc.rate.norm":
  3.107 ±(99.9%) 0.025 B/op [Average]
  (min, avg, max) = (3.059, 3.107, 3.164), stdev = 0.037
  CI (99.9%): [3.082, 3.131] (assumes normal distribution)

Secondary result "dev.yll.simdjsonjni.bench.ThroughputBenchmark.checksum:gc.count":
  ≈ 0 counts


# Run complete. Total time: 00:30:58

REMEMBER: The numbers below are just data. To gain reusable insights, you need to follow up on
why the numbers are the way they are. Use profilers (see -prof, -lprof), design factorial
experiments, perform baseline and negative tests that provide experimental control, make sure
the benchmarking environment is safe on JVM/OS/HW level, ask for reviews from the domain experts.
Do not assume the numbers tell you what you want them to tell.

NOTE: Current JVM experimentally supports Compiler Blackholes, and they are in use. Please exercise
extra caution when trusting the results, look into the generated code to check the benchmark still
works, and factor in a small probability of new VM bugs. Additionally, while comparisons between
different JVMs are already problematic, the performance difference caused by different Blackhole
modes can be very significant. Please make sure you use the consistent Blackhole mode for comparisons.

Benchmark                                                  (dataset)             (engine)   Mode  Cnt         Score     Error   Units
ThroughputBenchmark.checksum                            twitter.json         jackson-tree  thrpt   30       485.322 ±   3.412   ops/s
ThroughputBenchmark.checksum:gc.alloc.rate              twitter.json         jackson-tree  thrpt   30       704.584 ±   4.956  MB/sec
ThroughputBenchmark.checksum:gc.alloc.rate.norm         twitter.json         jackson-tree  thrpt   30   1522683.130 ±  10.849    B/op
ThroughputBenchmark.checksum:gc.count                   twitter.json         jackson-tree  thrpt   30        18.000            counts
ThroughputBenchmark.checksum:gc.time                    twitter.json         jackson-tree  thrpt   30        52.000                ms
ThroughputBenchmark.checksum                            twitter.json       jackson-stream  thrpt   30       744.854 ±   6.895   ops/s
ThroughputBenchmark.checksum:gc.alloc.rate              twitter.json       jackson-stream  thrpt   30         0.905 ±   0.011  MB/sec
ThroughputBenchmark.checksum:gc.alloc.rate.norm         twitter.json       jackson-stream  thrpt   30      1274.483 ±  10.763    B/op
ThroughputBenchmark.checksum:gc.count                   twitter.json       jackson-stream  thrpt   30           ≈ 0            counts
ThroughputBenchmark.checksum                            twitter.json    simdjson-jni-copy  thrpt   30      3947.913 ±  24.536   ops/s
ThroughputBenchmark.checksum:gc.alloc.rate              twitter.json    simdjson-jni-copy  thrpt   30         0.007 ±   0.001  MB/sec
ThroughputBenchmark.checksum:gc.alloc.rate.norm         twitter.json    simdjson-jni-copy  thrpt   30         1.745 ±   0.011    B/op
ThroughputBenchmark.checksum:gc.count                   twitter.json    simdjson-jni-copy  thrpt   30           ≈ 0            counts
ThroughputBenchmark.checksum                            twitter.json  simdjson-jni-direct  thrpt   30      4247.608 ±  29.765   ops/s
ThroughputBenchmark.checksum:gc.alloc.rate              twitter.json  simdjson-jni-direct  thrpt   30         0.007 ±   0.001  MB/sec
ThroughputBenchmark.checksum:gc.alloc.rate.norm         twitter.json  simdjson-jni-direct  thrpt   30         1.621 ±   0.011    B/op
ThroughputBenchmark.checksum:gc.count                   twitter.json  simdjson-jni-direct  thrpt   30           ≈ 0            counts
ThroughputBenchmark.checksum                     twitterescaped.json         jackson-tree  thrpt   30       512.447 ±   4.459   ops/s
ThroughputBenchmark.checksum:gc.alloc.rate       twitterescaped.json         jackson-tree  thrpt   30       743.958 ±   6.469  MB/sec
ThroughputBenchmark.checksum:gc.alloc.rate.norm  twitterescaped.json         jackson-tree  thrpt   30   1522679.837 ±  13.000    B/op
ThroughputBenchmark.checksum:gc.count            twitterescaped.json         jackson-tree  thrpt   30        18.000            counts
ThroughputBenchmark.checksum:gc.time             twitterescaped.json         jackson-tree  thrpt   30        52.000                ms
ThroughputBenchmark.checksum                     twitterescaped.json       jackson-stream  thrpt   30       799.464 ±   7.775   ops/s
ThroughputBenchmark.checksum:gc.alloc.rate       twitterescaped.json       jackson-stream  thrpt   30         0.970 ±   0.012  MB/sec
ThroughputBenchmark.checksum:gc.alloc.rate.norm  twitterescaped.json       jackson-stream  thrpt   30      1271.831 ±   9.896    B/op
ThroughputBenchmark.checksum:gc.count            twitterescaped.json       jackson-stream  thrpt   30           ≈ 0            counts
ThroughputBenchmark.checksum                     twitterescaped.json    simdjson-jni-copy  thrpt   30      1967.638 ±  12.736   ops/s
ThroughputBenchmark.checksum:gc.alloc.rate       twitterescaped.json    simdjson-jni-copy  thrpt   30         0.007 ±   0.001  MB/sec
ThroughputBenchmark.checksum:gc.alloc.rate.norm  twitterescaped.json    simdjson-jni-copy  thrpt   30         3.500 ±   0.023    B/op
ThroughputBenchmark.checksum:gc.count            twitterescaped.json    simdjson-jni-copy  thrpt   30           ≈ 0            counts
ThroughputBenchmark.checksum                     twitterescaped.json  simdjson-jni-direct  thrpt   30      2029.196 ±  14.040   ops/s
ThroughputBenchmark.checksum:gc.alloc.rate       twitterescaped.json  simdjson-jni-direct  thrpt   30         0.007 ±   0.001  MB/sec
ThroughputBenchmark.checksum:gc.alloc.rate.norm  twitterescaped.json  simdjson-jni-direct  thrpt   30         3.394 ±   0.023    B/op
ThroughputBenchmark.checksum:gc.count            twitterescaped.json  simdjson-jni-direct  thrpt   30           ≈ 0            counts
ThroughputBenchmark.checksum                      github_events.json         jackson-tree  thrpt   30      5715.427 ±  39.362   ops/s
ThroughputBenchmark.checksum:gc.alloc.rate        github_events.json         jackson-tree  thrpt   30       939.290 ±   6.465  MB/sec
ThroughputBenchmark.checksum:gc.alloc.rate.norm   github_events.json         jackson-tree  thrpt   30    172361.659 ±   0.826    B/op
ThroughputBenchmark.checksum:gc.count             github_events.json         jackson-tree  thrpt   30        24.000            counts
ThroughputBenchmark.checksum:gc.time              github_events.json         jackson-tree  thrpt   30        66.000                ms
ThroughputBenchmark.checksum                      github_events.json       jackson-stream  thrpt   30      8200.816 ± 132.067   ops/s
ThroughputBenchmark.checksum:gc.alloc.rate        github_events.json       jackson-stream  thrpt   30         7.202 ±   0.116  MB/sec
ThroughputBenchmark.checksum:gc.alloc.rate.norm   github_events.json       jackson-stream  thrpt   30       921.023 ±   0.638    B/op
ThroughputBenchmark.checksum:gc.count             github_events.json       jackson-stream  thrpt   30         3.000            counts
ThroughputBenchmark.checksum:gc.time              github_events.json       jackson-stream  thrpt   30        21.000                ms
ThroughputBenchmark.checksum                      github_events.json    simdjson-jni-copy  thrpt   30     42875.751 ± 423.779   ops/s
ThroughputBenchmark.checksum:gc.alloc.rate        github_events.json    simdjson-jni-copy  thrpt   30         0.007 ±   0.001  MB/sec
ThroughputBenchmark.checksum:gc.alloc.rate.norm   github_events.json    simdjson-jni-copy  thrpt   30         0.161 ±   0.002    B/op
ThroughputBenchmark.checksum:gc.count             github_events.json    simdjson-jni-copy  thrpt   30           ≈ 0            counts
ThroughputBenchmark.checksum                      github_events.json  simdjson-jni-direct  thrpt   30     45711.756 ± 547.681   ops/s
ThroughputBenchmark.checksum:gc.alloc.rate        github_events.json  simdjson-jni-direct  thrpt   30         0.007 ±   0.001  MB/sec
ThroughputBenchmark.checksum:gc.alloc.rate.norm   github_events.json  simdjson-jni-direct  thrpt   30         0.151 ±   0.002    B/op
ThroughputBenchmark.checksum:gc.count             github_events.json  simdjson-jni-direct  thrpt   30           ≈ 0            counts
ThroughputBenchmark.checksum                       citm_catalog.json         jackson-tree  thrpt   30       311.938 ±   2.787   ops/s
ThroughputBenchmark.checksum:gc.alloc.rate         citm_catalog.json         jackson-tree  thrpt   30      1211.544 ±  10.823  MB/sec
ThroughputBenchmark.checksum:gc.alloc.rate.norm    citm_catalog.json         jackson-tree  thrpt   30   4073654.581 ±   0.750    B/op
ThroughputBenchmark.checksum:gc.count              citm_catalog.json         jackson-tree  thrpt   30        30.000            counts
ThroughputBenchmark.checksum:gc.time               citm_catalog.json         jackson-tree  thrpt   30        84.000                ms
ThroughputBenchmark.checksum                       citm_catalog.json       jackson-stream  thrpt   30       474.246 ±   5.041   ops/s
ThroughputBenchmark.checksum:gc.alloc.rate         citm_catalog.json       jackson-stream  thrpt   30         0.485 ±   0.007  MB/sec
ThroughputBenchmark.checksum:gc.alloc.rate.norm    citm_catalog.json       jackson-stream  thrpt   30      1072.287 ±  12.384    B/op
ThroughputBenchmark.checksum:gc.count              citm_catalog.json       jackson-stream  thrpt   30           ≈ 0            counts
ThroughputBenchmark.checksum                       citm_catalog.json    simdjson-jni-copy  thrpt   30      1471.138 ±   9.415   ops/s
ThroughputBenchmark.checksum:gc.alloc.rate         citm_catalog.json    simdjson-jni-copy  thrpt   30         0.007 ±   0.001  MB/sec
ThroughputBenchmark.checksum:gc.alloc.rate.norm    citm_catalog.json    simdjson-jni-copy  thrpt   30         4.681 ±   0.030    B/op
ThroughputBenchmark.checksum:gc.count              citm_catalog.json    simdjson-jni-copy  thrpt   30           ≈ 0            counts
ThroughputBenchmark.checksum                       citm_catalog.json  simdjson-jni-direct  thrpt   30      1769.092 ±  11.732   ops/s
ThroughputBenchmark.checksum:gc.alloc.rate         citm_catalog.json  simdjson-jni-direct  thrpt   30         0.007 ±   0.001  MB/sec
ThroughputBenchmark.checksum:gc.alloc.rate.norm    citm_catalog.json  simdjson-jni-direct  thrpt   30         3.892 ±   0.026    B/op
ThroughputBenchmark.checksum:gc.count              citm_catalog.json  simdjson-jni-direct  thrpt   30           ≈ 0            counts
ThroughputBenchmark.checksum                             canada.json         jackson-tree  thrpt   30        30.788 ±   0.409   ops/s
ThroughputBenchmark.checksum:gc.alloc.rate               canada.json         jackson-tree  thrpt   30      1516.684 ±  20.137  MB/sec
ThroughputBenchmark.checksum:gc.alloc.rate.norm          canada.json         jackson-tree  thrpt   30  51667188.933 ±   7.291    B/op
ThroughputBenchmark.checksum:gc.count                    canada.json         jackson-tree  thrpt   30        39.000            counts
ThroughputBenchmark.checksum:gc.time                     canada.json         jackson-tree  thrpt   30        65.000                ms
ThroughputBenchmark.checksum                             canada.json       jackson-stream  thrpt   30        38.970 ±   0.353   ops/s
ThroughputBenchmark.checksum:gc.alloc.rate               canada.json       jackson-stream  thrpt   30      1573.179 ±  14.245  MB/sec
ThroughputBenchmark.checksum:gc.alloc.rate.norm          canada.json       jackson-stream  thrpt   30  42339801.541 ±   2.467    B/op
ThroughputBenchmark.checksum:gc.count                    canada.json       jackson-stream  thrpt   30        39.000            counts
ThroughputBenchmark.checksum:gc.time                     canada.json       jackson-stream  thrpt   30        88.000                ms
ThroughputBenchmark.checksum                             canada.json    simdjson-jni-copy  thrpt   30       332.921 ±   2.432   ops/s
ThroughputBenchmark.checksum:gc.alloc.rate               canada.json    simdjson-jni-copy  thrpt   30         0.007 ±   0.001  MB/sec
ThroughputBenchmark.checksum:gc.alloc.rate.norm          canada.json    simdjson-jni-copy  thrpt   30        20.658 ±   0.147    B/op
ThroughputBenchmark.checksum:gc.count                    canada.json    simdjson-jni-copy  thrpt   30           ≈ 0            counts
ThroughputBenchmark.checksum                             canada.json  simdjson-jni-direct  thrpt   30       349.829 ±   2.407   ops/s
ThroughputBenchmark.checksum:gc.alloc.rate               canada.json  simdjson-jni-direct  thrpt   30         0.007 ±   0.001  MB/sec
ThroughputBenchmark.checksum:gc.alloc.rate.norm          canada.json  simdjson-jni-direct  thrpt   30        19.661 ±   0.133    B/op
ThroughputBenchmark.checksum:gc.count                    canada.json  simdjson-jni-direct  thrpt   30           ≈ 0            counts
ThroughputBenchmark.checksum                          gsoc-2018.json         jackson-tree  thrpt   30       195.416 ±   1.493   ops/s
ThroughputBenchmark.checksum:gc.alloc.rate            gsoc-2018.json         jackson-tree  thrpt   30      1243.070 ±   9.514  MB/sec
ThroughputBenchmark.checksum:gc.alloc.rate.norm       gsoc-2018.json         jackson-tree  thrpt   30   6671816.133 ±   8.244    B/op
ThroughputBenchmark.checksum:gc.count                 gsoc-2018.json         jackson-tree  thrpt   30        31.000            counts
ThroughputBenchmark.checksum:gc.time                  gsoc-2018.json         jackson-tree  thrpt   30        88.000                ms
ThroughputBenchmark.checksum                          gsoc-2018.json       jackson-stream  thrpt   30       266.998 ±   1.913   ops/s
ThroughputBenchmark.checksum:gc.alloc.rate            gsoc-2018.json       jackson-stream  thrpt   30         0.208 ±   0.001  MB/sec
ThroughputBenchmark.checksum:gc.alloc.rate.norm       gsoc-2018.json       jackson-stream  thrpt   30       817.769 ±   0.174    B/op
ThroughputBenchmark.checksum:gc.count                 gsoc-2018.json       jackson-stream  thrpt   30           ≈ 0            counts
ThroughputBenchmark.checksum                          gsoc-2018.json    simdjson-jni-copy  thrpt   30       933.941 ±   5.855   ops/s
ThroughputBenchmark.checksum:gc.alloc.rate            gsoc-2018.json    simdjson-jni-copy  thrpt   30         0.007 ±   0.001  MB/sec
ThroughputBenchmark.checksum:gc.alloc.rate.norm       gsoc-2018.json    simdjson-jni-copy  thrpt   30         7.386 ±   0.060    B/op
ThroughputBenchmark.checksum:gc.count                 gsoc-2018.json    simdjson-jni-copy  thrpt   30           ≈ 0            counts
ThroughputBenchmark.checksum                          gsoc-2018.json  simdjson-jni-direct  thrpt   30      1220.214 ±   9.966   ops/s
ThroughputBenchmark.checksum:gc.alloc.rate            gsoc-2018.json  simdjson-jni-direct  thrpt   30         0.007 ±   0.001  MB/sec
ThroughputBenchmark.checksum:gc.alloc.rate.norm       gsoc-2018.json  simdjson-jni-direct  thrpt   30         5.643 ±   0.047    B/op
ThroughputBenchmark.checksum:gc.count                 gsoc-2018.json  simdjson-jni-direct  thrpt   30           ≈ 0            counts
ThroughputBenchmark.checksum                          marine_ik.json         jackson-tree  thrpt   30        55.478 ±   0.734   ops/s
ThroughputBenchmark.checksum:gc.alloc.rate            marine_ik.json         jackson-tree  thrpt   30      1389.550 ±  18.375  MB/sec
ThroughputBenchmark.checksum:gc.alloc.rate.norm       marine_ik.json         jackson-tree  thrpt   30  26270386.772 ±  29.307    B/op
ThroughputBenchmark.checksum:gc.count                 marine_ik.json         jackson-tree  thrpt   30        34.000            counts
ThroughputBenchmark.checksum:gc.time                  marine_ik.json         jackson-tree  thrpt   30        88.000                ms
ThroughputBenchmark.checksum                          marine_ik.json       jackson-stream  thrpt   30        73.125 ±   0.907   ops/s
ThroughputBenchmark.checksum:gc.alloc.rate            marine_ik.json       jackson-stream  thrpt   30       934.299 ±  11.589  MB/sec
ThroughputBenchmark.checksum:gc.alloc.rate.norm       marine_ik.json       jackson-stream  thrpt   30  13400384.935 ±  22.043    B/op
ThroughputBenchmark.checksum:gc.count                 marine_ik.json       jackson-stream  thrpt   30        24.000            counts
ThroughputBenchmark.checksum:gc.time                  marine_ik.json       jackson-stream  thrpt   30        68.000                ms
ThroughputBenchmark.checksum                          marine_ik.json    simdjson-jni-copy  thrpt   30       239.602 ±   1.360   ops/s
ThroughputBenchmark.checksum:gc.alloc.rate            marine_ik.json    simdjson-jni-copy  thrpt   30         0.007 ±   0.001  MB/sec
ThroughputBenchmark.checksum:gc.alloc.rate.norm       marine_ik.json    simdjson-jni-copy  thrpt   30        28.690 ±   0.167    B/op
ThroughputBenchmark.checksum:gc.count                 marine_ik.json    simdjson-jni-copy  thrpt   30           ≈ 0            counts
ThroughputBenchmark.checksum                          marine_ik.json  simdjson-jni-direct  thrpt   30       251.604 ±   1.476   ops/s
ThroughputBenchmark.checksum:gc.alloc.rate            marine_ik.json  simdjson-jni-direct  thrpt   30         0.007 ±   0.001  MB/sec
ThroughputBenchmark.checksum:gc.alloc.rate.norm       marine_ik.json  simdjson-jni-direct  thrpt   30        27.321 ±   0.164    B/op
ThroughputBenchmark.checksum:gc.count                 marine_ik.json  simdjson-jni-direct  thrpt   30           ≈ 0            counts
ThroughputBenchmark.checksum                               mesh.json         jackson-tree  thrpt   30       205.583 ±   1.387   ops/s
ThroughputBenchmark.checksum:gc.alloc.rate                 mesh.json         jackson-tree  thrpt   30      1399.094 ±   9.434  MB/sec
ThroughputBenchmark.checksum:gc.alloc.rate.norm            mesh.json         jackson-tree  thrpt   30   7137901.988 ±   7.584    B/op
ThroughputBenchmark.checksum:gc.count                      mesh.json         jackson-tree  thrpt   30        33.000            counts
ThroughputBenchmark.checksum:gc.time                       mesh.json         jackson-tree  thrpt   30        87.000                ms
ThroughputBenchmark.checksum                               mesh.json       jackson-stream  thrpt   30       257.210 ±   1.638   ops/s
ThroughputBenchmark.checksum:gc.alloc.rate                 mesh.json       jackson-stream  thrpt   30      1040.813 ±   6.631  MB/sec
ThroughputBenchmark.checksum:gc.alloc.rate.norm            mesh.json       jackson-stream  thrpt   30   4244098.954 ±   0.147    B/op
ThroughputBenchmark.checksum:gc.count                      mesh.json       jackson-stream  thrpt   30        27.000            counts
ThroughputBenchmark.checksum:gc.time                       mesh.json       jackson-stream  thrpt   30        75.000                ms
ThroughputBenchmark.checksum                               mesh.json    simdjson-jni-copy  thrpt   30       976.043 ±   6.279   ops/s
ThroughputBenchmark.checksum:gc.alloc.rate                 mesh.json    simdjson-jni-copy  thrpt   30         0.007 ±   0.001  MB/sec
ThroughputBenchmark.checksum:gc.alloc.rate.norm            mesh.json    simdjson-jni-copy  thrpt   30         7.068 ±   0.057    B/op
ThroughputBenchmark.checksum:gc.count                      mesh.json    simdjson-jni-copy  thrpt   30           ≈ 0            counts
ThroughputBenchmark.checksum                               mesh.json  simdjson-jni-direct  thrpt   30       990.928 ±   7.115   ops/s
ThroughputBenchmark.checksum:gc.alloc.rate                 mesh.json  simdjson-jni-direct  thrpt   30         0.007 ±   0.001  MB/sec
ThroughputBenchmark.checksum:gc.alloc.rate.norm            mesh.json  simdjson-jni-direct  thrpt   30         6.962 ±   0.066    B/op
ThroughputBenchmark.checksum:gc.count                      mesh.json  simdjson-jni-direct  thrpt   30           ≈ 0            counts
ThroughputBenchmark.checksum                      update-center.json         jackson-tree  thrpt   30       423.577 ±   3.031   ops/s
ThroughputBenchmark.checksum:gc.alloc.rate        update-center.json         jackson-tree  thrpt   30       951.869 ±   6.816  MB/sec
ThroughputBenchmark.checksum:gc.alloc.rate.norm   update-center.json         jackson-tree  thrpt   30   2356978.648 ±  10.830    B/op
ThroughputBenchmark.checksum:gc.count             update-center.json         jackson-tree  thrpt   30        24.000            counts
ThroughputBenchmark.checksum:gc.time              update-center.json         jackson-tree  thrpt   30        68.000                ms
ThroughputBenchmark.checksum                      update-center.json       jackson-stream  thrpt   30       693.865 ±   4.114   ops/s
ThroughputBenchmark.checksum:gc.alloc.rate        update-center.json       jackson-stream  thrpt   30         0.586 ±   0.010  MB/sec
ThroughputBenchmark.checksum:gc.alloc.rate.norm   update-center.json       jackson-stream  thrpt   30       885.455 ±  11.985    B/op
ThroughputBenchmark.checksum:gc.count             update-center.json       jackson-stream  thrpt   30           ≈ 0            counts
ThroughputBenchmark.checksum                      update-center.json    simdjson-jni-copy  thrpt   30      3664.150 ±  30.107   ops/s
ThroughputBenchmark.checksum:gc.alloc.rate        update-center.json    simdjson-jni-copy  thrpt   30         0.007 ±   0.001  MB/sec
ThroughputBenchmark.checksum:gc.alloc.rate.norm   update-center.json    simdjson-jni-copy  thrpt   30         1.879 ±   0.016    B/op
ThroughputBenchmark.checksum:gc.count             update-center.json    simdjson-jni-copy  thrpt   30           ≈ 0            counts
ThroughputBenchmark.checksum                      update-center.json  simdjson-jni-direct  thrpt   30      3858.194 ±  29.557   ops/s
ThroughputBenchmark.checksum:gc.alloc.rate        update-center.json  simdjson-jni-direct  thrpt   30         0.007 ±   0.001  MB/sec
ThroughputBenchmark.checksum:gc.alloc.rate.norm   update-center.json  simdjson-jni-direct  thrpt   30         1.785 ±   0.014    B/op
ThroughputBenchmark.checksum:gc.count             update-center.json  simdjson-jni-direct  thrpt   30           ≈ 0            counts
ThroughputBenchmark.checksum                         vpic_makes.json         jackson-tree  thrpt   30       330.653 ±   3.339   ops/s
ThroughputBenchmark.checksum:gc.alloc.rate           vpic_makes.json         jackson-tree  thrpt   30      1474.957 ±  14.891  MB/sec
ThroughputBenchmark.checksum:gc.alloc.rate.norm      vpic_makes.json         jackson-tree  thrpt   30   4678629.311 ±   0.718    B/op
ThroughputBenchmark.checksum:gc.count                vpic_makes.json         jackson-tree  thrpt   30        36.000            counts
ThroughputBenchmark.checksum:gc.time                 vpic_makes.json         jackson-tree  thrpt   30        90.000                ms
ThroughputBenchmark.checksum                         vpic_makes.json       jackson-stream  thrpt   30       551.189 ±   4.921   ops/s
ThroughputBenchmark.checksum:gc.alloc.rate           vpic_makes.json       jackson-stream  thrpt   30         0.412 ±   0.008  MB/sec
ThroughputBenchmark.checksum:gc.alloc.rate.norm      vpic_makes.json       jackson-stream  thrpt   30       783.846 ±  13.224    B/op
ThroughputBenchmark.checksum:gc.count                vpic_makes.json       jackson-stream  thrpt   30           ≈ 0            counts
ThroughputBenchmark.checksum                         vpic_makes.json    simdjson-jni-copy  thrpt   30      2126.900 ±  14.635   ops/s
ThroughputBenchmark.checksum:gc.alloc.rate           vpic_makes.json    simdjson-jni-copy  thrpt   30         0.007 ±   0.001  MB/sec
ThroughputBenchmark.checksum:gc.alloc.rate.norm      vpic_makes.json    simdjson-jni-copy  thrpt   30         3.237 ±   0.022    B/op
ThroughputBenchmark.checksum:gc.count                vpic_makes.json    simdjson-jni-copy  thrpt   30           ≈ 0            counts
ThroughputBenchmark.checksum                         vpic_makes.json  simdjson-jni-direct  thrpt   30      2216.752 ±  17.655   ops/s
ThroughputBenchmark.checksum:gc.alloc.rate           vpic_makes.json  simdjson-jni-direct  thrpt   30         0.007 ±   0.001  MB/sec
ThroughputBenchmark.checksum:gc.alloc.rate.norm      vpic_makes.json  simdjson-jni-direct  thrpt   30         3.107 ±   0.025    B/op
ThroughputBenchmark.checksum:gc.count                vpic_makes.json  simdjson-jni-direct  thrpt   30           ≈ 0            counts

Benchmark result is saved to /tmp/simdjson-jni-152522/results/raw_allocation.json
==> jmh latency
# JMH version: 1.37
# VM version: JDK 21.0.12.1, OpenJDK 64-Bit Server VM, 21.0.12.1+1-LTS
# VM invoker: /tmp/toolchain-152522/jdk21/bin/java
# VM options: -Dsimdjson.jni.library=/tmp/simdjson-jni-152522/build/libsimdjson_jni.so -Dsimdjson.data.dir=/tmp/simdjson-jni-152522/data -Xms2g -Xmx2g -XX:+UseG1GC
# Blackhole mode: compiler (auto-detected, use -Djmh.blackhole.autoDetect=false to disable)
# Warmup: 5 iterations, 2 s each
# Measurement: 10 iterations, 2 s each
# Timeout: 10 min per iteration
# Threads: 1 thread, will synchronize iterations
# Benchmark mode: Sampling time
# Benchmark: dev.yll.simdjsonjni.bench.LatencyBenchmark.checksumBatch
# Parameters: (engine = jackson-tree)

# Run progress: 0.00% complete, ETA 00:06:00
# Fork: 1 of 3
# Warmup Iteration   1: 1943.869 ±(99.9%) 112.411 us/op
# Warmup Iteration   2: 1749.246 ±(99.9%) 22.312 us/op
# Warmup Iteration   3: 1749.957 ±(99.9%) 22.737 us/op
# Warmup Iteration   4: 1752.891 ±(99.9%) 23.079 us/op
# Warmup Iteration   5: 1749.487 ±(99.9%) 22.292 us/op
Iteration   1: 1769.088 ±(99.9%) 29.898 us/op
                 p0.00:   1660.928 us/op
                 p0.50:   1722.368 us/op
                 p0.90:   1744.896 us/op
                 p0.95:   1774.490 us/op
                 p0.99:   3536.159 us/op
                 p0.999:  5242.667 us/op
                 p0.9999: 5292.032 us/op
                 p1.00:   5292.032 us/op

Iteration   2: 1743.239 ±(99.9%) 21.198 us/op
                 p0.00:   1654.784 us/op
                 p0.50:   1718.272 us/op
                 p0.90:   1736.704 us/op
                 p0.95:   1748.992 us/op
                 p0.99:   2749.071 us/op
                 p0.999:  4596.040 us/op
                 p0.9999: 4620.288 us/op
                 p1.00:   4620.288 us/op

Iteration   3: 1742.646 ±(99.9%) 19.415 us/op
                 p0.00:   1658.880 us/op
                 p0.50:   1718.272 us/op
                 p0.90:   1738.752 us/op
                 p0.95:   1751.040 us/op
                 p0.99:   2854.420 us/op
                 p0.999:  4743.791 us/op
                 p0.9999: 4759.552 us/op
                 p1.00:   4759.552 us/op

Iteration   4: 1739.167 ±(99.9%) 18.948 us/op
                 p0.00:   1654.784 us/op
                 p0.50:   1718.272 us/op
                 p0.90:   1736.704 us/op
                 p0.95:   1744.896 us/op
                 p0.99:   2781.389 us/op
                 p0.999:  4582.547 us/op
                 p0.9999: 4653.056 us/op
                 p1.00:   4653.056 us/op

Iteration   5: 1739.064 ±(99.9%) 18.121 us/op
                 p0.00:   1656.832 us/op
                 p0.50:   1718.272 us/op
                 p0.90:   1736.704 us/op
                 p0.95:   1746.944 us/op
                 p0.99:   2744.156 us/op
                 p0.999:  4424.589 us/op
                 p0.9999: 4472.832 us/op
                 p1.00:   4472.832 us/op

Iteration   6: 1731.767 ±(99.9%) 15.354 us/op
                 p0.00:   1660.928 us/op
                 p0.50:   1718.272 us/op
                 p0.90:   1734.656 us/op
                 p0.95:   1742.848 us/op
                 p0.99:   2153.472 us/op
                 p0.999:  4583.608 us/op
                 p0.9999: 4685.824 us/op
                 p1.00:   4685.824 us/op

Iteration   7: 1737.806 ±(99.9%) 19.374 us/op
                 p0.00:   1658.880 us/op
                 p0.50:   1716.224 us/op
                 p0.90:   1734.656 us/op
                 p0.95:   1745.818 us/op
                 p0.99:   2728.878 us/op
                 p0.999:  4914.545 us/op
                 p0.9999: 5013.504 us/op
                 p1.00:   5013.504 us/op

Iteration   8: 1738.462 ±(99.9%) 18.797 us/op
                 p0.00:   1665.024 us/op
                 p0.50:   1718.272 us/op
                 p0.90:   1736.704 us/op
                 p0.95:   1744.896 us/op
                 p0.99:   2613.944 us/op
                 p0.999:  4763.099 us/op
                 p0.9999: 4784.128 us/op
                 p1.00:   4784.128 us/op

Iteration   9: 1739.909 ±(99.9%) 19.155 us/op
                 p0.00:   1654.784 us/op
                 p0.50:   1718.272 us/op
                 p0.90:   1736.704 us/op
                 p0.95:   1744.896 us/op
                 p0.99:   2764.800 us/op
                 p0.999:  4979.098 us/op
                 p0.9999: 5087.232 us/op
                 p1.00:   5087.232 us/op

Iteration  10: 1748.698 ±(99.9%) 22.103 us/op
                 p0.00:   1658.880 us/op
                 p0.50:   1718.272 us/op
                 p0.90:   1736.704 us/op
                 p0.95:   1744.896 us/op
                 p0.99:   3020.718 us/op
                 p0.999:  4539.286 us/op
                 p0.9999: 4571.136 us/op
                 p1.00:   4571.136 us/op


# Run progress: 8.33% complete, ETA 00:05:35
# Fork: 2 of 3
# Warmup Iteration   1: 2038.282 ±(99.9%) 117.478 us/op
# Warmup Iteration   2: 1819.627 ±(99.9%) 22.874 us/op
# Warmup Iteration   3: 1839.162 ±(99.9%) 30.296 us/op
# Warmup Iteration   4: 1816.723 ±(99.9%) 23.721 us/op
# Warmup Iteration   5: 1806.919 ±(99.9%) 18.411 us/op
Iteration   1: 1826.492 ±(99.9%) 27.596 us/op
                 p0.00:   1742.848 us/op
                 p0.50:   1787.904 us/op
                 p0.90:   1808.384 us/op
                 p0.95:   1820.672 us/op
                 p0.99:   3473.736 us/op
                 p0.999:  5233.115 us/op
                 p0.9999: 5234.688 us/op
                 p1.00:   5234.688 us/op

Iteration   2: 1814.747 ±(99.9%) 22.796 us/op
                 p0.00:   1740.800 us/op
                 p0.50:   1787.904 us/op
                 p0.90:   1808.384 us/op
                 p0.95:   1816.269 us/op
                 p0.99:   2902.999 us/op
                 p0.999:  4960.731 us/op
                 p0.9999: 4972.544 us/op
                 p1.00:   4972.544 us/op

Iteration   3: 1801.888 ±(99.9%) 16.550 us/op
                 p0.00:   1742.848 us/op
                 p0.50:   1787.904 us/op
                 p0.90:   1804.288 us/op
                 p0.95:   1812.480 us/op
                 p0.99:   2081.137 us/op
                 p0.999:  4752.327 us/op
                 p0.9999: 4808.704 us/op
                 p1.00:   4808.704 us/op

Iteration   4: 1811.719 ±(99.9%) 20.831 us/op
                 p0.00:   1736.704 us/op
                 p0.50:   1789.952 us/op
                 p0.90:   1806.336 us/op
                 p0.95:   1814.016 us/op
                 p0.99:   2879.488 us/op
                 p0.999:  5240.381 us/op
                 p0.9999: 5275.648 us/op
                 p1.00:   5275.648 us/op

Iteration   5: 1800.115 ±(99.9%) 15.176 us/op
                 p0.00:   1728.512 us/op
                 p0.50:   1787.904 us/op
                 p0.90:   1802.240 us/op
                 p0.95:   1808.384 us/op
                 p0.99:   2231.337 us/op
                 p0.999:  4462.674 us/op
                 p0.9999: 4481.024 us/op
                 p1.00:   4481.024 us/op

Iteration   6: 1823.877 ±(99.9%) 23.363 us/op
                 p0.00:   1734.656 us/op
                 p0.50:   1792.000 us/op
                 p0.90:   1808.384 us/op
                 p0.95:   1816.576 us/op
                 p0.99:   3166.249 us/op
                 p0.999:  4507.681 us/op
                 p0.9999: 4521.984 us/op
                 p1.00:   4521.984 us/op

Iteration   7: 1819.621 ±(99.9%) 24.158 us/op
                 p0.00:   1740.800 us/op
                 p0.50:   1785.856 us/op
                 p0.90:   1802.240 us/op
                 p0.95:   1812.480 us/op
                 p0.99:   3211.264 us/op
                 p0.999:  5021.696 us/op
                 p0.9999: 5079.040 us/op
                 p1.00:   5079.040 us/op

Iteration   8: 1809.035 ±(99.9%) 20.864 us/op
                 p0.00:   1738.752 us/op
                 p0.50:   1787.904 us/op
                 p0.90:   1804.288 us/op
                 p0.95:   1809.818 us/op
                 p0.99:   2864.742 us/op
                 p0.999:  5186.552 us/op
                 p0.9999: 5226.496 us/op
                 p1.00:   5226.496 us/op

Iteration   9: 1810.801 ±(99.9%) 20.205 us/op
                 p0.00:   1732.608 us/op
                 p0.50:   1787.904 us/op
                 p0.90:   1804.288 us/op
                 p0.95:   1810.432 us/op
                 p0.99:   2786.304 us/op
                 p0.999:  4958.044 us/op
                 p0.9999: 5021.696 us/op
                 p1.00:   5021.696 us/op

Iteration  10: 1810.543 ±(99.9%) 19.560 us/op
                 p0.00:   1724.416 us/op
                 p0.50:   1789.952 us/op
                 p0.90:   1806.336 us/op
                 p0.95:   1812.480 us/op
                 p0.99:   2793.267 us/op
                 p0.999:  4680.663 us/op
                 p0.9999: 4685.824 us/op
                 p1.00:   4685.824 us/op


# Run progress: 16.67% complete, ETA 00:05:05
# Fork: 3 of 3
# Warmup Iteration   1: 2054.477 ±(99.9%) 117.370 us/op
# Warmup Iteration   2: 1840.571 ±(99.9%) 19.341 us/op
# Warmup Iteration   3: 1837.498 ±(99.9%) 18.572 us/op
# Warmup Iteration   4: 1848.509 ±(99.9%) 25.276 us/op
# Warmup Iteration   5: 1849.458 ±(99.9%) 23.794 us/op
Iteration   1: 1833.807 ±(99.9%) 18.378 us/op
                 p0.00:   1759.232 us/op
                 p0.50:   1818.624 us/op
                 p0.90:   1839.104 us/op
                 p0.95:   1845.248 us/op
                 p0.99:   2158.100 us/op
                 p0.999:  4691.034 us/op
                 p0.9999: 4694.016 us/op
                 p1.00:   4694.016 us/op

Iteration   2: 1832.320 ±(99.9%) 18.400 us/op
                 p0.00:   1761.280 us/op
                 p0.50:   1816.576 us/op
                 p0.90:   1835.008 us/op
                 p0.95:   1841.152 us/op
                 p0.99:   2225.603 us/op
                 p0.999:  4794.384 us/op
                 p0.9999: 4808.704 us/op
                 p1.00:   4808.704 us/op

Iteration   3: 1841.531 ±(99.9%) 21.823 us/op
                 p0.00:   1763.328 us/op
                 p0.50:   1818.624 us/op
                 p0.90:   1835.008 us/op
                 p0.95:   1843.200 us/op
                 p0.99:   2822.021 us/op
                 p0.999:  5286.658 us/op
                 p0.9999: 5349.376 us/op
                 p1.00:   5349.376 us/op

Iteration   4: 1828.557 ±(99.9%) 15.250 us/op
                 p0.00:   1759.232 us/op
                 p0.50:   1816.576 us/op
                 p0.90:   1832.960 us/op
                 p0.95:   1839.104 us/op
                 p0.99:   2159.002 us/op
                 p0.999:  4725.391 us/op
                 p0.9999: 4767.744 us/op
                 p1.00:   4767.744 us/op

Iteration   5: 1827.915 ±(99.9%) 14.490 us/op
                 p0.00:   1761.280 us/op
                 p0.50:   1816.576 us/op
                 p0.90:   1835.008 us/op
                 p0.95:   1839.616 us/op
                 p0.99:   2253.005 us/op
                 p0.999:  4794.921 us/op
                 p0.9999: 4898.816 us/op
                 p1.00:   4898.816 us/op

Iteration   6: 1850.068 ±(99.9%) 22.216 us/op
                 p0.00:   1769.472 us/op
                 p0.50:   1824.768 us/op
                 p0.90:   1843.200 us/op
                 p0.95:   1851.392 us/op
                 p0.99:   2944.287 us/op
                 p0.999:  5504.451 us/op
                 p0.9999: 5595.136 us/op
                 p1.00:   5595.136 us/op

Iteration   7: 1838.678 ±(99.9%) 20.165 us/op
                 p0.00:   1757.184 us/op
                 p0.50:   1816.576 us/op
                 p0.90:   1835.008 us/op
                 p0.95:   1841.152 us/op
                 p0.99:   2807.235 us/op
                 p0.999:  5052.105 us/op
                 p0.9999: 5070.848 us/op
                 p1.00:   5070.848 us/op

Iteration   8: 1838.744 ±(99.9%) 21.165 us/op
                 p0.00:   1751.040 us/op
                 p0.50:   1814.528 us/op
                 p0.90:   1832.960 us/op
                 p0.95:   1841.152 us/op
                 p0.99:   2980.086 us/op
                 p0.999:  5324.734 us/op
                 p0.9999: 5390.336 us/op
                 p1.00:   5390.336 us/op

Iteration   9: 1819.744 ±(99.9%) 6.418 us/op
                 p0.00:   1753.088 us/op
                 p0.50:   1818.624 us/op
                 p0.90:   1835.008 us/op
                 p0.95:   1841.152 us/op
                 p0.99:   1851.392 us/op
                 p0.999:  3298.509 us/op
                 p0.9999: 3301.376 us/op
                 p1.00:   3301.376 us/op

Iteration  10: 1839.292 ±(99.9%) 20.131 us/op
                 p0.00:   1761.280 us/op
                 p0.50:   1816.576 us/op
                 p0.90:   1835.008 us/op
                 p0.95:   1839.104 us/op
                 p0.99:   2982.052 us/op
                 p0.999:  4824.433 us/op
                 p0.9999: 4849.664 us/op
                 p1.00:   4849.664 us/op



Result "dev.yll.simdjsonjni.bench.LatencyBenchmark.checksumBatch":
  N = 33395
  mean =   1796.071 ±(99.9%) 3.740 us/op

  Histogram, us/op:
    [1000.000, 1500.000) = 0 
    [1500.000, 2000.000) = 32775 
    [2000.000, 2500.000) = 218 
    [2500.000, 3000.000) = 126 
    [3000.000, 3500.000) = 124 
    [3500.000, 4000.000) = 55 
    [4000.000, 4500.000) = 47 
    [4500.000, 5000.000) = 37 
    [5000.000, 5500.000) = 12 

  Percentiles, us/op:
      p(0.0000) =   1654.784 us/op
     p(50.0000) =   1787.904 us/op
     p(90.0000) =   1826.816 us/op
     p(95.0000) =   1837.056 us/op
     p(99.0000) =   2732.196 us/op
     p(99.9000) =   4658.004 us/op
     p(99.9900) =   5329.902 us/op
     p(99.9990) =   5595.136 us/op
     p(99.9999) =   5595.136 us/op
    p(100.0000) =   5595.136 us/op


# JMH version: 1.37
# VM version: JDK 21.0.12.1, OpenJDK 64-Bit Server VM, 21.0.12.1+1-LTS
# VM invoker: /tmp/toolchain-152522/jdk21/bin/java
# VM options: -Dsimdjson.jni.library=/tmp/simdjson-jni-152522/build/libsimdjson_jni.so -Dsimdjson.data.dir=/tmp/simdjson-jni-152522/data -Xms2g -Xmx2g -XX:+UseG1GC
# Blackhole mode: compiler (auto-detected, use -Djmh.blackhole.autoDetect=false to disable)
# Warmup: 5 iterations, 2 s each
# Measurement: 10 iterations, 2 s each
# Timeout: 10 min per iteration
# Threads: 1 thread, will synchronize iterations
# Benchmark mode: Sampling time
# Benchmark: dev.yll.simdjsonjni.bench.LatencyBenchmark.checksumBatch
# Parameters: (engine = jackson-stream)

# Run progress: 25.00% complete, ETA 00:04:34
# Fork: 1 of 3
# Warmup Iteration   1: 1476.921 ±(99.9%) 61.276 us/op
# Warmup Iteration   2: 1395.275 ±(99.9%) 13.270 us/op
# Warmup Iteration   3: 1362.129 ±(99.9%) 12.095 us/op
# Warmup Iteration   4: 1368.616 ±(99.9%) 15.068 us/op
# Warmup Iteration   5: 1364.786 ±(99.9%) 12.859 us/op
Iteration   1: 1366.365 ±(99.9%) 14.005 us/op
                 p0.00:   1318.912 us/op
                 p0.50:   1347.584 us/op
                 p0.90:   1366.016 us/op
                 p0.95:   1372.160 us/op
                 p0.99:   2074.870 us/op
                 p0.999:  3974.627 us/op
                 p0.9999: 4046.848 us/op
                 p1.00:   4046.848 us/op

Iteration   2: 1358.606 ±(99.9%) 10.864 us/op
                 p0.00:   1320.960 us/op
                 p0.50:   1347.584 us/op
                 p0.90:   1363.968 us/op
                 p0.95:   1372.160 us/op
                 p0.99:   1487.913 us/op
                 p0.999:  3940.516 us/op
                 p0.9999: 4046.848 us/op
                 p1.00:   4046.848 us/op

Iteration   3: 1357.864 ±(99.9%) 10.971 us/op
                 p0.00:   1323.008 us/op
                 p0.50:   1345.536 us/op
                 p0.90:   1363.968 us/op
                 p0.95:   1370.112 us/op
                 p0.99:   1531.597 us/op
                 p0.999:  3903.082 us/op
                 p0.9999: 4218.880 us/op
                 p1.00:   4218.880 us/op

Iteration   4: 1350.480 ±(99.9%) 7.080 us/op
                 p0.00:   1318.912 us/op
                 p0.50:   1347.584 us/op
                 p0.90:   1361.920 us/op
                 p0.95:   1366.016 us/op
                 p0.99:   1382.400 us/op
                 p0.999:  3192.580 us/op
                 p0.9999: 4456.448 us/op
                 p1.00:   4456.448 us/op

Iteration   5: 1353.994 ±(99.9%) 9.106 us/op
                 p0.00:   1318.912 us/op
                 p0.50:   1345.536 us/op
                 p0.90:   1361.920 us/op
                 p0.95:   1368.064 us/op
                 p0.99:   1434.808 us/op
                 p0.999:  3601.334 us/op
                 p0.9999: 3960.832 us/op
                 p1.00:   3960.832 us/op

Iteration   6: 1365.549 ±(99.9%) 14.372 us/op
                 p0.00:   1316.864 us/op
                 p0.50:   1345.536 us/op
                 p0.90:   1363.968 us/op
                 p0.95:   1370.112 us/op
                 p0.99:   2026.701 us/op
                 p0.999:  4011.807 us/op
                 p0.9999: 4063.232 us/op
                 p1.00:   4063.232 us/op

Iteration   7: 1357.368 ±(99.9%) 10.683 us/op
                 p0.00:   1320.960 us/op
                 p0.50:   1347.584 us/op
                 p0.90:   1363.968 us/op
                 p0.95:   1370.726 us/op
                 p0.99:   1496.433 us/op
                 p0.999:  4033.896 us/op
                 p0.9999: 4059.136 us/op
                 p1.00:   4059.136 us/op

Iteration   8: 1357.198 ±(99.9%) 11.635 us/op
                 p0.00:   1320.960 us/op
                 p0.50:   1345.536 us/op
                 p0.90:   1363.968 us/op
                 p0.95:   1368.064 us/op
                 p0.99:   1459.364 us/op
                 p0.999:  3973.472 us/op
                 p0.9999: 4091.904 us/op
                 p1.00:   4091.904 us/op

Iteration   9: 1349.625 ±(99.9%) 7.576 us/op
                 p0.00:   1320.960 us/op
                 p0.50:   1345.536 us/op
                 p0.90:   1359.872 us/op
                 p0.95:   1366.016 us/op
                 p0.99:   1376.256 us/op
                 p0.999:  3373.036 us/op
                 p0.9999: 4661.248 us/op
                 p1.00:   4661.248 us/op

Iteration  10: 1373.209 ±(99.9%) 15.773 us/op
                 p0.00:   1323.008 us/op
                 p0.50:   1347.584 us/op
                 p0.90:   1368.064 us/op
                 p0.95:   1376.563 us/op
                 p0.99:   2303.713 us/op
                 p0.999:  3998.179 us/op
                 p0.9999: 4046.848 us/op
                 p1.00:   4046.848 us/op


# Run progress: 33.33% complete, ETA 00:04:04
# Fork: 2 of 3
# Warmup Iteration   1: 1476.085 ±(99.9%) 61.339 us/op
# Warmup Iteration   2: 1387.566 ±(99.9%) 15.580 us/op
# Warmup Iteration   3: 1376.810 ±(99.9%) 16.198 us/op
# Warmup Iteration   4: 1363.941 ±(99.9%) 13.572 us/op
# Warmup Iteration   5: 1352.450 ±(99.9%) 8.769 us/op
Iteration   1: 1348.112 ±(99.9%) 6.106 us/op
                 p0.00:   1318.912 us/op
                 p0.50:   1345.536 us/op
                 p0.90:   1361.101 us/op
                 p0.95:   1369.702 us/op
                 p0.99:   1392.968 us/op
                 p0.999:  2834.440 us/op
                 p0.9999: 4042.752 us/op
                 p1.00:   4042.752 us/op

Iteration   2: 1363.265 ±(99.9%) 14.348 us/op
                 p0.00:   1320.960 us/op
                 p0.50:   1343.488 us/op
                 p0.90:   1359.872 us/op
                 p0.95:   1368.064 us/op
                 p0.99:   2071.818 us/op
                 p0.999:  4018.573 us/op
                 p0.9999: 4227.072 us/op
                 p1.00:   4227.072 us/op

Iteration   3: 1356.984 ±(99.9%) 11.302 us/op
                 p0.00:   1318.912 us/op
                 p0.50:   1345.536 us/op
                 p0.90:   1361.920 us/op
                 p0.95:   1368.064 us/op
                 p0.99:   1591.951 us/op
                 p0.999:  4094.460 us/op
                 p0.9999: 4141.056 us/op
                 p1.00:   4141.056 us/op

Iteration   4: 1348.060 ±(99.9%) 7.860 us/op
                 p0.00:   1320.960 us/op
                 p0.50:   1343.488 us/op
                 p0.90:   1355.776 us/op
                 p0.95:   1361.920 us/op
                 p0.99:   1372.160 us/op
                 p0.999:  3599.237 us/op
                 p0.9999: 4431.872 us/op
                 p1.00:   4431.872 us/op

Iteration   5: 1364.340 ±(99.9%) 15.078 us/op
                 p0.00:   1320.960 us/op
                 p0.50:   1345.536 us/op
                 p0.90:   1359.872 us/op
                 p0.95:   1366.016 us/op
                 p0.99:   2047.590 us/op
                 p0.999:  4278.378 us/op
                 p0.9999: 4448.256 us/op
                 p1.00:   4448.256 us/op

Iteration   6: 1361.031 ±(99.9%) 13.122 us/op
                 p0.00:   1320.960 us/op
                 p0.50:   1343.488 us/op
                 p0.90:   1359.872 us/op
                 p0.95:   1366.016 us/op
                 p0.99:   2012.365 us/op
                 p0.999:  3916.759 us/op
                 p0.9999: 3932.160 us/op
                 p1.00:   3932.160 us/op

Iteration   7: 1345.992 ±(99.9%) 6.262 us/op
                 p0.00:   1318.912 us/op
                 p0.50:   1341.440 us/op
                 p0.90:   1357.824 us/op
                 p0.95:   1363.968 us/op
                 p0.99:   1380.925 us/op
                 p0.999:  2853.753 us/op
                 p0.9999: 4128.768 us/op
                 p1.00:   4128.768 us/op

Iteration   8: 1354.755 ±(99.9%) 11.136 us/op
                 p0.00:   1318.912 us/op
                 p0.50:   1343.488 us/op
                 p0.90:   1357.824 us/op
                 p0.95:   1363.968 us/op
                 p0.99:   1519.882 us/op
                 p0.999:  4080.984 us/op
                 p0.9999: 4194.304 us/op
                 p1.00:   4194.304 us/op

Iteration   9: 1365.767 ±(99.9%) 15.041 us/op
                 p0.00:   1318.912 us/op
                 p0.50:   1345.536 us/op
                 p0.90:   1361.920 us/op
                 p0.95:   1376.256 us/op
                 p0.99:   2093.261 us/op
                 p0.999:  4152.033 us/op
                 p0.9999: 4243.456 us/op
                 p1.00:   4243.456 us/op

Iteration  10: 1354.911 ±(99.9%) 10.932 us/op
                 p0.00:   1320.960 us/op
                 p0.50:   1345.536 us/op
                 p0.90:   1359.872 us/op
                 p0.95:   1363.968 us/op
                 p0.99:   1460.716 us/op
                 p0.999:  4128.473 us/op
                 p0.9999: 4366.336 us/op
                 p1.00:   4366.336 us/op


# Run progress: 41.67% complete, ETA 00:03:33
# Fork: 3 of 3
# Warmup Iteration   1: 1480.323 ±(99.9%) 59.768 us/op
# Warmup Iteration   2: 1409.677 ±(99.9%) 16.784 us/op
# Warmup Iteration   3: 1406.509 ±(99.9%) 18.527 us/op
# Warmup Iteration   4: 1387.140 ±(99.9%) 14.639 us/op
# Warmup Iteration   5: 1383.453 ±(99.9%) 13.053 us/op
Iteration   1: 1376.819 ±(99.9%) 11.106 us/op
                 p0.00:   1337.344 us/op
                 p0.50:   1366.016 us/op
                 p0.90:   1386.496 us/op
                 p0.95:   1392.640 us/op
                 p0.99:   1501.757 us/op
                 p0.999:  3878.138 us/op
                 p0.9999: 4087.808 us/op
                 p1.00:   4087.808 us/op

Iteration   2: 1367.008 ±(99.9%) 6.328 us/op
                 p0.00:   1337.344 us/op
                 p0.50:   1363.968 us/op
                 p0.90:   1383.834 us/op
                 p0.95:   1388.544 us/op
                 p0.99:   1398.784 us/op
                 p0.999:  2868.275 us/op
                 p0.9999: 4124.672 us/op
                 p1.00:   4124.672 us/op

Iteration   3: 1392.721 ±(99.9%) 17.017 us/op
                 p0.00:   1333.248 us/op
                 p0.50:   1366.016 us/op
                 p0.90:   1388.544 us/op
                 p0.95:   1398.784 us/op
                 p0.99:   2343.404 us/op
                 p0.999:  4041.064 us/op
                 p0.9999: 4071.424 us/op
                 p1.00:   4071.424 us/op

Iteration   4: 1385.082 ±(99.9%) 15.341 us/op
                 p0.00:   1333.248 us/op
                 p0.50:   1363.968 us/op
                 p0.90:   1386.496 us/op
                 p0.95:   1392.640 us/op
                 p0.99:   2137.784 us/op
                 p0.999:  4293.968 us/op
                 p0.9999: 4743.168 us/op
                 p1.00:   4743.168 us/op

Iteration   5: 1364.659 ±(99.9%) 1.219 us/op
                 p0.00:   1331.200 us/op
                 p0.50:   1363.968 us/op
                 p0.90:   1384.448 us/op
                 p0.95:   1388.544 us/op
                 p0.99:   1400.832 us/op
                 p0.999:  1434.575 us/op
                 p0.9999: 1447.936 us/op
                 p1.00:   1447.936 us/op

Iteration   6: 1384.388 ±(99.9%) 15.231 us/op
                 p0.00:   1335.296 us/op
                 p0.50:   1363.968 us/op
                 p0.90:   1386.496 us/op
                 p0.95:   1392.640 us/op
                 p0.99:   2079.130 us/op
                 p0.999:  4186.092 us/op
                 p0.9999: 4202.496 us/op
                 p1.00:   4202.496 us/op

Iteration   7: 1383.761 ±(99.9%) 14.023 us/op
                 p0.00:   1337.344 us/op
                 p0.50:   1366.016 us/op
                 p0.90:   1386.496 us/op
                 p0.95:   1394.074 us/op
                 p0.99:   2001.428 us/op
                 p0.999:  3961.045 us/op
                 p0.9999: 4030.464 us/op
                 p1.00:   4030.464 us/op

Iteration   8: 1384.587 ±(99.9%) 14.436 us/op
                 p0.00:   1333.248 us/op
                 p0.50:   1366.016 us/op
                 p0.90:   1386.496 us/op
                 p0.95:   1394.688 us/op
                 p0.99:   2003.661 us/op
                 p0.999:  4072.264 us/op
                 p0.9999: 4128.768 us/op
                 p1.00:   4128.768 us/op

Iteration   9: 1377.999 ±(99.9%) 12.281 us/op
                 p0.00:   1335.296 us/op
                 p0.50:   1363.968 us/op
                 p0.90:   1386.496 us/op
                 p0.95:   1392.640 us/op
                 p0.99:   1680.097 us/op
                 p0.999:  4169.171 us/op
                 p0.9999: 4202.496 us/op
                 p1.00:   4202.496 us/op

Iteration  10: 1392.977 ±(99.9%) 16.366 us/op
                 p0.00:   1335.296 us/op
                 p0.50:   1366.016 us/op
                 p0.90:   1388.544 us/op
                 p0.95:   1396.736 us/op
                 p0.99:   2314.895 us/op
                 p0.999:  3980.132 us/op
                 p0.9999: 4083.712 us/op
                 p1.00:   4083.712 us/op



Result "dev.yll.simdjsonjni.bench.LatencyBenchmark.checksumBatch":
  N = 43924
  mean =   1365.317 ±(99.9%) 2.212 us/op

  Histogram, us/op:
    [1000.000, 1250.000) = 0 
    [1250.000, 1500.000) = 43366 
    [1500.000, 1750.000) = 158 
    [1750.000, 2000.000) = 101 
    [2000.000, 2250.000) = 77 
    [2250.000, 2500.000) = 56 
    [2500.000, 2750.000) = 32 
    [2750.000, 3000.000) = 27 
    [3000.000, 3250.000) = 25 
    [3250.000, 3500.000) = 16 
    [3500.000, 3750.000) = 11 
    [3750.000, 4000.000) = 19 
    [4000.000, 4250.000) = 30 
    [4250.000, 4500.000) = 4 
    [4500.000, 4750.000) = 2 

  Percentiles, us/op:
      p(0.0000) =   1316.864 us/op
     p(50.0000) =   1351.680 us/op
     p(90.0000) =   1376.256 us/op
     p(95.0000) =   1384.448 us/op
     p(99.0000) =   1664.000 us/op
     p(99.9000) =   3905.024 us/op
     p(99.9900) =   4441.825 us/op
     p(99.9990) =   4743.168 us/op
     p(99.9999) =   4743.168 us/op
    p(100.0000) =   4743.168 us/op


# JMH version: 1.37
# VM version: JDK 21.0.12.1, OpenJDK 64-Bit Server VM, 21.0.12.1+1-LTS
# VM invoker: /tmp/toolchain-152522/jdk21/bin/java
# VM options: -Dsimdjson.jni.library=/tmp/simdjson-jni-152522/build/libsimdjson_jni.so -Dsimdjson.data.dir=/tmp/simdjson-jni-152522/data -Xms2g -Xmx2g -XX:+UseG1GC
# Blackhole mode: compiler (auto-detected, use -Djmh.blackhole.autoDetect=false to disable)
# Warmup: 5 iterations, 2 s each
# Measurement: 10 iterations, 2 s each
# Timeout: 10 min per iteration
# Threads: 1 thread, will synchronize iterations
# Benchmark mode: Sampling time
# Benchmark: dev.yll.simdjsonjni.bench.LatencyBenchmark.checksumBatch
# Parameters: (engine = simdjson-jni-copy)

# Run progress: 50.00% complete, ETA 00:03:03
# Fork: 1 of 3
# Warmup Iteration   1: 299.551 ±(99.9%) 1.667 us/op
# Warmup Iteration   2: 299.028 ±(99.9%) 1.679 us/op
# Warmup Iteration   3: 296.824 ±(99.9%) 1.351 us/op
# Warmup Iteration   4: 295.211 ±(99.9%) 1.014 us/op
# Warmup Iteration   5: 296.808 ±(99.9%) 1.327 us/op
Iteration   1: 297.233 ±(99.9%) 1.456 us/op
                 p0.00:   285.696 us/op
                 p0.50:   290.304 us/op
                 p0.90:   309.248 us/op
                 p0.95:   311.706 us/op
                 p0.99:   417.956 us/op
                 p0.999:  882.266 us/op
                 p0.9999: 963.584 us/op
                 p1.00:   963.584 us/op

Iteration   2: 296.893 ±(99.9%) 1.371 us/op
                 p0.00:   285.696 us/op
                 p0.50:   290.304 us/op
                 p0.90:   309.760 us/op
                 p0.95:   311.808 us/op
                 p0.99:   431.104 us/op
                 p0.999:  817.260 us/op
                 p0.9999: 985.088 us/op
                 p1.00:   985.088 us/op

Iteration   3: 294.193 ±(99.9%) 0.479 us/op
                 p0.00:   285.696 us/op
                 p0.50:   290.816 us/op
                 p0.90:   308.736 us/op
                 p0.95:   310.784 us/op
                 p0.99:   314.880 us/op
                 p0.999:  321.236 us/op
                 p0.9999: 860.160 us/op
                 p1.00:   860.160 us/op

Iteration   4: 300.683 ±(99.9%) 1.919 us/op
                 p0.00:   285.184 us/op
                 p0.50:   290.304 us/op
                 p0.90:   310.272 us/op
                 p0.95:   313.344 us/op
                 p0.99:   545.321 us/op
                 p0.999:  872.040 us/op
                 p0.9999: 988.160 us/op
                 p1.00:   988.160 us/op

Iteration   5: 300.321 ±(99.9%) 1.397 us/op
                 p0.00:   285.184 us/op
                 p0.50:   295.424 us/op
                 p0.90:   311.296 us/op
                 p0.95:   317.440 us/op
                 p0.99:   410.522 us/op
                 p0.999:  851.901 us/op
                 p0.9999: 1010.688 us/op
                 p1.00:   1010.688 us/op

Iteration   6: 296.346 ±(99.9%) 1.307 us/op
                 p0.00:   285.696 us/op
                 p0.50:   289.792 us/op
                 p0.90:   309.248 us/op
                 p0.95:   310.784 us/op
                 p0.99:   412.754 us/op
                 p0.999:  805.413 us/op
                 p0.9999: 987.136 us/op
                 p1.00:   987.136 us/op

Iteration   7: 296.690 ±(99.9%) 1.354 us/op
                 p0.00:   285.184 us/op
                 p0.50:   289.792 us/op
                 p0.90:   309.248 us/op
                 p0.95:   310.784 us/op
                 p0.99:   411.136 us/op
                 p0.999:  798.982 us/op
                 p0.9999: 961.536 us/op
                 p1.00:   961.536 us/op

Iteration   8: 296.695 ±(99.9%) 1.343 us/op
                 p0.00:   285.184 us/op
                 p0.50:   289.792 us/op
                 p0.90:   309.248 us/op
                 p0.95:   310.784 us/op
                 p0.99:   410.542 us/op
                 p0.999:  820.240 us/op
                 p0.9999: 955.392 us/op
                 p1.00:   955.392 us/op

Iteration   9: 300.732 ±(99.9%) 1.927 us/op
                 p0.00:   285.696 us/op
                 p0.50:   290.304 us/op
                 p0.90:   310.272 us/op
                 p0.95:   312.832 us/op
                 p0.99:   547.922 us/op
                 p0.999:  879.507 us/op
                 p0.9999: 993.280 us/op
                 p1.00:   993.280 us/op

Iteration  10: 297.518 ±(99.9%) 1.363 us/op
                 p0.00:   285.696 us/op
                 p0.50:   290.816 us/op
                 p0.90:   309.760 us/op
                 p0.95:   311.296 us/op
                 p0.99:   413.435 us/op
                 p0.999:  851.330 us/op
                 p0.9999: 947.200 us/op
                 p1.00:   947.200 us/op


# Run progress: 58.33% complete, ETA 00:02:32
# Fork: 2 of 3
# Warmup Iteration   1: 297.359 ±(99.9%) 1.404 us/op
# Warmup Iteration   2: 295.440 ±(99.9%) 1.024 us/op
# Warmup Iteration   3: 296.635 ±(99.9%) 1.313 us/op
# Warmup Iteration   4: 297.064 ±(99.9%) 1.393 us/op
# Warmup Iteration   5: 296.195 ±(99.9%) 1.349 us/op
Iteration   1: 294.814 ±(99.9%) 0.986 us/op
                 p0.00:   285.696 us/op
                 p0.50:   289.792 us/op
                 p0.90:   308.787 us/op
                 p0.95:   310.784 us/op
                 p0.99:   318.976 us/op
                 p0.999:  767.084 us/op
                 p0.9999: 967.680 us/op
                 p1.00:   967.680 us/op

Iteration   2: 294.386 ±(99.9%) 0.953 us/op
                 p0.00:   285.184 us/op
                 p0.50:   289.280 us/op
                 p0.90:   308.224 us/op
                 p0.95:   310.272 us/op
                 p0.99:   315.392 us/op
                 p0.999:  733.522 us/op
                 p0.9999: 942.080 us/op
                 p1.00:   942.080 us/op

Iteration   3: 298.549 ±(99.9%) 1.670 us/op
                 p0.00:   285.184 us/op
                 p0.50:   289.792 us/op
                 p0.90:   309.760 us/op
                 p0.95:   311.808 us/op
                 p0.99:   490.598 us/op
                 p0.999:  867.160 us/op
                 p0.9999: 961.536 us/op
                 p1.00:   961.536 us/op

Iteration   4: 298.092 ±(99.9%) 1.663 us/op
                 p0.00:   285.184 us/op
                 p0.50:   289.792 us/op
                 p0.90:   309.760 us/op
                 p0.95:   311.296 us/op
                 p0.99:   486.851 us/op
                 p0.999:  907.338 us/op
                 p0.9999: 982.016 us/op
                 p1.00:   982.016 us/op

Iteration   5: 296.936 ±(99.9%) 1.334 us/op
                 p0.00:   285.184 us/op
                 p0.50:   290.816 us/op
                 p0.90:   309.248 us/op
                 p0.95:   311.296 us/op
                 p0.99:   401.101 us/op
                 p0.999:  838.318 us/op
                 p0.9999: 957.440 us/op
                 p1.00:   957.440 us/op

Iteration   6: 296.893 ±(99.9%) 1.518 us/op
                 p0.00:   285.184 us/op
                 p0.50:   289.792 us/op
                 p0.90:   308.736 us/op
                 p0.95:   310.784 us/op
                 p0.99:   442.921 us/op
                 p0.999:  872.321 us/op
                 p0.9999: 972.800 us/op
                 p1.00:   972.800 us/op

Iteration   7: 297.255 ±(99.9%) 1.442 us/op
                 p0.00:   285.184 us/op
                 p0.50:   289.792 us/op
                 p0.90:   309.248 us/op
                 p0.95:   311.296 us/op
                 p0.99:   449.782 us/op
                 p0.999:  839.305 us/op
                 p0.9999: 1015.808 us/op
                 p1.00:   1015.808 us/op

Iteration   8: 296.490 ±(99.9%) 1.325 us/op
                 p0.00:   285.184 us/op
                 p0.50:   289.792 us/op
                 p0.90:   309.248 us/op
                 p0.95:   311.296 us/op
                 p0.99:   399.360 us/op
                 p0.999:  834.068 us/op
                 p0.9999: 992.256 us/op
                 p1.00:   992.256 us/op

Iteration   9: 296.952 ±(99.9%) 1.344 us/op
                 p0.00:   285.184 us/op
                 p0.50:   290.304 us/op
                 p0.90:   309.760 us/op
                 p0.95:   311.296 us/op
                 p0.99:   409.856 us/op
                 p0.999:  807.588 us/op
                 p0.9999: 967.680 us/op
                 p1.00:   967.680 us/op

Iteration  10: 298.785 ±(99.9%) 1.673 us/op
                 p0.00:   285.184 us/op
                 p0.50:   290.304 us/op
                 p0.90:   309.760 us/op
                 p0.95:   311.808 us/op
                 p0.99:   481.848 us/op
                 p0.999:  885.030 us/op
                 p0.9999: 990.208 us/op
                 p1.00:   990.208 us/op


# Run progress: 66.67% complete, ETA 00:02:01
# Fork: 3 of 3
# Warmup Iteration   1: 297.732 ±(99.9%) 1.374 us/op
# Warmup Iteration   2: 295.874 ±(99.9%) 1.515 us/op
# Warmup Iteration   3: 301.391 ±(99.9%) 1.899 us/op
# Warmup Iteration   4: 298.054 ±(99.9%) 1.398 us/op
# Warmup Iteration   5: 297.615 ±(99.9%) 1.374 us/op
Iteration   1: 297.277 ±(99.9%) 1.375 us/op
                 p0.00:   285.696 us/op
                 p0.50:   290.816 us/op
                 p0.90:   309.760 us/op
                 p0.95:   311.296 us/op
                 p0.99:   418.662 us/op
                 p0.999:  813.042 us/op
                 p0.9999: 985.088 us/op
                 p1.00:   985.088 us/op

Iteration   2: 301.264 ±(99.9%) 1.940 us/op
                 p0.00:   285.696 us/op
                 p0.50:   290.816 us/op
                 p0.90:   310.784 us/op
                 p0.95:   313.344 us/op
                 p0.99:   542.720 us/op
                 p0.999:  871.424 us/op
                 p0.9999: 963.584 us/op
                 p1.00:   963.584 us/op

Iteration   3: 295.870 ±(99.9%) 1.066 us/op
                 p0.00:   286.208 us/op
                 p0.50:   290.816 us/op
                 p0.90:   309.760 us/op
                 p0.95:   311.808 us/op
                 p0.99:   321.766 us/op
                 p0.999:  805.576 us/op
                 p0.9999: 999.424 us/op
                 p1.00:   999.424 us/op

Iteration   4: 296.264 ±(99.9%) 1.023 us/op
                 p0.00:   286.208 us/op
                 p0.50:   290.816 us/op
                 p0.90:   310.272 us/op
                 p0.95:   311.808 us/op
                 p0.99:   320.794 us/op
                 p0.999:  739.149 us/op
                 p0.9999: 964.608 us/op
                 p1.00:   964.608 us/op

Iteration   5: 297.644 ±(99.9%) 1.379 us/op
                 p0.00:   286.208 us/op
                 p0.50:   290.816 us/op
                 p0.90:   310.784 us/op
                 p0.95:   311.808 us/op
                 p0.99:   415.898 us/op
                 p0.999:  846.565 us/op
                 p0.9999: 965.632 us/op
                 p1.00:   965.632 us/op

Iteration   6: 297.322 ±(99.9%) 1.395 us/op
                 p0.00:   285.696 us/op
                 p0.50:   290.816 us/op
                 p0.90:   309.760 us/op
                 p0.95:   311.296 us/op
                 p0.99:   411.668 us/op
                 p0.999:  862.892 us/op
                 p0.9999: 968.704 us/op
                 p1.00:   968.704 us/op

Iteration   7: 297.356 ±(99.9%) 1.393 us/op
                 p0.00:   285.696 us/op
                 p0.50:   290.304 us/op
                 p0.90:   310.272 us/op
                 p0.95:   311.808 us/op
                 p0.99:   417.577 us/op
                 p0.999:  834.916 us/op
                 p0.9999: 966.656 us/op
                 p1.00:   966.656 us/op

Iteration   8: 299.482 ±(99.9%) 1.655 us/op
                 p0.00:   286.208 us/op
                 p0.50:   290.816 us/op
                 p0.90:   310.784 us/op
                 p0.95:   312.832 us/op
                 p0.99:   486.231 us/op
                 p0.999:  872.016 us/op
                 p0.9999: 1008.640 us/op
                 p1.00:   1008.640 us/op

Iteration   9: 299.232 ±(99.9%) 1.645 us/op
                 p0.00:   286.208 us/op
                 p0.50:   291.072 us/op
                 p0.90:   310.784 us/op
                 p0.95:   312.320 us/op
                 p0.99:   480.389 us/op
                 p0.999:  870.324 us/op
                 p0.9999: 991.232 us/op
                 p1.00:   991.232 us/op

Iteration  10: 298.343 ±(99.9%) 1.384 us/op
                 p0.00:   286.208 us/op
                 p0.50:   291.840 us/op
                 p0.90:   310.784 us/op
                 p0.95:   312.320 us/op
                 p0.99:   420.895 us/op
                 p0.999:  832.731 us/op
                 p0.9999: 963.584 us/op
                 p1.00:   963.584 us/op



Result "dev.yll.simdjsonjni.bench.LatencyBenchmark.checksumBatch":
  N = 201473
  mean =    297.540 ±(99.9%) 0.262 us/op

  Histogram, us/op:
    [ 200.000,  250.000) = 0 
    [ 250.000,  300.000) = 160639 
    [ 300.000,  350.000) = 37598 
    [ 350.000,  400.000) = 850 
    [ 400.000,  450.000) = 545 
    [ 450.000,  500.000) = 449 
    [ 500.000,  550.000) = 354 
    [ 550.000,  600.000) = 207 
    [ 600.000,  650.000) = 193 
    [ 650.000,  700.000) = 151 
    [ 700.000,  750.000) = 116 
    [ 750.000,  800.000) = 130 
    [ 800.000,  850.000) = 58 
    [ 850.000,  900.000) = 84 
    [ 900.000,  950.000) = 47 
    [ 950.000, 1000.000) = 48 
    [1000.000, 1050.000) = 4 

  Percentiles, us/op:
      p(0.0000) =    285.184 us/op
     p(50.0000) =    290.304 us/op
     p(90.0000) =    309.760 us/op
     p(95.0000) =    311.808 us/op
     p(99.0000) =    433.152 us/op
     p(99.9000) =    833.051 us/op
     p(99.9900) =    969.577 us/op
     p(99.9990) =   1010.658 us/op
     p(99.9999) =   1015.808 us/op
    p(100.0000) =   1015.808 us/op


# JMH version: 1.37
# VM version: JDK 21.0.12.1, OpenJDK 64-Bit Server VM, 21.0.12.1+1-LTS
# VM invoker: /tmp/toolchain-152522/jdk21/bin/java
# VM options: -Dsimdjson.jni.library=/tmp/simdjson-jni-152522/build/libsimdjson_jni.so -Dsimdjson.data.dir=/tmp/simdjson-jni-152522/data -Xms2g -Xmx2g -XX:+UseG1GC
# Blackhole mode: compiler (auto-detected, use -Djmh.blackhole.autoDetect=false to disable)
# Warmup: 5 iterations, 2 s each
# Measurement: 10 iterations, 2 s each
# Timeout: 10 min per iteration
# Threads: 1 thread, will synchronize iterations
# Benchmark mode: Sampling time
# Benchmark: dev.yll.simdjsonjni.bench.LatencyBenchmark.checksumBatch
# Parameters: (engine = simdjson-jni-direct)

# Run progress: 75.00% complete, ETA 00:01:31
# Fork: 1 of 3
# Warmup Iteration   1: 287.242 ±(99.9%) 0.963 us/op
# Warmup Iteration   2: 287.863 ±(99.9%) 1.358 us/op
# Warmup Iteration   3: 286.304 ±(99.9%) 0.972 us/op
# Warmup Iteration   4: 291.563 ±(99.9%) 1.782 us/op
# Warmup Iteration   5: 284.603 ±(99.9%) 0.292 us/op
Iteration   1: 286.729 ±(99.9%) 0.987 us/op
                 p0.00:   276.992 us/op
                 p0.50:   281.600 us/op
                 p0.90:   299.520 us/op
                 p0.95:   301.568 us/op
                 p0.99:   309.914 us/op
                 p0.999:  703.969 us/op
                 p0.9999: 959.488 us/op
                 p1.00:   959.488 us/op

Iteration   2: 286.783 ±(99.9%) 0.937 us/op
                 p0.00:   276.992 us/op
                 p0.50:   282.112 us/op
                 p0.90:   300.032 us/op
                 p0.95:   302.080 us/op
                 p0.99:   310.436 us/op
                 p0.999:  697.442 us/op
                 p0.9999: 933.888 us/op
                 p1.00:   933.888 us/op

Iteration   3: 285.093 ±(99.9%) 0.293 us/op
                 p0.00:   276.992 us/op
                 p0.50:   282.112 us/op
                 p0.90:   299.520 us/op
                 p0.95:   301.568 us/op
                 p0.99:   305.152 us/op
                 p0.999:  309.243 us/op
                 p0.9999: 335.872 us/op
                 p1.00:   335.872 us/op

Iteration   4: 286.175 ±(99.9%) 0.892 us/op
                 p0.00:   276.992 us/op
                 p0.50:   281.600 us/op
                 p0.90:   299.520 us/op
                 p0.95:   301.568 us/op
                 p0.99:   309.248 us/op
                 p0.999:  653.071 us/op
                 p0.9999: 941.056 us/op
                 p1.00:   941.056 us/op

Iteration   5: 288.057 ±(99.9%) 1.277 us/op
                 p0.00:   276.992 us/op
                 p0.50:   282.112 us/op
                 p0.90:   300.032 us/op
                 p0.95:   302.080 us/op
                 p0.99:   395.069 us/op
                 p0.999:  816.374 us/op
                 p0.9999: 993.280 us/op
                 p1.00:   993.280 us/op

Iteration   6: 288.631 ±(99.9%) 1.317 us/op
                 p0.00:   276.992 us/op
                 p0.50:   282.112 us/op
                 p0.90:   301.056 us/op
                 p0.95:   302.592 us/op
                 p0.99:   391.680 us/op
                 p0.999:  808.014 us/op
                 p0.9999: 951.296 us/op
                 p1.00:   951.296 us/op

Iteration   7: 284.975 ±(99.9%) 0.300 us/op
                 p0.00:   276.992 us/op
                 p0.50:   281.600 us/op
                 p0.90:   299.520 us/op
                 p0.95:   301.568 us/op
                 p0.99:   304.640 us/op
                 p0.999:  308.224 us/op
                 p0.9999: 313.856 us/op
                 p1.00:   313.856 us/op

Iteration   8: 286.319 ±(99.9%) 0.909 us/op
                 p0.00:   277.504 us/op
                 p0.50:   282.112 us/op
                 p0.90:   298.496 us/op
                 p0.95:   301.568 us/op
                 p0.99:   308.224 us/op
                 p0.999:  701.809 us/op
                 p0.9999: 926.720 us/op
                 p1.00:   926.720 us/op

Iteration   9: 289.913 ±(99.9%) 1.612 us/op
                 p0.00:   276.992 us/op
                 p0.50:   282.112 us/op
                 p0.90:   300.544 us/op
                 p0.95:   303.104 us/op
                 p0.99:   482.483 us/op
                 p0.999:  861.294 us/op
                 p0.9999: 966.656 us/op
                 p1.00:   966.656 us/op

Iteration  10: 284.722 ±(99.9%) 0.289 us/op
                 p0.00:   276.992 us/op
                 p0.50:   281.600 us/op
                 p0.90:   299.008 us/op
                 p0.95:   301.056 us/op
                 p0.99:   305.152 us/op
                 p0.999:  309.760 us/op
                 p0.9999: 313.344 us/op
                 p1.00:   313.344 us/op


# Run progress: 83.33% complete, ETA 00:01:00
# Fork: 2 of 3
# Warmup Iteration   1: 289.158 ±(99.9%) 1.548 us/op
# Warmup Iteration   2: 288.544 ±(99.9%) 1.356 us/op
# Warmup Iteration   3: 288.106 ±(99.9%) 1.338 us/op
# Warmup Iteration   4: 288.139 ±(99.9%) 1.320 us/op
# Warmup Iteration   5: 289.838 ±(99.9%) 1.601 us/op
Iteration   1: 287.621 ±(99.9%) 1.339 us/op
                 p0.00:   276.992 us/op
                 p0.50:   281.600 us/op
                 p0.90:   299.520 us/op
                 p0.95:   301.568 us/op
                 p0.99:   387.072 us/op
                 p0.999:  843.497 us/op
                 p0.9999: 972.800 us/op
                 p1.00:   972.800 us/op

Iteration   2: 284.566 ±(99.9%) 0.301 us/op
                 p0.00:   276.992 us/op
                 p0.50:   281.600 us/op
                 p0.90:   299.520 us/op
                 p0.95:   301.568 us/op
                 p0.99:   305.152 us/op
                 p0.999:  309.248 us/op
                 p0.9999: 314.880 us/op
                 p1.00:   314.880 us/op

Iteration   3: 290.174 ±(99.9%) 1.625 us/op
                 p0.00:   276.992 us/op
                 p0.50:   282.624 us/op
                 p0.90:   300.544 us/op
                 p0.95:   303.616 us/op
                 p0.99:   471.107 us/op
                 p0.999:  851.060 us/op
                 p0.9999: 923.648 us/op
                 p1.00:   923.648 us/op

Iteration   4: 289.472 ±(99.9%) 1.597 us/op
                 p0.00:   276.992 us/op
                 p0.50:   281.600 us/op
                 p0.90:   300.544 us/op
                 p0.95:   302.592 us/op
                 p0.99:   469.914 us/op
                 p0.999:  821.264 us/op
                 p0.9999: 982.016 us/op
                 p1.00:   982.016 us/op

Iteration   5: 287.498 ±(99.9%) 1.265 us/op
                 p0.00:   276.992 us/op
                 p0.50:   281.600 us/op
                 p0.90:   299.520 us/op
                 p0.95:   301.568 us/op
                 p0.99:   394.409 us/op
                 p0.999:  820.375 us/op
                 p0.9999: 931.840 us/op
                 p1.00:   931.840 us/op

Iteration   6: 288.267 ±(99.9%) 1.364 us/op
                 p0.00:   276.992 us/op
                 p0.50:   281.600 us/op
                 p0.90:   300.032 us/op
                 p0.95:   302.080 us/op
                 p0.99:   402.785 us/op
                 p0.999:  838.044 us/op
                 p0.9999: 979.968 us/op
                 p1.00:   979.968 us/op

Iteration   7: 289.922 ±(99.9%) 1.600 us/op
                 p0.00:   276.992 us/op
                 p0.50:   282.112 us/op
                 p0.90:   300.032 us/op
                 p0.95:   303.104 us/op
                 p0.99:   471.552 us/op
                 p0.999:  849.039 us/op
                 p0.9999: 948.224 us/op
                 p1.00:   948.224 us/op

Iteration   8: 286.918 ±(99.9%) 0.907 us/op
                 p0.00:   276.992 us/op
                 p0.50:   282.624 us/op
                 p0.90:   300.544 us/op
                 p0.95:   302.592 us/op
                 p0.99:   309.248 us/op
                 p0.999:  698.583 us/op
                 p0.9999: 929.792 us/op
                 p1.00:   929.792 us/op

Iteration   9: 288.068 ±(99.9%) 1.313 us/op
                 p0.00:   276.992 us/op
                 p0.50:   282.112 us/op
                 p0.90:   300.544 us/op
                 p0.95:   302.592 us/op
                 p0.99:   399.165 us/op
                 p0.999:  820.787 us/op
                 p0.9999: 951.296 us/op
                 p1.00:   951.296 us/op

Iteration  10: 289.871 ±(99.9%) 1.600 us/op
                 p0.00:   276.992 us/op
                 p0.50:   282.112 us/op
                 p0.90:   301.056 us/op
                 p0.95:   303.104 us/op
                 p0.99:   492.698 us/op
                 p0.999:  845.451 us/op
                 p0.9999: 936.960 us/op
                 p1.00:   936.960 us/op


# Run progress: 91.67% complete, ETA 00:00:30
# Fork: 3 of 3
# Warmup Iteration   1: 288.330 ±(99.9%) 1.342 us/op
# Warmup Iteration   2: 288.005 ±(99.9%) 1.371 us/op
# Warmup Iteration   3: 287.350 ±(99.9%) 1.292 us/op
# Warmup Iteration   4: 284.531 ±(99.9%) 0.351 us/op
# Warmup Iteration   5: 290.495 ±(99.9%) 1.324 us/op
Iteration   1: 285.943 ±(99.9%) 0.963 us/op
                 p0.00:   276.992 us/op
                 p0.50:   281.600 us/op
                 p0.90:   298.496 us/op
                 p0.95:   301.056 us/op
                 p0.99:   310.272 us/op
                 p0.999:  746.519 us/op
                 p0.9999: 940.032 us/op
                 p1.00:   940.032 us/op

Iteration   2: 285.926 ±(99.9%) 0.940 us/op
                 p0.00:   276.992 us/op
                 p0.50:   281.600 us/op
                 p0.90:   299.008 us/op
                 p0.95:   301.568 us/op
                 p0.99:   308.736 us/op
                 p0.999:  697.378 us/op
                 p0.9999: 934.912 us/op
                 p1.00:   934.912 us/op

Iteration   3: 287.422 ±(99.9%) 1.294 us/op
                 p0.00:   276.992 us/op
                 p0.50:   281.600 us/op
                 p0.90:   299.008 us/op
                 p0.95:   301.568 us/op
                 p0.99:   388.096 us/op
                 p0.999:  828.753 us/op
                 p0.9999: 957.440 us/op
                 p1.00:   957.440 us/op

Iteration   4: 286.445 ±(99.9%) 0.918 us/op
                 p0.00:   276.992 us/op
                 p0.50:   282.112 us/op
                 p0.90:   300.032 us/op
                 p0.95:   302.080 us/op
                 p0.99:   309.248 us/op
                 p0.999:  674.475 us/op
                 p0.9999: 937.984 us/op
                 p1.00:   937.984 us/op

Iteration   5: 287.115 ±(99.9%) 0.891 us/op
                 p0.00:   277.504 us/op
                 p0.50:   283.136 us/op
                 p0.90:   300.544 us/op
                 p0.95:   302.592 us/op
                 p0.99:   312.320 us/op
                 p0.999:  667.197 us/op
                 p0.9999: 949.248 us/op
                 p1.00:   949.248 us/op

Iteration   6: 286.656 ±(99.9%) 0.954 us/op
                 p0.00:   276.992 us/op
                 p0.50:   282.624 us/op
                 p0.90:   300.032 us/op
                 p0.95:   302.080 us/op
                 p0.99:   309.391 us/op
                 p0.999:  700.797 us/op
                 p0.9999: 922.624 us/op
                 p1.00:   922.624 us/op

Iteration   7: 287.011 ±(99.9%) 0.909 us/op
                 p0.00:   276.992 us/op
                 p0.50:   283.136 us/op
                 p0.90:   300.032 us/op
                 p0.95:   302.080 us/op
                 p0.99:   311.296 us/op
                 p0.999:  661.882 us/op
                 p0.9999: 965.632 us/op
                 p1.00:   965.632 us/op

Iteration   8: 288.481 ±(99.9%) 1.290 us/op
                 p0.00:   276.992 us/op
                 p0.50:   282.624 us/op
                 p0.90:   300.544 us/op
                 p0.95:   302.592 us/op
                 p0.99:   390.241 us/op
                 p0.999:  817.122 us/op
                 p0.9999: 937.984 us/op
                 p1.00:   937.984 us/op

Iteration   9: 289.355 ±(99.9%) 1.279 us/op
                 p0.00:   277.504 us/op
                 p0.50:   283.648 us/op
                 p0.90:   301.056 us/op
                 p0.95:   303.616 us/op
                 p0.99:   404.122 us/op
                 p0.999:  798.148 us/op
                 p0.9999: 935.936 us/op
                 p1.00:   935.936 us/op

Iteration  10: 288.075 ±(99.9%) 1.325 us/op
                 p0.00:   276.992 us/op
                 p0.50:   282.624 us/op
                 p0.90:   299.008 us/op
                 p0.95:   302.080 us/op
                 p0.99:   389.786 us/op
                 p0.999:  834.318 us/op
                 p0.9999: 957.440 us/op
                 p1.00:   957.440 us/op



Result "dev.yll.simdjsonjni.bench.LatencyBenchmark.checksumBatch":
  N = 208577
  mean =    287.398 ±(99.9%) 0.210 us/op

  Histogram, us/op:
    [ 200.000,  250.000) = 0 
    [ 250.000,  300.000) = 187093 
    [ 300.000,  350.000) = 19340 
    [ 350.000,  400.000) = 568 
    [ 400.000,  450.000) = 399 
    [ 450.000,  500.000) = 281 
    [ 500.000,  550.000) = 195 
    [ 550.000,  600.000) = 171 
    [ 600.000,  650.000) = 129 
    [ 650.000,  700.000) = 88 
    [ 700.000,  750.000) = 81 
    [ 750.000,  800.000) = 67 
    [ 800.000,  850.000) = 69 
    [ 850.000,  900.000) = 42 
    [ 900.000,  950.000) = 42 

  Percentiles, us/op:
      p(0.0000) =    276.992 us/op
     p(50.0000) =    282.112 us/op
     p(90.0000) =    300.032 us/op
     p(95.0000) =    302.080 us/op
     p(99.0000) =    354.816 us/op
     p(99.9000) =    765.952 us/op
     p(99.9900) =    937.984 us/op
     p(99.9990) =    981.840 us/op
     p(99.9999) =    993.280 us/op
    p(100.0000) =    993.280 us/op


# Run complete. Total time: 00:06:05

REMEMBER: The numbers below are just data. To gain reusable insights, you need to follow up on
why the numbers are the way they are. Use profilers (see -prof, -lprof), design factorial
experiments, perform baseline and negative tests that provide experimental control, make sure
the benchmarking environment is safe on JVM/OS/HW level, ask for reviews from the domain experts.
Do not assume the numbers tell you what you want them to tell.

NOTE: Current JVM experimentally supports Compiler Blackholes, and they are in use. Please exercise
extra caution when trusting the results, look into the generated code to check the benchmark still
works, and factor in a small probability of new VM bugs. Additionally, while comparisons between
different JVMs are already problematic, the performance difference caused by different Blackhole
modes can be very significant. Please make sure you use the consistent Blackhole mode for comparisons.

Benchmark                                          (engine)    Mode     Cnt     Score   Error  Units
LatencyBenchmark.checksumBatch                 jackson-tree  sample   33395  1796.071 ± 3.740  us/op
LatencyBenchmark.checksumBatch:p0.00           jackson-tree  sample          1654.784          us/op
LatencyBenchmark.checksumBatch:p0.50           jackson-tree  sample          1787.904          us/op
LatencyBenchmark.checksumBatch:p0.90           jackson-tree  sample          1826.816          us/op
LatencyBenchmark.checksumBatch:p0.95           jackson-tree  sample          1837.056          us/op
LatencyBenchmark.checksumBatch:p0.99           jackson-tree  sample          2732.196          us/op
LatencyBenchmark.checksumBatch:p0.999          jackson-tree  sample          4658.004          us/op
LatencyBenchmark.checksumBatch:p0.9999         jackson-tree  sample          5329.902          us/op
LatencyBenchmark.checksumBatch:p1.00           jackson-tree  sample          5595.136          us/op
LatencyBenchmark.checksumBatch               jackson-stream  sample   43924  1365.317 ± 2.212  us/op
LatencyBenchmark.checksumBatch:p0.00         jackson-stream  sample          1316.864          us/op
LatencyBenchmark.checksumBatch:p0.50         jackson-stream  sample          1351.680          us/op
LatencyBenchmark.checksumBatch:p0.90         jackson-stream  sample          1376.256          us/op
LatencyBenchmark.checksumBatch:p0.95         jackson-stream  sample          1384.448          us/op
LatencyBenchmark.checksumBatch:p0.99         jackson-stream  sample          1664.000          us/op
LatencyBenchmark.checksumBatch:p0.999        jackson-stream  sample          3905.024          us/op
LatencyBenchmark.checksumBatch:p0.9999       jackson-stream  sample          4441.825          us/op
LatencyBenchmark.checksumBatch:p1.00         jackson-stream  sample          4743.168          us/op
LatencyBenchmark.checksumBatch            simdjson-jni-copy  sample  201473   297.540 ± 0.262  us/op
LatencyBenchmark.checksumBatch:p0.00      simdjson-jni-copy  sample           285.184          us/op
LatencyBenchmark.checksumBatch:p0.50      simdjson-jni-copy  sample           290.304          us/op
LatencyBenchmark.checksumBatch:p0.90      simdjson-jni-copy  sample           309.760          us/op
LatencyBenchmark.checksumBatch:p0.95      simdjson-jni-copy  sample           311.808          us/op
LatencyBenchmark.checksumBatch:p0.99      simdjson-jni-copy  sample           433.152          us/op
LatencyBenchmark.checksumBatch:p0.999     simdjson-jni-copy  sample           833.051          us/op
LatencyBenchmark.checksumBatch:p0.9999    simdjson-jni-copy  sample           969.577          us/op
LatencyBenchmark.checksumBatch:p1.00      simdjson-jni-copy  sample          1015.808          us/op
LatencyBenchmark.checksumBatch          simdjson-jni-direct  sample  208577   287.398 ± 0.210  us/op
LatencyBenchmark.checksumBatch:p0.00    simdjson-jni-direct  sample           276.992          us/op
LatencyBenchmark.checksumBatch:p0.50    simdjson-jni-direct  sample           282.112          us/op
LatencyBenchmark.checksumBatch:p0.90    simdjson-jni-direct  sample           300.032          us/op
LatencyBenchmark.checksumBatch:p0.95    simdjson-jni-direct  sample           302.080          us/op
LatencyBenchmark.checksumBatch:p0.99    simdjson-jni-direct  sample           354.816          us/op
LatencyBenchmark.checksumBatch:p0.999   simdjson-jni-direct  sample           765.952          us/op
LatencyBenchmark.checksumBatch:p0.9999  simdjson-jni-direct  sample           937.984          us/op
LatencyBenchmark.checksumBatch:p1.00    simdjson-jni-direct  sample           993.280          us/op

Benchmark result is saved to /tmp/simdjson-jni-152522/results/raw_latency.json
==> jmh jni_noop
# JMH version: 1.37
# VM version: JDK 21.0.12.1, OpenJDK 64-Bit Server VM, 21.0.12.1+1-LTS
# VM invoker: /tmp/toolchain-152522/jdk21/bin/java
# VM options: -Dsimdjson.jni.library=/tmp/simdjson-jni-152522/build/libsimdjson_jni.so -Dsimdjson.data.dir=/tmp/simdjson-jni-152522/data -Xms2g -Xmx2g -XX:+UseG1GC
# Blackhole mode: compiler (auto-detected, use -Djmh.blackhole.autoDetect=false to disable)
# Warmup: 5 iterations, 1 s each
# Measurement: 10 iterations, 1 s each
# Timeout: 10 min per iteration
# Threads: 1 thread, will synchronize iterations
# Benchmark mode: Average time, time/op
# Benchmark: dev.yll.simdjsonjni.bench.JniNoopBenchmark.baselineJavaCall

# Run progress: 0.00% complete, ETA 00:01:30
# Fork: 1 of 3
# Warmup Iteration   1: 0.337 ns/op
# Warmup Iteration   2: 0.344 ns/op
# Warmup Iteration   3: 0.343 ns/op
# Warmup Iteration   4: 0.335 ns/op
# Warmup Iteration   5: 0.335 ns/op
Iteration   1: 0.340 ns/op
Iteration   2: 0.335 ns/op
Iteration   3: 0.343 ns/op
Iteration   4: 0.343 ns/op
Iteration   5: 0.335 ns/op
Iteration   6: 0.344 ns/op
Iteration   7: 0.343 ns/op
Iteration   8: 0.336 ns/op
Iteration   9: 0.335 ns/op
Iteration  10: 0.344 ns/op

# Run progress: 16.67% complete, ETA 00:01:16
# Fork: 2 of 3
# Warmup Iteration   1: 0.337 ns/op
# Warmup Iteration   2: 0.336 ns/op
# Warmup Iteration   3: 0.335 ns/op
# Warmup Iteration   4: 0.335 ns/op
# Warmup Iteration   5: 0.339 ns/op
Iteration   1: 0.335 ns/op
Iteration   2: 0.335 ns/op
Iteration   3: 0.335 ns/op
Iteration   4: 0.335 ns/op
Iteration   5: 0.335 ns/op
Iteration   6: 0.335 ns/op
Iteration   7: 0.335 ns/op
Iteration   8: 0.340 ns/op
Iteration   9: 0.338 ns/op
Iteration  10: 0.335 ns/op

# Run progress: 33.33% complete, ETA 00:01:01
# Fork: 3 of 3
# Warmup Iteration   1: 0.337 ns/op
# Warmup Iteration   2: 0.336 ns/op
# Warmup Iteration   3: 0.335 ns/op
# Warmup Iteration   4: 0.335 ns/op
# Warmup Iteration   5: 0.343 ns/op
Iteration   1: 0.339 ns/op
Iteration   2: 0.335 ns/op
Iteration   3: 0.339 ns/op
Iteration   4: 0.336 ns/op
Iteration   5: 0.338 ns/op
Iteration   6: 0.340 ns/op
Iteration   7: 0.335 ns/op
Iteration   8: 0.345 ns/op
Iteration   9: 0.337 ns/op
Iteration  10: 0.337 ns/op


Result "dev.yll.simdjsonjni.bench.JniNoopBenchmark.baselineJavaCall":
  0.338 ±(99.9%) 0.002 ns/op [Average]
  (min, avg, max) = (0.335, 0.338, 0.345), stdev = 0.003
  CI (99.9%): [0.336, 0.340] (assumes normal distribution)


# JMH version: 1.37
# VM version: JDK 21.0.12.1, OpenJDK 64-Bit Server VM, 21.0.12.1+1-LTS
# VM invoker: /tmp/toolchain-152522/jdk21/bin/java
# VM options: -Dsimdjson.jni.library=/tmp/simdjson-jni-152522/build/libsimdjson_jni.so -Dsimdjson.data.dir=/tmp/simdjson-jni-152522/data -Xms2g -Xmx2g -XX:+UseG1GC
# Blackhole mode: compiler (auto-detected, use -Djmh.blackhole.autoDetect=false to disable)
# Warmup: 5 iterations, 1 s each
# Measurement: 10 iterations, 1 s each
# Timeout: 10 min per iteration
# Threads: 1 thread, will synchronize iterations
# Benchmark mode: Average time, time/op
# Benchmark: dev.yll.simdjsonjni.bench.JniNoopBenchmark.noop

# Run progress: 50.00% complete, ETA 00:00:45
# Fork: 1 of 3
# Warmup Iteration   1: 10.588 ns/op
# Warmup Iteration   2: 10.387 ns/op
# Warmup Iteration   3: 10.288 ns/op
# Warmup Iteration   4: 10.046 ns/op
# Warmup Iteration   5: 10.297 ns/op
Iteration   1: 10.152 ns/op
Iteration   2: 10.192 ns/op
Iteration   3: 10.282 ns/op
Iteration   4: 10.178 ns/op
Iteration   5: 10.187 ns/op
Iteration   6: 10.278 ns/op
Iteration   7: 10.043 ns/op
Iteration   8: 10.168 ns/op
Iteration   9: 10.156 ns/op
Iteration  10: 10.294 ns/op

# Run progress: 66.67% complete, ETA 00:00:30
# Fork: 2 of 3
# Warmup Iteration   1: 10.579 ns/op
# Warmup Iteration   2: 10.381 ns/op
# Warmup Iteration   3: 10.045 ns/op
# Warmup Iteration   4: 10.041 ns/op
# Warmup Iteration   5: 10.040 ns/op
Iteration   1: 10.288 ns/op
Iteration   2: 10.040 ns/op
Iteration   3: 10.040 ns/op
Iteration   4: 10.162 ns/op
Iteration   5: 10.042 ns/op
Iteration   6: 10.040 ns/op
Iteration   7: 10.174 ns/op
Iteration   8: 10.190 ns/op
Iteration   9: 10.041 ns/op
Iteration  10: 10.040 ns/op

# Run progress: 83.33% complete, ETA 00:00:15
# Fork: 3 of 3
# Warmup Iteration   1: 10.571 ns/op
# Warmup Iteration   2: 10.646 ns/op
# Warmup Iteration   3: 10.078 ns/op
# Warmup Iteration   4: 10.113 ns/op
# Warmup Iteration   5: 10.257 ns/op
Iteration   1: 10.043 ns/op
Iteration   2: 10.280 ns/op
Iteration   3: 10.108 ns/op
Iteration   4: 10.220 ns/op
Iteration   5: 10.286 ns/op
Iteration   6: 10.040 ns/op
Iteration   7: 10.159 ns/op
Iteration   8: 10.040 ns/op
Iteration   9: 10.292 ns/op
Iteration  10: 10.119 ns/op


Result "dev.yll.simdjsonjni.bench.JniNoopBenchmark.noop":
  10.152 ±(99.9%) 0.064 ns/op [Average]
  (min, avg, max) = (10.040, 10.152, 10.294), stdev = 0.095
  CI (99.9%): [10.089, 10.216] (assumes normal distribution)


# Run complete. Total time: 00:01:31

REMEMBER: The numbers below are just data. To gain reusable insights, you need to follow up on
why the numbers are the way they are. Use profilers (see -prof, -lprof), design factorial
experiments, perform baseline and negative tests that provide experimental control, make sure
the benchmarking environment is safe on JVM/OS/HW level, ask for reviews from the domain experts.
Do not assume the numbers tell you what you want them to tell.

NOTE: Current JVM experimentally supports Compiler Blackholes, and they are in use. Please exercise
extra caution when trusting the results, look into the generated code to check the benchmark still
works, and factor in a small probability of new VM bugs. Additionally, while comparisons between
different JVMs are already problematic, the performance difference caused by different Blackhole
modes can be very significant. Please make sure you use the consistent Blackhole mode for comparisons.

Benchmark                          Mode  Cnt   Score   Error  Units
JniNoopBenchmark.baselineJavaCall  avgt   30   0.338 ± 0.002  ns/op
JniNoopBenchmark.noop              avgt   30  10.152 ± 0.064  ns/op

Benchmark result is saved to /tmp/simdjson-jni-152522/results/raw_jni_noop.json
==> jmh jni_transfer
# JMH version: 1.37
# VM version: JDK 21.0.12.1, OpenJDK 64-Bit Server VM, 21.0.12.1+1-LTS
# VM invoker: /tmp/toolchain-152522/jdk21/bin/java
# VM options: -Dsimdjson.jni.library=/tmp/simdjson-jni-152522/build/libsimdjson_jni.so -Dsimdjson.data.dir=/tmp/simdjson-jni-152522/data -Xms2g -Xmx2g -XX:+UseG1GC
# Blackhole mode: compiler (auto-detected, use -Djmh.blackhole.autoDetect=false to disable)
# Warmup: 5 iterations, 1 s each
# Measurement: 10 iterations, 1 s each
# Timeout: 10 min per iteration
# Threads: 1 thread, will synchronize iterations
# Benchmark mode: Average time, time/op
# Benchmark: dev.yll.simdjsonjni.bench.JniTransferBenchmark.touchArray
# Parameters: (bytes = 1024)

# Run progress: 0.00% complete, ETA 00:06:00
# Fork: 1 of 3
# Warmup Iteration   1: 89.460 ns/op
# Warmup Iteration   2: 105.090 ns/op
# Warmup Iteration   3: 100.839 ns/op
# Warmup Iteration   4: 99.742 ns/op
# Warmup Iteration   5: 99.629 ns/op
Iteration   1: 99.561 ns/op
Iteration   2: 98.466 ns/op
Iteration   3: 98.442 ns/op
Iteration   4: 98.347 ns/op
Iteration   5: 99.690 ns/op
Iteration   6: 100.870 ns/op
Iteration   7: 98.463 ns/op
Iteration   8: 100.892 ns/op
Iteration   9: 99.688 ns/op
Iteration  10: 98.446 ns/op

# Run progress: 4.17% complete, ETA 00:05:52
# Fork: 2 of 3
# Warmup Iteration   1: 87.363 ns/op
# Warmup Iteration   2: 107.729 ns/op
# Warmup Iteration   3: 98.451 ns/op
# Warmup Iteration   4: 98.469 ns/op
# Warmup Iteration   5: 100.820 ns/op
Iteration   1: 98.481 ns/op
Iteration   2: 99.694 ns/op
Iteration   3: 98.519 ns/op
Iteration   4: 100.844 ns/op
Iteration   5: 100.705 ns/op
Iteration   6: 98.476 ns/op
Iteration   7: 100.813 ns/op
Iteration   8: 99.588 ns/op
Iteration   9: 99.541 ns/op
Iteration  10: 100.891 ns/op

# Run progress: 8.33% complete, ETA 00:05:36
# Fork: 3 of 3
# Warmup Iteration   1: 89.312 ns/op
# Warmup Iteration   2: 105.165 ns/op
# Warmup Iteration   3: 100.844 ns/op
# Warmup Iteration   4: 99.695 ns/op
# Warmup Iteration   5: 99.757 ns/op
Iteration   1: 99.585 ns/op
Iteration   2: 99.725 ns/op
Iteration   3: 98.390 ns/op
Iteration   4: 100.893 ns/op
Iteration   5: 100.858 ns/op
Iteration   6: 98.407 ns/op
Iteration   7: 100.858 ns/op
Iteration   8: 99.624 ns/op
Iteration   9: 99.658 ns/op
Iteration  10: 99.695 ns/op


Result "dev.yll.simdjsonjni.bench.JniTransferBenchmark.touchArray":
  99.604 ±(99.9%) 0.650 ns/op [Average]
  (min, avg, max) = (98.347, 99.604, 100.893), stdev = 0.973
  CI (99.9%): [98.953, 100.254] (assumes normal distribution)


# JMH version: 1.37
# VM version: JDK 21.0.12.1, OpenJDK 64-Bit Server VM, 21.0.12.1+1-LTS
# VM invoker: /tmp/toolchain-152522/jdk21/bin/java
# VM options: -Dsimdjson.jni.library=/tmp/simdjson-jni-152522/build/libsimdjson_jni.so -Dsimdjson.data.dir=/tmp/simdjson-jni-152522/data -Xms2g -Xmx2g -XX:+UseG1GC
# Blackhole mode: compiler (auto-detected, use -Djmh.blackhole.autoDetect=false to disable)
# Warmup: 5 iterations, 1 s each
# Measurement: 10 iterations, 1 s each
# Timeout: 10 min per iteration
# Threads: 1 thread, will synchronize iterations
# Benchmark mode: Average time, time/op
# Benchmark: dev.yll.simdjsonjni.bench.JniTransferBenchmark.touchArray
# Parameters: (bytes = 65536)

# Run progress: 12.50% complete, ETA 00:05:21
# Fork: 1 of 3
# Warmup Iteration   1: 1709.462 ns/op
# Warmup Iteration   2: 1837.103 ns/op
# Warmup Iteration   3: 1774.737 ns/op
# Warmup Iteration   4: 1799.483 ns/op
# Warmup Iteration   5: 1808.343 ns/op
Iteration   1: 1766.140 ns/op
Iteration   2: 1806.789 ns/op
Iteration   3: 1766.947 ns/op
Iteration   4: 1809.307 ns/op
Iteration   5: 1766.649 ns/op
Iteration   6: 1809.834 ns/op
Iteration   7: 1810.651 ns/op
Iteration   8: 1765.863 ns/op
Iteration   9: 1809.422 ns/op
Iteration  10: 1766.020 ns/op

# Run progress: 16.67% complete, ETA 00:05:06
# Fork: 2 of 3
# Warmup Iteration   1: 1730.533 ns/op
# Warmup Iteration   2: 1813.251 ns/op
# Warmup Iteration   3: 1786.766 ns/op
# Warmup Iteration   4: 1801.192 ns/op
# Warmup Iteration   5: 1775.969 ns/op
Iteration   1: 1788.458 ns/op
Iteration   2: 1806.750 ns/op
Iteration   3: 1775.830 ns/op
Iteration   4: 1788.167 ns/op
Iteration   5: 1788.103 ns/op
Iteration   6: 1787.545 ns/op
Iteration   7: 1790.214 ns/op
Iteration   8: 1810.408 ns/op
Iteration   9: 1784.716 ns/op
Iteration  10: 1790.453 ns/op

# Run progress: 20.83% complete, ETA 00:04:51
# Fork: 3 of 3
# Warmup Iteration   1: 1760.256 ns/op
# Warmup Iteration   2: 1827.230 ns/op
# Warmup Iteration   3: 1775.426 ns/op
# Warmup Iteration   4: 1789.098 ns/op
# Warmup Iteration   5: 1789.784 ns/op
Iteration   1: 1810.809 ns/op
Iteration   2: 1782.107 ns/op
Iteration   3: 1792.864 ns/op
Iteration   4: 1804.575 ns/op
Iteration   5: 1772.059 ns/op
Iteration   6: 1806.919 ns/op
Iteration   7: 1771.690 ns/op
Iteration   8: 1808.762 ns/op
Iteration   9: 1789.083 ns/op
Iteration  10: 1787.650 ns/op


Result "dev.yll.simdjsonjni.bench.JniTransferBenchmark.touchArray":
  1790.493 ±(99.9%) 10.821 ns/op [Average]
  (min, avg, max) = (1765.863, 1790.493, 1810.809), stdev = 16.196
  CI (99.9%): [1779.672, 1801.314] (assumes normal distribution)


# JMH version: 1.37
# VM version: JDK 21.0.12.1, OpenJDK 64-Bit Server VM, 21.0.12.1+1-LTS
# VM invoker: /tmp/toolchain-152522/jdk21/bin/java
# VM options: -Dsimdjson.jni.library=/tmp/simdjson-jni-152522/build/libsimdjson_jni.so -Dsimdjson.data.dir=/tmp/simdjson-jni-152522/data -Xms2g -Xmx2g -XX:+UseG1GC
# Blackhole mode: compiler (auto-detected, use -Djmh.blackhole.autoDetect=false to disable)
# Warmup: 5 iterations, 1 s each
# Measurement: 10 iterations, 1 s each
# Timeout: 10 min per iteration
# Threads: 1 thread, will synchronize iterations
# Benchmark mode: Average time, time/op
# Benchmark: dev.yll.simdjsonjni.bench.JniTransferBenchmark.touchArray
# Parameters: (bytes = 1048576)

# Run progress: 25.00% complete, ETA 00:04:35
# Fork: 1 of 3
# Warmup Iteration   1: 34635.647 ns/op
# Warmup Iteration   2: 35008.731 ns/op
# Warmup Iteration   3: 33675.567 ns/op
# Warmup Iteration   4: 33423.176 ns/op
# Warmup Iteration   5: 33068.405 ns/op
Iteration   1: 33898.583 ns/op
Iteration   2: 33070.170 ns/op
Iteration   3: 33065.214 ns/op
Iteration   4: 33063.274 ns/op
Iteration   5: 33060.255 ns/op
Iteration   6: 33478.136 ns/op
Iteration   7: 33918.452 ns/op
Iteration   8: 33066.420 ns/op
Iteration   9: 33893.947 ns/op
Iteration  10: 33058.569 ns/op

# Run progress: 29.17% complete, ETA 00:04:20
# Fork: 2 of 3
# Warmup Iteration   1: 33782.775 ns/op
# Warmup Iteration   2: 34532.181 ns/op
# Warmup Iteration   3: 33069.203 ns/op
# Warmup Iteration   4: 33088.898 ns/op
# Warmup Iteration   5: 33675.757 ns/op
Iteration   1: 33296.327 ns/op
Iteration   2: 33753.916 ns/op
Iteration   3: 33298.804 ns/op
Iteration   4: 33277.931 ns/op
Iteration   5: 33708.653 ns/op
Iteration   6: 33278.699 ns/op
Iteration   7: 33285.458 ns/op
Iteration   8: 33293.153 ns/op
Iteration   9: 33290.643 ns/op
Iteration  10: 34115.057 ns/op

# Run progress: 33.33% complete, ETA 00:04:05
# Fork: 3 of 3
# Warmup Iteration   1: 35784.012 ns/op
# Warmup Iteration   2: 36650.206 ns/op
# Warmup Iteration   3: 36045.033 ns/op
# Warmup Iteration   4: 35345.889 ns/op
# Warmup Iteration   5: 36460.522 ns/op
Iteration   1: 35581.972 ns/op
Iteration   2: 36426.297 ns/op
Iteration   3: 35557.741 ns/op
Iteration   4: 35548.575 ns/op
Iteration   5: 36005.135 ns/op
Iteration   6: 35552.100 ns/op
Iteration   7: 36025.716 ns/op
Iteration   8: 36041.874 ns/op
Iteration   9: 35552.420 ns/op
Iteration  10: 35573.057 ns/op


Result "dev.yll.simdjsonjni.bench.JniTransferBenchmark.touchArray":
  34201.218 ±(99.9%) 792.897 ns/op [Average]
  (min, avg, max) = (33058.569, 34201.218, 36426.297), stdev = 1186.771
  CI (99.9%): [33408.321, 34994.115] (assumes normal distribution)


# JMH version: 1.37
# VM version: JDK 21.0.12.1, OpenJDK 64-Bit Server VM, 21.0.12.1+1-LTS
# VM invoker: /tmp/toolchain-152522/jdk21/bin/java
# VM options: -Dsimdjson.jni.library=/tmp/simdjson-jni-152522/build/libsimdjson_jni.so -Dsimdjson.data.dir=/tmp/simdjson-jni-152522/data -Xms2g -Xmx2g -XX:+UseG1GC
# Blackhole mode: compiler (auto-detected, use -Djmh.blackhole.autoDetect=false to disable)
# Warmup: 5 iterations, 1 s each
# Measurement: 10 iterations, 1 s each
# Timeout: 10 min per iteration
# Threads: 1 thread, will synchronize iterations
# Benchmark mode: Average time, time/op
# Benchmark: dev.yll.simdjsonjni.bench.JniTransferBenchmark.touchArray
# Parameters: (bytes = 8388608)

# Run progress: 37.50% complete, ETA 00:03:49
# Fork: 1 of 3
# Warmup Iteration   1: 611702.782 ns/op
# Warmup Iteration   2: 602806.221 ns/op
# Warmup Iteration   3: 601605.021 ns/op
# Warmup Iteration   4: 600305.641 ns/op
# Warmup Iteration   5: 599751.708 ns/op
Iteration   1: 599763.761 ns/op
Iteration   2: 599784.426 ns/op
Iteration   3: 606675.992 ns/op
Iteration   4: 600208.416 ns/op
Iteration   5: 612883.745 ns/op
Iteration   6: 613483.833 ns/op
Iteration   7: 599661.109 ns/op
Iteration   8: 613060.488 ns/op
Iteration   9: 606846.502 ns/op
Iteration  10: 605774.231 ns/op

# Run progress: 41.67% complete, ETA 00:03:34
# Fork: 2 of 3
# Warmup Iteration   1: 613925.919 ns/op
# Warmup Iteration   2: 613094.418 ns/op
# Warmup Iteration   3: 613880.904 ns/op
# Warmup Iteration   4: 618406.076 ns/op
# Warmup Iteration   5: 618301.315 ns/op
Iteration   1: 611513.688 ns/op
Iteration   2: 625753.671 ns/op
Iteration   3: 612107.445 ns/op
Iteration   4: 618216.479 ns/op
Iteration   5: 624545.834 ns/op
Iteration   6: 612584.675 ns/op
Iteration   7: 624714.335 ns/op
Iteration   8: 618483.617 ns/op
Iteration   9: 611496.336 ns/op
Iteration  10: 618249.759 ns/op

# Run progress: 45.83% complete, ETA 00:03:19
# Fork: 3 of 3
# Warmup Iteration   1: 610276.926 ns/op
# Warmup Iteration   2: 623194.313 ns/op
# Warmup Iteration   3: 616604.008 ns/op
# Warmup Iteration   4: 608376.172 ns/op
# Warmup Iteration   5: 607578.549 ns/op
Iteration   1: 607584.191 ns/op
Iteration   2: 614641.749 ns/op
Iteration   3: 615152.141 ns/op
Iteration   4: 613761.364 ns/op
Iteration   5: 614155.118 ns/op
Iteration   6: 607493.495 ns/op
Iteration   7: 613634.932 ns/op
Iteration   8: 621848.793 ns/op
Iteration   9: 607520.875 ns/op
Iteration  10: 613874.650 ns/op


Result "dev.yll.simdjsonjni.bench.JniTransferBenchmark.touchArray":
  612182.522 ±(99.9%) 4810.679 ns/op [Average]
  (min, avg, max) = (599661.109, 612182.522, 625753.671), stdev = 7200.398
  CI (99.9%): [607371.843, 616993.200] (assumes normal distribution)


# JMH version: 1.37
# VM version: JDK 21.0.12.1, OpenJDK 64-Bit Server VM, 21.0.12.1+1-LTS
# VM invoker: /tmp/toolchain-152522/jdk21/bin/java
# VM options: -Dsimdjson.jni.library=/tmp/simdjson-jni-152522/build/libsimdjson_jni.so -Dsimdjson.data.dir=/tmp/simdjson-jni-152522/data -Xms2g -Xmx2g -XX:+UseG1GC
# Blackhole mode: compiler (auto-detected, use -Djmh.blackhole.autoDetect=false to disable)
# Warmup: 5 iterations, 1 s each
# Measurement: 10 iterations, 1 s each
# Timeout: 10 min per iteration
# Threads: 1 thread, will synchronize iterations
# Benchmark mode: Average time, time/op
# Benchmark: dev.yll.simdjsonjni.bench.JniTransferBenchmark.touchDirect
# Parameters: (bytes = 1024)

# Run progress: 50.00% complete, ETA 00:03:03
# Fork: 1 of 3
# Warmup Iteration   1: 49.389 ns/op
# Warmup Iteration   2: 50.163 ns/op
# Warmup Iteration   3: 48.863 ns/op
# Warmup Iteration   4: 49.991 ns/op
# Warmup Iteration   5: 49.421 ns/op
Iteration   1: 49.460 ns/op
Iteration   2: 49.498 ns/op
Iteration   3: 48.862 ns/op
Iteration   4: 49.429 ns/op
Iteration   5: 48.859 ns/op
Iteration   6: 50.028 ns/op
Iteration   7: 49.451 ns/op
Iteration   8: 48.861 ns/op
Iteration   9: 49.430 ns/op
Iteration  10: 48.861 ns/op

# Run progress: 54.17% complete, ETA 00:02:48
# Fork: 2 of 3
# Warmup Iteration   1: 49.384 ns/op
# Warmup Iteration   2: 49.564 ns/op
# Warmup Iteration   3: 48.864 ns/op
# Warmup Iteration   4: 49.439 ns/op
# Warmup Iteration   5: 49.486 ns/op
Iteration   1: 49.427 ns/op
Iteration   2: 49.463 ns/op
Iteration   3: 48.863 ns/op
Iteration   4: 48.871 ns/op
Iteration   5: 48.869 ns/op
Iteration   6: 49.515 ns/op
Iteration   7: 48.863 ns/op
Iteration   8: 49.460 ns/op
Iteration   9: 49.402 ns/op
Iteration  10: 48.863 ns/op

# Run progress: 58.33% complete, ETA 00:02:33
# Fork: 3 of 3
# Warmup Iteration   1: 50.586 ns/op
# Warmup Iteration   2: 50.249 ns/op
# Warmup Iteration   3: 49.481 ns/op
# Warmup Iteration   4: 49.455 ns/op
# Warmup Iteration   5: 48.868 ns/op
Iteration   1: 50.065 ns/op
Iteration   2: 50.116 ns/op
Iteration   3: 48.862 ns/op
Iteration   4: 50.017 ns/op
Iteration   5: 48.864 ns/op
Iteration   6: 50.233 ns/op
Iteration   7: 48.872 ns/op
Iteration   8: 50.055 ns/op
Iteration   9: 50.091 ns/op
Iteration  10: 48.873 ns/op


Result "dev.yll.simdjsonjni.bench.JniTransferBenchmark.touchDirect":
  49.346 ±(99.9%) 0.328 ns/op [Average]
  (min, avg, max) = (48.859, 49.346, 50.233), stdev = 0.491
  CI (99.9%): [49.018, 49.674] (assumes normal distribution)


# JMH version: 1.37
# VM version: JDK 21.0.12.1, OpenJDK 64-Bit Server VM, 21.0.12.1+1-LTS
# VM invoker: /tmp/toolchain-152522/jdk21/bin/java
# VM options: -Dsimdjson.jni.library=/tmp/simdjson-jni-152522/build/libsimdjson_jni.so -Dsimdjson.data.dir=/tmp/simdjson-jni-152522/data -Xms2g -Xmx2g -XX:+UseG1GC
# Blackhole mode: compiler (auto-detected, use -Djmh.blackhole.autoDetect=false to disable)
# Warmup: 5 iterations, 1 s each
# Measurement: 10 iterations, 1 s each
# Timeout: 10 min per iteration
# Threads: 1 thread, will synchronize iterations
# Benchmark mode: Average time, time/op
# Benchmark: dev.yll.simdjsonjni.bench.JniTransferBenchmark.touchDirect
# Parameters: (bytes = 65536)

# Run progress: 62.50% complete, ETA 00:02:17
# Fork: 1 of 3
# Warmup Iteration   1: 50.021 ns/op
# Warmup Iteration   2: 50.157 ns/op
# Warmup Iteration   3: 48.872 ns/op
# Warmup Iteration   4: 49.463 ns/op
# Warmup Iteration   5: 48.863 ns/op
Iteration   1: 49.983 ns/op
Iteration   2: 50.146 ns/op
Iteration   3: 48.862 ns/op
Iteration   4: 50.053 ns/op
Iteration   5: 50.077 ns/op
Iteration   6: 48.872 ns/op
Iteration   7: 50.036 ns/op
Iteration   8: 48.863 ns/op
Iteration   9: 50.010 ns/op
Iteration  10: 50.063 ns/op

# Run progress: 66.67% complete, ETA 00:02:02
# Fork: 2 of 3
# Warmup Iteration   1: 49.981 ns/op
# Warmup Iteration   2: 50.185 ns/op
# Warmup Iteration   3: 50.053 ns/op
# Warmup Iteration   4: 48.877 ns/op
# Warmup Iteration   5: 50.089 ns/op
Iteration   1: 48.877 ns/op
Iteration   2: 50.030 ns/op
Iteration   3: 49.446 ns/op
Iteration   4: 49.447 ns/op
Iteration   5: 50.140 ns/op
Iteration   6: 48.864 ns/op
Iteration   7: 49.980 ns/op
Iteration   8: 48.863 ns/op
Iteration   9: 49.982 ns/op
Iteration  10: 49.478 ns/op

# Run progress: 70.83% complete, ETA 00:01:47
# Fork: 3 of 3
# Warmup Iteration   1: 49.392 ns/op
# Warmup Iteration   2: 50.820 ns/op
# Warmup Iteration   3: 50.111 ns/op
# Warmup Iteration   4: 48.862 ns/op
# Warmup Iteration   5: 50.077 ns/op
Iteration   1: 48.875 ns/op
Iteration   2: 50.063 ns/op
Iteration   3: 48.865 ns/op
Iteration   4: 49.500 ns/op
Iteration   5: 50.038 ns/op
Iteration   6: 48.864 ns/op
Iteration   7: 50.045 ns/op
Iteration   8: 49.456 ns/op
Iteration   9: 49.467 ns/op
Iteration  10: 49.463 ns/op


Result "dev.yll.simdjsonjni.bench.JniTransferBenchmark.touchDirect":
  49.557 ±(99.9%) 0.345 ns/op [Average]
  (min, avg, max) = (48.862, 49.557, 50.146), stdev = 0.516
  CI (99.9%): [49.212, 49.902] (assumes normal distribution)


# JMH version: 1.37
# VM version: JDK 21.0.12.1, OpenJDK 64-Bit Server VM, 21.0.12.1+1-LTS
# VM invoker: /tmp/toolchain-152522/jdk21/bin/java
# VM options: -Dsimdjson.jni.library=/tmp/simdjson-jni-152522/build/libsimdjson_jni.so -Dsimdjson.data.dir=/tmp/simdjson-jni-152522/data -Xms2g -Xmx2g -XX:+UseG1GC
# Blackhole mode: compiler (auto-detected, use -Djmh.blackhole.autoDetect=false to disable)
# Warmup: 5 iterations, 1 s each
# Measurement: 10 iterations, 1 s each
# Timeout: 10 min per iteration
# Threads: 1 thread, will synchronize iterations
# Benchmark mode: Average time, time/op
# Benchmark: dev.yll.simdjsonjni.bench.JniTransferBenchmark.touchDirect
# Parameters: (bytes = 1048576)

# Run progress: 75.00% complete, ETA 00:01:31
# Fork: 1 of 3
# Warmup Iteration   1: 49.377 ns/op
# Warmup Iteration   2: 50.685 ns/op
# Warmup Iteration   3: 48.890 ns/op
# Warmup Iteration   4: 48.866 ns/op
# Warmup Iteration   5: 50.084 ns/op
Iteration   1: 48.861 ns/op
Iteration   2: 49.425 ns/op
Iteration   3: 48.860 ns/op
Iteration   4: 50.063 ns/op
Iteration   5: 49.507 ns/op
Iteration   6: 49.439 ns/op
Iteration   7: 50.005 ns/op
Iteration   8: 48.866 ns/op
Iteration   9: 50.133 ns/op
Iteration  10: 49.463 ns/op

# Run progress: 79.17% complete, ETA 00:01:16
# Fork: 2 of 3
# Warmup Iteration   1: 49.381 ns/op
# Warmup Iteration   2: 49.564 ns/op
# Warmup Iteration   3: 48.880 ns/op
# Warmup Iteration   4: 49.416 ns/op
# Warmup Iteration   5: 49.979 ns/op
Iteration   1: 48.862 ns/op
Iteration   2: 49.393 ns/op
Iteration   3: 48.861 ns/op
Iteration   4: 50.027 ns/op
Iteration   5: 49.437 ns/op
Iteration   6: 49.478 ns/op
Iteration   7: 49.997 ns/op
Iteration   8: 48.860 ns/op
Iteration   9: 50.111 ns/op
Iteration  10: 49.401 ns/op

# Run progress: 83.33% complete, ETA 00:01:01
# Fork: 3 of 3
# Warmup Iteration   1: 49.388 ns/op
# Warmup Iteration   2: 49.572 ns/op
# Warmup Iteration   3: 48.890 ns/op
# Warmup Iteration   4: 48.868 ns/op
# Warmup Iteration   5: 48.862 ns/op
Iteration   1: 50.073 ns/op
Iteration   2: 48.879 ns/op
Iteration   3: 49.415 ns/op
Iteration   4: 50.055 ns/op
Iteration   5: 48.866 ns/op
Iteration   6: 49.440 ns/op
Iteration   7: 48.871 ns/op
Iteration   8: 49.992 ns/op
Iteration   9: 48.862 ns/op
Iteration  10: 50.032 ns/op


Result "dev.yll.simdjsonjni.bench.JniTransferBenchmark.touchDirect":
  49.451 ±(99.9%) 0.329 ns/op [Average]
  (min, avg, max) = (48.860, 49.451, 50.133), stdev = 0.493
  CI (99.9%): [49.122, 49.780] (assumes normal distribution)


# JMH version: 1.37
# VM version: JDK 21.0.12.1, OpenJDK 64-Bit Server VM, 21.0.12.1+1-LTS
# VM invoker: /tmp/toolchain-152522/jdk21/bin/java
# VM options: -Dsimdjson.jni.library=/tmp/simdjson-jni-152522/build/libsimdjson_jni.so -Dsimdjson.data.dir=/tmp/simdjson-jni-152522/data -Xms2g -Xmx2g -XX:+UseG1GC
# Blackhole mode: compiler (auto-detected, use -Djmh.blackhole.autoDetect=false to disable)
# Warmup: 5 iterations, 1 s each
# Measurement: 10 iterations, 1 s each
# Timeout: 10 min per iteration
# Threads: 1 thread, will synchronize iterations
# Benchmark mode: Average time, time/op
# Benchmark: dev.yll.simdjsonjni.bench.JniTransferBenchmark.touchDirect
# Parameters: (bytes = 8388608)

# Run progress: 87.50% complete, ETA 00:00:45
# Fork: 1 of 3
# Warmup Iteration   1: 49.989 ns/op
# Warmup Iteration   2: 50.006 ns/op
# Warmup Iteration   3: 48.993 ns/op
# Warmup Iteration   4: 49.414 ns/op
# Warmup Iteration   5: 48.861 ns/op
Iteration   1: 50.004 ns/op
Iteration   2: 48.878 ns/op
Iteration   3: 48.862 ns/op
Iteration   4: 49.443 ns/op
Iteration   5: 48.868 ns/op
Iteration   6: 49.978 ns/op
Iteration   7: 48.861 ns/op
Iteration   8: 48.861 ns/op
Iteration   9: 49.398 ns/op
Iteration  10: 48.915 ns/op

# Run progress: 91.67% complete, ETA 00:00:30
# Fork: 2 of 3
# Warmup Iteration   1: 50.524 ns/op
# Warmup Iteration   2: 50.131 ns/op
# Warmup Iteration   3: 49.439 ns/op
# Warmup Iteration   4: 50.012 ns/op
# Warmup Iteration   5: 48.859 ns/op
Iteration   1: 49.468 ns/op
Iteration   2: 48.874 ns/op
Iteration   3: 49.496 ns/op
Iteration   4: 49.444 ns/op
Iteration   5: 48.979 ns/op
Iteration   6: 50.091 ns/op
Iteration   7: 48.863 ns/op
Iteration   8: 49.992 ns/op
Iteration   9: 48.865 ns/op
Iteration  10: 50.056 ns/op

# Run progress: 95.83% complete, ETA 00:00:15
# Fork: 3 of 3
# Warmup Iteration   1: 50.552 ns/op
# Warmup Iteration   2: 49.564 ns/op
# Warmup Iteration   3: 50.237 ns/op
# Warmup Iteration   4: 50.016 ns/op
# Warmup Iteration   5: 48.862 ns/op
Iteration   1: 50.087 ns/op
Iteration   2: 48.873 ns/op
Iteration   3: 50.004 ns/op
Iteration   4: 48.864 ns/op
Iteration   5: 49.412 ns/op
Iteration   6: 50.002 ns/op
Iteration   7: 48.864 ns/op
Iteration   8: 50.038 ns/op
Iteration   9: 49.449 ns/op
Iteration  10: 49.423 ns/op


Result "dev.yll.simdjsonjni.bench.JniTransferBenchmark.touchDirect":
  49.374 ±(99.9%) 0.331 ns/op [Average]
  (min, avg, max) = (48.861, 49.374, 50.091), stdev = 0.495
  CI (99.9%): [49.043, 49.704] (assumes normal distribution)


# Run complete. Total time: 00:06:07

REMEMBER: The numbers below are just data. To gain reusable insights, you need to follow up on
why the numbers are the way they are. Use profilers (see -prof, -lprof), design factorial
experiments, perform baseline and negative tests that provide experimental control, make sure
the benchmarking environment is safe on JVM/OS/HW level, ask for reviews from the domain experts.
Do not assume the numbers tell you what you want them to tell.

NOTE: Current JVM experimentally supports Compiler Blackholes, and they are in use. Please exercise
extra caution when trusting the results, look into the generated code to check the benchmark still
works, and factor in a small probability of new VM bugs. Additionally, while comparisons between
different JVMs are already problematic, the performance difference caused by different Blackhole
modes can be very significant. Please make sure you use the consistent Blackhole mode for comparisons.

Benchmark                         (bytes)  Mode  Cnt       Score      Error  Units
JniTransferBenchmark.touchArray      1024  avgt   30      99.604 ±    0.650  ns/op
JniTransferBenchmark.touchArray     65536  avgt   30    1790.493 ±   10.821  ns/op
JniTransferBenchmark.touchArray   1048576  avgt   30   34201.218 ±  792.897  ns/op
JniTransferBenchmark.touchArray   8388608  avgt   30  612182.522 ± 4810.679  ns/op
JniTransferBenchmark.touchDirect     1024  avgt   30      49.346 ±    0.328  ns/op
JniTransferBenchmark.touchDirect    65536  avgt   30      49.557 ±    0.345  ns/op
JniTransferBenchmark.touchDirect  1048576  avgt   30      49.451 ±    0.329  ns/op
JniTransferBenchmark.touchDirect  8388608  avgt   30      49.374 ±    0.331  ns/op

Benchmark result is saved to /tmp/simdjson-jni-152522/results/raw_jni_transfer.json
==> jmh pipeline
# JMH version: 1.37
# VM version: JDK 21.0.12.1, OpenJDK 64-Bit Server VM, 21.0.12.1+1-LTS
# VM invoker: /tmp/toolchain-152522/jdk21/bin/java
# VM options: -Dsimdjson.jni.library=/tmp/simdjson-jni-152522/build/libsimdjson_jni.so -Dsimdjson.data.dir=/tmp/simdjson-jni-152522/data -Xms2g -Xmx2g -XX:+UseG1GC
# Blackhole mode: compiler (auto-detected, use -Djmh.blackhole.autoDetect=false to disable)
# Warmup: 5 iterations, 1 s each
# Measurement: 10 iterations, 1 s each
# Timeout: 10 min per iteration
# Threads: 1 thread, will synchronize iterations
# Benchmark mode: Average time, time/op
# Benchmark: dev.yll.simdjsonjni.bench.PipelineBenchmark.stageScan
# Parameters: (engine = jackson-tree)

# Run progress: 0.00% complete, ETA 00:06:45
# Fork: 1 of 3
# Warmup Iteration   1: 26421.222 us/op
# Warmup Iteration   2: 22073.032 us/op
# Warmup Iteration   3: 21927.950 us/op
# Warmup Iteration   4: 21471.905 us/op
# Warmup Iteration   5: 21934.805 us/op
Iteration   1: 21660.666 us/op
Iteration   2: 21804.222 us/op
Iteration   3: 21653.182 us/op
Iteration   4: 21703.940 us/op
Iteration   5: 21910.255 us/op
Iteration   6: 21374.777 us/op
Iteration   7: 21920.264 us/op
Iteration   8: 21377.237 us/op
Iteration   9: 21860.967 us/op
Iteration  10: 21863.585 us/op

# Run progress: 3.70% complete, ETA 00:06:47
# Fork: 2 of 3
# Warmup Iteration   1: 26796.383 us/op
# Warmup Iteration   2: 22418.042 us/op
# Warmup Iteration   3: 21757.731 us/op
# Warmup Iteration   4: 22231.304 us/op
# Warmup Iteration   5: 22349.804 us/op
Iteration   1: 21762.230 us/op
Iteration   2: 22390.107 us/op
Iteration   3: 21759.469 us/op
Iteration   4: 22270.226 us/op
Iteration   5: 21780.268 us/op
Iteration   6: 22283.981 us/op
Iteration   7: 21949.029 us/op
Iteration   8: 21974.335 us/op
Iteration   9: 22186.031 us/op
Iteration  10: 21935.183 us/op

# Run progress: 7.41% complete, ETA 00:06:30
# Fork: 3 of 3
# Warmup Iteration   1: 26165.919 us/op
# Warmup Iteration   2: 21833.692 us/op
# Warmup Iteration   3: 21227.145 us/op
# Warmup Iteration   4: 21510.362 us/op
# Warmup Iteration   5: 21759.696 us/op
Iteration   1: 21242.479 us/op
Iteration   2: 21575.957 us/op
Iteration   3: 21272.246 us/op
Iteration   4: 21289.954 us/op
Iteration   5: 21432.136 us/op
Iteration   6: 21231.449 us/op
Iteration   7: 21458.343 us/op
Iteration   8: 21192.779 us/op
Iteration   9: 21753.190 us/op
Iteration  10: 21429.852 us/op


Result "dev.yll.simdjsonjni.bench.PipelineBenchmark.stageScan":
  21709.944 ±(99.9%) 222.305 us/op [Average]
  (min, avg, max) = (21192.779, 21709.944, 22390.107), stdev = 332.736
  CI (99.9%): [21487.639, 21932.250] (assumes normal distribution)


# JMH version: 1.37
# VM version: JDK 21.0.12.1, OpenJDK 64-Bit Server VM, 21.0.12.1+1-LTS
# VM invoker: /tmp/toolchain-152522/jdk21/bin/java
# VM options: -Dsimdjson.jni.library=/tmp/simdjson-jni-152522/build/libsimdjson_jni.so -Dsimdjson.data.dir=/tmp/simdjson-jni-152522/data -Xms2g -Xmx2g -XX:+UseG1GC
# Blackhole mode: compiler (auto-detected, use -Djmh.blackhole.autoDetect=false to disable)
# Warmup: 5 iterations, 1 s each
# Measurement: 10 iterations, 1 s each
# Timeout: 10 min per iteration
# Threads: 1 thread, will synchronize iterations
# Benchmark mode: Average time, time/op
# Benchmark: dev.yll.simdjsonjni.bench.PipelineBenchmark.stageScan
# Parameters: (engine = jackson-stream)

# Run progress: 11.11% complete, ETA 00:06:15
# Fork: 1 of 3
# Warmup Iteration   1: 11055.422 us/op
# Warmup Iteration   2: 10963.814 us/op
# Warmup Iteration   3: 10856.160 us/op
# Warmup Iteration   4: 10867.875 us/op
# Warmup Iteration   5: 10816.999 us/op
Iteration   1: 10692.352 us/op
Iteration   2: 10815.618 us/op
Iteration   3: 10818.987 us/op
Iteration   4: 10711.641 us/op
Iteration   5: 10980.684 us/op
Iteration   6: 10687.346 us/op
Iteration   7: 10706.737 us/op
Iteration   8: 10687.993 us/op
Iteration   9: 10702.695 us/op
Iteration  10: 10941.673 us/op

# Run progress: 14.81% complete, ETA 00:05:58
# Fork: 2 of 3
# Warmup Iteration   1: 10930.734 us/op
# Warmup Iteration   2: 10771.689 us/op
# Warmup Iteration   3: 10650.652 us/op
# Warmup Iteration   4: 10763.014 us/op
# Warmup Iteration   5: 10744.551 us/op
Iteration   1: 10776.080 us/op
Iteration   2: 10764.169 us/op
Iteration   3: 10639.466 us/op
Iteration   4: 10749.737 us/op
Iteration   5: 10595.546 us/op
Iteration   6: 10737.306 us/op
Iteration   7: 10741.592 us/op
Iteration   8: 10607.516 us/op
Iteration   9: 10746.322 us/op
Iteration  10: 10752.050 us/op

# Run progress: 18.52% complete, ETA 00:05:42
# Fork: 3 of 3
# Warmup Iteration   1: 11647.385 us/op
# Warmup Iteration   2: 10884.434 us/op
# Warmup Iteration   3: 10651.691 us/op
# Warmup Iteration   4: 10898.376 us/op
# Warmup Iteration   5: 10771.915 us/op
Iteration   1: 10761.166 us/op
Iteration   2: 10887.277 us/op
Iteration   3: 10758.903 us/op
Iteration   4: 10748.307 us/op
Iteration   5: 10883.993 us/op
Iteration   6: 10619.732 us/op
Iteration   7: 10888.125 us/op
Iteration   8: 10621.419 us/op
Iteration   9: 10881.120 us/op
Iteration  10: 10899.995 us/op


Result "dev.yll.simdjsonjni.bench.PipelineBenchmark.stageScan":
  10760.185 ±(99.9%) 67.882 us/op [Average]
  (min, avg, max) = (10595.546, 10760.185, 10980.684), stdev = 101.602
  CI (99.9%): [10692.303, 10828.066] (assumes normal distribution)


# JMH version: 1.37
# VM version: JDK 21.0.12.1, OpenJDK 64-Bit Server VM, 21.0.12.1+1-LTS
# VM invoker: /tmp/toolchain-152522/jdk21/bin/java
# VM options: -Dsimdjson.jni.library=/tmp/simdjson-jni-152522/build/libsimdjson_jni.so -Dsimdjson.data.dir=/tmp/simdjson-jni-152522/data -Xms2g -Xmx2g -XX:+UseG1GC
# Blackhole mode: compiler (auto-detected, use -Djmh.blackhole.autoDetect=false to disable)
# Warmup: 5 iterations, 1 s each
# Measurement: 10 iterations, 1 s each
# Timeout: 10 min per iteration
# Threads: 1 thread, will synchronize iterations
# Benchmark mode: Average time, time/op
# Benchmark: dev.yll.simdjsonjni.bench.PipelineBenchmark.stageScan
# Parameters: (engine = simdjson-jni-direct)

# Run progress: 22.22% complete, ETA 00:05:26
# Fork: 1 of 3
# Warmup Iteration   1: 2053.352 us/op
# Warmup Iteration   2: 2057.219 us/op
# Warmup Iteration   3: 2050.566 us/op
# Warmup Iteration   4: 2024.829 us/op
# Warmup Iteration   5: 2024.625 us/op
Iteration   1: 2024.539 us/op
Iteration   2: 2032.473 us/op
Iteration   3: 2052.568 us/op
Iteration   4: 2051.298 us/op
Iteration   5: 2051.432 us/op
Iteration   6: 2051.377 us/op
Iteration   7: 2049.185 us/op
Iteration   8: 2072.591 us/op
Iteration   9: 2024.387 us/op
Iteration  10: 2071.213 us/op

# Run progress: 25.93% complete, ETA 00:05:10
# Fork: 2 of 3
# Warmup Iteration   1: 2078.365 us/op
# Warmup Iteration   2: 2072.099 us/op
# Warmup Iteration   3: 2033.827 us/op
# Warmup Iteration   4: 2079.015 us/op
# Warmup Iteration   5: 2025.572 us/op
Iteration   1: 2075.426 us/op
Iteration   2: 2083.046 us/op
Iteration   3: 2028.757 us/op
Iteration   4: 2077.642 us/op
Iteration   5: 2053.616 us/op
Iteration   6: 2025.658 us/op
Iteration   7: 2024.868 us/op
Iteration   8: 2053.415 us/op
Iteration   9: 2047.253 us/op
Iteration  10: 2048.313 us/op

# Run progress: 29.63% complete, ETA 00:04:54
# Fork: 3 of 3
# Warmup Iteration   1: 2027.541 us/op
# Warmup Iteration   2: 2026.922 us/op
# Warmup Iteration   3: 2053.156 us/op
# Warmup Iteration   4: 2025.513 us/op
# Warmup Iteration   5: 2045.636 us/op
Iteration   1: 2024.648 us/op
Iteration   2: 2027.825 us/op
Iteration   3: 2051.415 us/op
Iteration   4: 2049.448 us/op
Iteration   5: 2023.539 us/op
Iteration   6: 2075.406 us/op
Iteration   7: 2025.609 us/op
Iteration   8: 2051.590 us/op
Iteration   9: 2024.930 us/op
Iteration  10: 2024.730 us/op


Result "dev.yll.simdjsonjni.bench.PipelineBenchmark.stageScan":
  2045.940 ±(99.9%) 12.804 us/op [Average]
  (min, avg, max) = (2023.539, 2045.940, 2083.046), stdev = 19.164
  CI (99.9%): [2033.137, 2058.744] (assumes normal distribution)


# JMH version: 1.37
# VM version: JDK 21.0.12.1, OpenJDK 64-Bit Server VM, 21.0.12.1+1-LTS
# VM invoker: /tmp/toolchain-152522/jdk21/bin/java
# VM options: -Dsimdjson.jni.library=/tmp/simdjson-jni-152522/build/libsimdjson_jni.so -Dsimdjson.data.dir=/tmp/simdjson-jni-152522/data -Xms2g -Xmx2g -XX:+UseG1GC
# Blackhole mode: compiler (auto-detected, use -Djmh.blackhole.autoDetect=false to disable)
# Warmup: 5 iterations, 1 s each
# Measurement: 10 iterations, 1 s each
# Timeout: 10 min per iteration
# Threads: 1 thread, will synchronize iterations
# Benchmark mode: Average time, time/op
# Benchmark: dev.yll.simdjsonjni.bench.PipelineBenchmark.stageScanMap
# Parameters: (engine = jackson-tree)

# Run progress: 33.33% complete, ETA 00:04:39
# Fork: 1 of 3
# Warmup Iteration   1: 28309.452 us/op
# Warmup Iteration   2: 22111.402 us/op
# Warmup Iteration   3: 21820.216 us/op
# Warmup Iteration   4: 21872.126 us/op
# Warmup Iteration   5: 21843.497 us/op
Iteration   1: 22059.156 us/op
Iteration   2: 21925.465 us/op
Iteration   3: 22108.783 us/op
Iteration   4: 21837.342 us/op
Iteration   5: 21913.357 us/op
Iteration   6: 22345.819 us/op
Iteration   7: 21781.136 us/op
Iteration   8: 22059.888 us/op
Iteration   9: 21765.973 us/op
Iteration  10: 22031.744 us/op

# Run progress: 37.04% complete, ETA 00:04:23
# Fork: 2 of 3
# Warmup Iteration   1: 28030.999 us/op
# Warmup Iteration   2: 21767.623 us/op
# Warmup Iteration   3: 21837.888 us/op
# Warmup Iteration   4: 21616.989 us/op
# Warmup Iteration   5: 21815.039 us/op
Iteration   1: 21612.584 us/op
Iteration   2: 21948.592 us/op
Iteration   3: 21837.610 us/op
Iteration   4: 21601.262 us/op
Iteration   5: 22943.741 us/op
Iteration   6: 21518.598 us/op
Iteration   7: 21541.450 us/op
Iteration   8: 21792.345 us/op
Iteration   9: 21513.119 us/op
Iteration  10: 21546.645 us/op

# Run progress: 40.74% complete, ETA 00:04:08
# Fork: 3 of 3
# Warmup Iteration   1: 28160.926 us/op
# Warmup Iteration   2: 22272.819 us/op
# Warmup Iteration   3: 22248.834 us/op
# Warmup Iteration   4: 22250.587 us/op
# Warmup Iteration   5: 22043.775 us/op
Iteration   1: 21973.406 us/op
Iteration   2: 22099.821 us/op
Iteration   3: 22274.791 us/op
Iteration   4: 22282.307 us/op
Iteration   5: 22047.468 us/op
Iteration   6: 22501.508 us/op
Iteration   7: 21965.399 us/op
Iteration   8: 22234.780 us/op
Iteration   9: 22201.738 us/op
Iteration  10: 21925.051 us/op


Result "dev.yll.simdjsonjni.bench.PipelineBenchmark.stageScanMap":
  21973.029 ±(99.9%) 212.678 us/op [Average]
  (min, avg, max) = (21513.119, 21973.029, 22943.741), stdev = 318.327
  CI (99.9%): [21760.351, 22185.707] (assumes normal distribution)


# JMH version: 1.37
# VM version: JDK 21.0.12.1, OpenJDK 64-Bit Server VM, 21.0.12.1+1-LTS
# VM invoker: /tmp/toolchain-152522/jdk21/bin/java
# VM options: -Dsimdjson.jni.library=/tmp/simdjson-jni-152522/build/libsimdjson_jni.so -Dsimdjson.data.dir=/tmp/simdjson-jni-152522/data -Xms2g -Xmx2g -XX:+UseG1GC
# Blackhole mode: compiler (auto-detected, use -Djmh.blackhole.autoDetect=false to disable)
# Warmup: 5 iterations, 1 s each
# Measurement: 10 iterations, 1 s each
# Timeout: 10 min per iteration
# Threads: 1 thread, will synchronize iterations
# Benchmark mode: Average time, time/op
# Benchmark: dev.yll.simdjsonjni.bench.PipelineBenchmark.stageScanMap
# Parameters: (engine = jackson-stream)

# Run progress: 44.44% complete, ETA 00:03:53
# Fork: 1 of 3
# Warmup Iteration   1: 14523.488 us/op
# Warmup Iteration   2: 13034.543 us/op
# Warmup Iteration   3: 13037.125 us/op
# Warmup Iteration   4: 13189.950 us/op
# Warmup Iteration   5: 13039.347 us/op
Iteration   1: 13182.727 us/op
Iteration   2: 13168.658 us/op
Iteration   3: 13202.333 us/op
Iteration   4: 13351.754 us/op
Iteration   5: 12938.489 us/op
Iteration   6: 13104.698 us/op
Iteration   7: 12826.111 us/op
Iteration   8: 13136.481 us/op
Iteration   9: 12974.284 us/op
Iteration  10: 12972.315 us/op

# Run progress: 48.15% complete, ETA 00:03:37
# Fork: 2 of 3
# Warmup Iteration   1: 14104.951 us/op
# Warmup Iteration   2: 12722.221 us/op
# Warmup Iteration   3: 12875.166 us/op
# Warmup Iteration   4: 13029.004 us/op
# Warmup Iteration   5: 12848.761 us/op
Iteration   1: 12840.954 us/op
Iteration   2: 12999.916 us/op
Iteration   3: 12991.582 us/op
Iteration   4: 13139.055 us/op
Iteration   5: 12714.388 us/op
Iteration   6: 12802.644 us/op
Iteration   7: 12637.128 us/op
Iteration   8: 12792.466 us/op
Iteration   9: 12809.373 us/op
Iteration  10: 12781.387 us/op

# Run progress: 51.85% complete, ETA 00:03:21
# Fork: 3 of 3
# Warmup Iteration   1: 14364.776 us/op
# Warmup Iteration   2: 12758.606 us/op
# Warmup Iteration   3: 13049.117 us/op
# Warmup Iteration   4: 13081.768 us/op
# Warmup Iteration   5: 12923.362 us/op
Iteration   1: 12894.606 us/op
Iteration   2: 13078.021 us/op
Iteration   3: 12900.232 us/op
Iteration   4: 13038.897 us/op
Iteration   5: 12887.431 us/op
Iteration   6: 12891.220 us/op
Iteration   7: 12859.805 us/op
Iteration   8: 12850.049 us/op
Iteration   9: 12693.613 us/op
Iteration  10: 12969.100 us/op


Result "dev.yll.simdjsonjni.bench.PipelineBenchmark.stageScanMap":
  12947.657 ±(99.9%) 112.591 us/op [Average]
  (min, avg, max) = (12637.128, 12947.657, 13351.754), stdev = 168.522
  CI (99.9%): [12835.066, 13060.249] (assumes normal distribution)


# JMH version: 1.37
# VM version: JDK 21.0.12.1, OpenJDK 64-Bit Server VM, 21.0.12.1+1-LTS
# VM invoker: /tmp/toolchain-152522/jdk21/bin/java
# VM options: -Dsimdjson.jni.library=/tmp/simdjson-jni-152522/build/libsimdjson_jni.so -Dsimdjson.data.dir=/tmp/simdjson-jni-152522/data -Xms2g -Xmx2g -XX:+UseG1GC
# Blackhole mode: compiler (auto-detected, use -Djmh.blackhole.autoDetect=false to disable)
# Warmup: 5 iterations, 1 s each
# Measurement: 10 iterations, 1 s each
# Timeout: 10 min per iteration
# Threads: 1 thread, will synchronize iterations
# Benchmark mode: Average time, time/op
# Benchmark: dev.yll.simdjsonjni.bench.PipelineBenchmark.stageScanMap
# Parameters: (engine = simdjson-jni-direct)

# Run progress: 55.56% complete, ETA 00:03:06
# Fork: 1 of 3
# Warmup Iteration   1: 4812.328 us/op
# Warmup Iteration   2: 4535.904 us/op
# Warmup Iteration   3: 4699.426 us/op
# Warmup Iteration   4: 4581.882 us/op
# Warmup Iteration   5: 4579.826 us/op
Iteration   1: 4631.524 us/op
Iteration   2: 4632.364 us/op
Iteration   3: 4644.403 us/op
Iteration   4: 4607.087 us/op
Iteration   5: 4558.908 us/op
Iteration   6: 4502.822 us/op
Iteration   7: 4627.995 us/op
Iteration   8: 4555.039 us/op
Iteration   9: 4505.419 us/op
Iteration  10: 4577.242 us/op

# Run progress: 59.26% complete, ETA 00:02:50
# Fork: 2 of 3
# Warmup Iteration   1: 4686.916 us/op
# Warmup Iteration   2: 4641.301 us/op
# Warmup Iteration   3: 4639.597 us/op
# Warmup Iteration   4: 4579.652 us/op
# Warmup Iteration   5: 4684.420 us/op
Iteration   1: 4639.191 us/op
Iteration   2: 4629.981 us/op
Iteration   3: 4578.936 us/op
Iteration   4: 4645.520 us/op
Iteration   5: 4601.239 us/op
Iteration   6: 4499.020 us/op
Iteration   7: 4552.530 us/op
Iteration   8: 4599.711 us/op
Iteration   9: 4497.557 us/op
Iteration  10: 4608.893 us/op

# Run progress: 62.96% complete, ETA 00:02:35
# Fork: 3 of 3
# Warmup Iteration   1: 4687.764 us/op
# Warmup Iteration   2: 4529.710 us/op
# Warmup Iteration   3: 4582.770 us/op
# Warmup Iteration   4: 4578.509 us/op
# Warmup Iteration   5: 4689.757 us/op
Iteration   1: 4586.381 us/op
Iteration   2: 4576.397 us/op
Iteration   3: 4691.930 us/op
Iteration   4: 4538.839 us/op
Iteration   5: 4510.885 us/op
Iteration   6: 4503.852 us/op
Iteration   7: 4504.509 us/op
Iteration   8: 4616.323 us/op
Iteration   9: 4532.659 us/op
Iteration  10: 4562.958 us/op


Result "dev.yll.simdjsonjni.bench.PipelineBenchmark.stageScanMap":
  4577.337 ±(99.9%) 36.265 us/op [Average]
  (min, avg, max) = (4497.557, 4577.337, 4691.930), stdev = 54.280
  CI (99.9%): [4541.072, 4613.603] (assumes normal distribution)


# JMH version: 1.37
# VM version: JDK 21.0.12.1, OpenJDK 64-Bit Server VM, 21.0.12.1+1-LTS
# VM invoker: /tmp/toolchain-152522/jdk21/bin/java
# VM options: -Dsimdjson.jni.library=/tmp/simdjson-jni-152522/build/libsimdjson_jni.so -Dsimdjson.data.dir=/tmp/simdjson-jni-152522/data -Xms2g -Xmx2g -XX:+UseG1GC
# Blackhole mode: compiler (auto-detected, use -Djmh.blackhole.autoDetect=false to disable)
# Warmup: 5 iterations, 1 s each
# Measurement: 10 iterations, 1 s each
# Timeout: 10 min per iteration
# Threads: 1 thread, will synchronize iterations
# Benchmark mode: Average time, time/op
# Benchmark: dev.yll.simdjsonjni.bench.PipelineBenchmark.stageScanMapValidate
# Parameters: (engine = jackson-tree)

# Run progress: 66.67% complete, ETA 00:02:19
# Fork: 1 of 3
# Warmup Iteration   1: 29604.807 us/op
# Warmup Iteration   2: 22760.176 us/op
# Warmup Iteration   3: 22872.137 us/op
# Warmup Iteration   4: 22288.918 us/op
# Warmup Iteration   5: 22349.356 us/op
Iteration   1: 22797.177 us/op
Iteration   2: 22313.503 us/op
Iteration   3: 22901.309 us/op
Iteration   4: 22819.222 us/op
Iteration   5: 22249.160 us/op
Iteration   6: 22834.583 us/op
Iteration   7: 22252.028 us/op
Iteration   8: 22229.619 us/op
Iteration   9: 22275.818 us/op
Iteration  10: 22493.324 us/op

# Run progress: 70.37% complete, ETA 00:02:04
# Fork: 2 of 3
# Warmup Iteration   1: 29854.013 us/op
# Warmup Iteration   2: 24007.633 us/op
# Warmup Iteration   3: 23390.764 us/op
# Warmup Iteration   4: 23162.965 us/op
# Warmup Iteration   5: 23208.535 us/op
Iteration   1: 23689.488 us/op
Iteration   2: 23180.367 us/op
Iteration   3: 23162.240 us/op
Iteration   4: 23193.482 us/op
Iteration   5: 23123.604 us/op
Iteration   6: 23403.473 us/op
Iteration   7: 23169.076 us/op
Iteration   8: 23085.367 us/op
Iteration   9: 23100.950 us/op
Iteration  10: 23121.041 us/op

# Run progress: 74.07% complete, ETA 00:01:48
# Fork: 3 of 3
# Warmup Iteration   1: 28831.810 us/op
# Warmup Iteration   2: 22324.571 us/op
# Warmup Iteration   3: 21761.741 us/op
# Warmup Iteration   4: 21962.798 us/op
# Warmup Iteration   5: 21748.077 us/op
Iteration   1: 21937.621 us/op
Iteration   2: 22277.735 us/op
Iteration   3: 21946.970 us/op
Iteration   4: 21955.848 us/op
Iteration   5: 21673.722 us/op
Iteration   6: 21930.952 us/op
Iteration   7: 21654.594 us/op
Iteration   8: 22230.042 us/op
Iteration   9: 21848.717 us/op
Iteration  10: 21628.212 us/op


Result "dev.yll.simdjsonjni.bench.PipelineBenchmark.stageScanMapValidate":
  22549.308 ±(99.9%) 395.424 us/op [Average]
  (min, avg, max) = (21628.212, 22549.308, 23689.488), stdev = 591.852
  CI (99.9%): [22153.884, 22944.732] (assumes normal distribution)


# JMH version: 1.37
# VM version: JDK 21.0.12.1, OpenJDK 64-Bit Server VM, 21.0.12.1+1-LTS
# VM invoker: /tmp/toolchain-152522/jdk21/bin/java
# VM options: -Dsimdjson.jni.library=/tmp/simdjson-jni-152522/build/libsimdjson_jni.so -Dsimdjson.data.dir=/tmp/simdjson-jni-152522/data -Xms2g -Xmx2g -XX:+UseG1GC
# Blackhole mode: compiler (auto-detected, use -Djmh.blackhole.autoDetect=false to disable)
# Warmup: 5 iterations, 1 s each
# Measurement: 10 iterations, 1 s each
# Timeout: 10 min per iteration
# Threads: 1 thread, will synchronize iterations
# Benchmark mode: Average time, time/op
# Benchmark: dev.yll.simdjsonjni.bench.PipelineBenchmark.stageScanMapValidate
# Parameters: (engine = jackson-stream)

# Run progress: 77.78% complete, ETA 00:01:33
# Fork: 1 of 3
# Warmup Iteration   1: 14137.384 us/op
# Warmup Iteration   2: 13173.228 us/op
# Warmup Iteration   3: 12953.144 us/op
# Warmup Iteration   4: 13243.491 us/op
# Warmup Iteration   5: 13290.061 us/op
Iteration   1: 13131.746 us/op
Iteration   2: 13083.889 us/op
Iteration   3: 13261.417 us/op
Iteration   4: 13077.436 us/op
Iteration   5: 12835.482 us/op
Iteration   6: 13096.740 us/op
Iteration   7: 12892.329 us/op
Iteration   8: 12940.428 us/op
Iteration   9: 12916.868 us/op
Iteration  10: 12905.139 us/op

# Run progress: 81.48% complete, ETA 00:01:17
# Fork: 2 of 3
# Warmup Iteration   1: 14502.838 us/op
# Warmup Iteration   2: 13161.307 us/op
# Warmup Iteration   3: 13413.557 us/op
# Warmup Iteration   4: 13262.618 us/op
# Warmup Iteration   5: 13260.288 us/op
Iteration   1: 13092.542 us/op
Iteration   2: 13265.478 us/op
Iteration   3: 13247.892 us/op
Iteration   4: 13208.276 us/op
Iteration   5: 13200.896 us/op
Iteration   6: 13087.566 us/op
Iteration   7: 13240.893 us/op
Iteration   8: 13273.442 us/op
Iteration   9: 12938.624 us/op
Iteration  10: 13272.543 us/op

# Run progress: 85.19% complete, ETA 00:01:02
# Fork: 3 of 3
# Warmup Iteration   1: 14646.520 us/op
# Warmup Iteration   2: 12949.386 us/op
# Warmup Iteration   3: 13370.430 us/op
# Warmup Iteration   4: 13192.880 us/op
# Warmup Iteration   5: 13049.661 us/op
Iteration   1: 13207.449 us/op
Iteration   2: 13200.836 us/op
Iteration   3: 13188.282 us/op
Iteration   4: 13168.490 us/op
Iteration   5: 12939.721 us/op
Iteration   6: 13004.222 us/op
Iteration   7: 12852.009 us/op
Iteration   8: 13144.235 us/op
Iteration   9: 13003.883 us/op
Iteration  10: 12863.931 us/op


Result "dev.yll.simdjsonjni.bench.PipelineBenchmark.stageScanMapValidate":
  13084.756 ±(99.9%) 96.543 us/op [Average]
  (min, avg, max) = (12835.482, 13084.756, 13273.442), stdev = 144.501
  CI (99.9%): [12988.213, 13181.299] (assumes normal distribution)


# JMH version: 1.37
# VM version: JDK 21.0.12.1, OpenJDK 64-Bit Server VM, 21.0.12.1+1-LTS
# VM invoker: /tmp/toolchain-152522/jdk21/bin/java
# VM options: -Dsimdjson.jni.library=/tmp/simdjson-jni-152522/build/libsimdjson_jni.so -Dsimdjson.data.dir=/tmp/simdjson-jni-152522/data -Xms2g -Xmx2g -XX:+UseG1GC
# Blackhole mode: compiler (auto-detected, use -Djmh.blackhole.autoDetect=false to disable)
# Warmup: 5 iterations, 1 s each
# Measurement: 10 iterations, 1 s each
# Timeout: 10 min per iteration
# Threads: 1 thread, will synchronize iterations
# Benchmark mode: Average time, time/op
# Benchmark: dev.yll.simdjsonjni.bench.PipelineBenchmark.stageScanMapValidate
# Parameters: (engine = simdjson-jni-direct)

# Run progress: 88.89% complete, ETA 00:00:46
# Fork: 1 of 3
# Warmup Iteration   1: 4735.860 us/op
# Warmup Iteration   2: 4601.198 us/op
# Warmup Iteration   3: 4605.550 us/op
# Warmup Iteration   4: 4657.685 us/op
# Warmup Iteration   5: 4597.894 us/op
Iteration   1: 4655.129 us/op
Iteration   2: 4599.345 us/op
Iteration   3: 4597.303 us/op
Iteration   4: 4550.715 us/op
Iteration   5: 4511.324 us/op
Iteration   6: 4620.877 us/op
Iteration   7: 4564.740 us/op
Iteration   8: 4571.833 us/op
Iteration   9: 4577.769 us/op
Iteration  10: 4514.909 us/op

# Run progress: 92.59% complete, ETA 00:00:31
# Fork: 2 of 3
# Warmup Iteration   1: 4730.289 us/op
# Warmup Iteration   2: 4554.497 us/op
# Warmup Iteration   3: 4610.672 us/op
# Warmup Iteration   4: 4659.910 us/op
# Warmup Iteration   5: 4601.254 us/op
Iteration   1: 4697.798 us/op
Iteration   2: 4711.294 us/op
Iteration   3: 4606.486 us/op
Iteration   4: 4620.857 us/op
Iteration   5: 4574.021 us/op
Iteration   6: 4512.797 us/op
Iteration   7: 4628.162 us/op
Iteration   8: 4519.677 us/op
Iteration   9: 4622.962 us/op
Iteration  10: 4514.009 us/op

# Run progress: 96.30% complete, ETA 00:00:15
# Fork: 3 of 3
# Warmup Iteration   1: 4799.863 us/op
# Warmup Iteration   2: 4606.529 us/op
# Warmup Iteration   3: 4662.514 us/op
# Warmup Iteration   4: 4654.982 us/op
# Warmup Iteration   5: 4710.264 us/op
Iteration   1: 4600.530 us/op
Iteration   2: 4725.091 us/op
Iteration   3: 4648.316 us/op
Iteration   4: 4675.325 us/op
Iteration   5: 4567.638 us/op
Iteration   6: 4578.594 us/op
Iteration   7: 4520.639 us/op
Iteration   8: 4517.936 us/op
Iteration   9: 4584.002 us/op
Iteration  10: 4519.725 us/op


Result "dev.yll.simdjsonjni.bench.PipelineBenchmark.stageScanMapValidate":
  4590.327 ±(99.9%) 41.429 us/op [Average]
  (min, avg, max) = (4511.324, 4590.327, 4725.091), stdev = 62.009
  CI (99.9%): [4548.898, 4631.756] (assumes normal distribution)


# Run complete. Total time: 00:06:59

REMEMBER: The numbers below are just data. To gain reusable insights, you need to follow up on
why the numbers are the way they are. Use profilers (see -prof, -lprof), design factorial
experiments, perform baseline and negative tests that provide experimental control, make sure
the benchmarking environment is safe on JVM/OS/HW level, ask for reviews from the domain experts.
Do not assume the numbers tell you what you want them to tell.

NOTE: Current JVM experimentally supports Compiler Blackholes, and they are in use. Please exercise
extra caution when trusting the results, look into the generated code to check the benchmark still
works, and factor in a small probability of new VM bugs. Additionally, while comparisons between
different JVMs are already problematic, the performance difference caused by different Blackhole
modes can be very significant. Please make sure you use the consistent Blackhole mode for comparisons.

Benchmark                                          (engine)  Mode  Cnt      Score     Error  Units
PipelineBenchmark.stageScan                    jackson-tree  avgt   30  21709.944 ± 222.305  us/op
PipelineBenchmark.stageScan                  jackson-stream  avgt   30  10760.185 ±  67.882  us/op
PipelineBenchmark.stageScan             simdjson-jni-direct  avgt   30   2045.940 ±  12.804  us/op
PipelineBenchmark.stageScanMap                 jackson-tree  avgt   30  21973.029 ± 212.678  us/op
PipelineBenchmark.stageScanMap               jackson-stream  avgt   30  12947.657 ± 112.591  us/op
PipelineBenchmark.stageScanMap          simdjson-jni-direct  avgt   30   4577.337 ±  36.265  us/op
PipelineBenchmark.stageScanMapValidate         jackson-tree  avgt   30  22549.308 ± 395.424  us/op
PipelineBenchmark.stageScanMapValidate       jackson-stream  avgt   30  13084.756 ±  96.543  us/op
PipelineBenchmark.stageScanMapValidate  simdjson-jni-direct  avgt   30   4590.327 ±  41.429  us/op

Benchmark result is saved to /tmp/simdjson-jni-152522/results/raw_pipeline.json
==> jmh scaling_t1
# JMH version: 1.37
# VM version: JDK 21.0.12.1, OpenJDK 64-Bit Server VM, 21.0.12.1+1-LTS
# VM invoker: /tmp/toolchain-152522/jdk21/bin/java
# VM options: -Dsimdjson.jni.library=/tmp/simdjson-jni-152522/build/libsimdjson_jni.so -Dsimdjson.data.dir=/tmp/simdjson-jni-152522/data -Xms2g -Xmx2g -XX:+UseG1GC
# Blackhole mode: compiler (auto-detected, use -Djmh.blackhole.autoDetect=false to disable)
# Warmup: 5 iterations, 1 s each
# Measurement: 10 iterations, 1 s each
# Timeout: 10 min per iteration
# Threads: 1 thread, will synchronize iterations
# Benchmark mode: Throughput, ops/time
# Benchmark: dev.yll.simdjsonjni.bench.ScalingBenchmark.checksumBatch
# Parameters: (engine = jackson-tree)

# Run progress: 0.00% complete, ETA 00:03:00
# Fork: 1 of 3
# Warmup Iteration   1: 453.147 ops/s
# Warmup Iteration   2: 538.030 ops/s
# Warmup Iteration   3: 560.740 ops/s
# Warmup Iteration   4: 561.446 ops/s
# Warmup Iteration   5: 560.954 ops/s
Iteration   1: 560.732 ops/s
Iteration   2: 559.540 ops/s
Iteration   3: 552.421 ops/s
Iteration   4: 559.633 ops/s
Iteration   5: 553.066 ops/s
Iteration   6: 547.356 ops/s
Iteration   7: 560.530 ops/s
Iteration   8: 555.288 ops/s
Iteration   9: 561.033 ops/s
Iteration  10: 560.291 ops/s

# Run progress: 8.33% complete, ETA 00:02:50
# Fork: 2 of 3
# Warmup Iteration   1: 453.331 ops/s
# Warmup Iteration   2: 525.368 ops/s
# Warmup Iteration   3: 546.085 ops/s
# Warmup Iteration   4: 540.553 ops/s
# Warmup Iteration   5: 553.922 ops/s
Iteration   1: 541.245 ops/s
Iteration   2: 553.583 ops/s
Iteration   3: 546.909 ops/s
Iteration   4: 542.047 ops/s
Iteration   5: 553.933 ops/s
Iteration   6: 540.618 ops/s
Iteration   7: 548.261 ops/s
Iteration   8: 548.677 ops/s
Iteration   9: 548.458 ops/s
Iteration  10: 548.753 ops/s

# Run progress: 16.67% complete, ETA 00:02:34
# Fork: 3 of 3
# Warmup Iteration   1: 465.783 ops/s
# Warmup Iteration   2: 549.399 ops/s
# Warmup Iteration   3: 562.499 ops/s
# Warmup Iteration   4: 570.671 ops/s
# Warmup Iteration   5: 570.068 ops/s
Iteration   1: 570.437 ops/s
Iteration   2: 567.343 ops/s
Iteration   3: 563.624 ops/s
Iteration   4: 569.102 ops/s
Iteration   5: 570.224 ops/s
Iteration   6: 571.070 ops/s
Iteration   7: 570.910 ops/s
Iteration   8: 571.657 ops/s
Iteration   9: 571.753 ops/s
Iteration  10: 571.882 ops/s


Result "dev.yll.simdjsonjni.bench.ScalingBenchmark.checksumBatch":
  558.013 ±(99.9%) 6.814 ops/s [Average]
  (min, avg, max) = (540.618, 558.013, 571.882), stdev = 10.199
  CI (99.9%): [551.199, 564.826] (assumes normal distribution)


# JMH version: 1.37
# VM version: JDK 21.0.12.1, OpenJDK 64-Bit Server VM, 21.0.12.1+1-LTS
# VM invoker: /tmp/toolchain-152522/jdk21/bin/java
# VM options: -Dsimdjson.jni.library=/tmp/simdjson-jni-152522/build/libsimdjson_jni.so -Dsimdjson.data.dir=/tmp/simdjson-jni-152522/data -Xms2g -Xmx2g -XX:+UseG1GC
# Blackhole mode: compiler (auto-detected, use -Djmh.blackhole.autoDetect=false to disable)
# Warmup: 5 iterations, 1 s each
# Measurement: 10 iterations, 1 s each
# Timeout: 10 min per iteration
# Threads: 1 thread, will synchronize iterations
# Benchmark mode: Throughput, ops/time
# Benchmark: dev.yll.simdjsonjni.bench.ScalingBenchmark.checksumBatch
# Parameters: (engine = jackson-stream)

# Run progress: 25.00% complete, ETA 00:02:19
# Fork: 1 of 3
# Warmup Iteration   1: 666.973 ops/s
# Warmup Iteration   2: 711.125 ops/s
# Warmup Iteration   3: 701.162 ops/s
# Warmup Iteration   4: 730.049 ops/s
# Warmup Iteration   5: 738.706 ops/s
Iteration   1: 738.005 ops/s
Iteration   2: 731.781 ops/s
Iteration   3: 745.267 ops/s
Iteration   4: 730.144 ops/s
Iteration   5: 744.574 ops/s
Iteration   6: 744.069 ops/s
Iteration   7: 731.616 ops/s
Iteration   8: 729.163 ops/s
Iteration   9: 749.793 ops/s
Iteration  10: 730.791 ops/s

# Run progress: 33.33% complete, ETA 00:02:03
# Fork: 2 of 3
# Warmup Iteration   1: 660.576 ops/s
# Warmup Iteration   2: 705.028 ops/s
# Warmup Iteration   3: 697.394 ops/s
# Warmup Iteration   4: 746.694 ops/s
# Warmup Iteration   5: 733.117 ops/s
Iteration   1: 731.748 ops/s
Iteration   2: 749.815 ops/s
Iteration   3: 731.252 ops/s
Iteration   4: 742.651 ops/s
Iteration   5: 743.179 ops/s
Iteration   6: 740.427 ops/s
Iteration   7: 743.112 ops/s
Iteration   8: 740.461 ops/s
Iteration   9: 733.494 ops/s
Iteration  10: 741.856 ops/s

# Run progress: 41.67% complete, ETA 00:01:48
# Fork: 3 of 3
# Warmup Iteration   1: 672.641 ops/s
# Warmup Iteration   2: 705.720 ops/s
# Warmup Iteration   3: 705.022 ops/s
# Warmup Iteration   4: 742.188 ops/s
# Warmup Iteration   5: 742.126 ops/s
Iteration   1: 741.228 ops/s
Iteration   2: 753.184 ops/s
Iteration   3: 741.554 ops/s
Iteration   4: 744.417 ops/s
Iteration   5: 753.774 ops/s
Iteration   6: 742.787 ops/s
Iteration   7: 753.320 ops/s
Iteration   8: 750.987 ops/s
Iteration   9: 744.646 ops/s
Iteration  10: 735.786 ops/s


Result "dev.yll.simdjsonjni.bench.ScalingBenchmark.checksumBatch":
  741.163 ±(99.9%) 4.975 ops/s [Average]
  (min, avg, max) = (729.163, 741.163, 753.774), stdev = 7.446
  CI (99.9%): [736.188, 746.138] (assumes normal distribution)


# JMH version: 1.37
# VM version: JDK 21.0.12.1, OpenJDK 64-Bit Server VM, 21.0.12.1+1-LTS
# VM invoker: /tmp/toolchain-152522/jdk21/bin/java
# VM options: -Dsimdjson.jni.library=/tmp/simdjson-jni-152522/build/libsimdjson_jni.so -Dsimdjson.data.dir=/tmp/simdjson-jni-152522/data -Xms2g -Xmx2g -XX:+UseG1GC
# Blackhole mode: compiler (auto-detected, use -Djmh.blackhole.autoDetect=false to disable)
# Warmup: 5 iterations, 1 s each
# Measurement: 10 iterations, 1 s each
# Timeout: 10 min per iteration
# Threads: 1 thread, will synchronize iterations
# Benchmark mode: Throughput, ops/time
# Benchmark: dev.yll.simdjsonjni.bench.ScalingBenchmark.checksumBatch
# Parameters: (engine = simdjson-jni-copy)

# Run progress: 50.00% complete, ETA 00:01:32
# Fork: 1 of 3
# Warmup Iteration   1: 3344.518 ops/s
# Warmup Iteration   2: 3387.804 ops/s
# Warmup Iteration   3: 3389.423 ops/s
# Warmup Iteration   4: 3315.404 ops/s
# Warmup Iteration   5: 3386.500 ops/s
Iteration   1: 3305.662 ops/s
Iteration   2: 3388.578 ops/s
Iteration   3: 3344.686 ops/s
Iteration   4: 3389.978 ops/s
Iteration   5: 3350.234 ops/s
Iteration   6: 3359.850 ops/s
Iteration   7: 3389.045 ops/s
Iteration   8: 3307.995 ops/s
Iteration   9: 3395.129 ops/s
Iteration  10: 3393.648 ops/s

# Run progress: 58.33% complete, ETA 00:01:17
# Fork: 2 of 3
# Warmup Iteration   1: 3387.097 ops/s
# Warmup Iteration   2: 3415.929 ops/s
# Warmup Iteration   3: 3330.782 ops/s
# Warmup Iteration   4: 3420.609 ops/s
# Warmup Iteration   5: 3389.079 ops/s
Iteration   1: 3342.713 ops/s
Iteration   2: 3423.733 ops/s
Iteration   3: 3382.431 ops/s
Iteration   4: 3424.340 ops/s
Iteration   5: 3347.499 ops/s
Iteration   6: 3423.413 ops/s
Iteration   7: 3428.393 ops/s
Iteration   8: 3396.331 ops/s
Iteration   9: 3392.415 ops/s
Iteration  10: 3351.765 ops/s

# Run progress: 66.67% complete, ETA 00:01:01
# Fork: 3 of 3
# Warmup Iteration   1: 3361.433 ops/s
# Warmup Iteration   2: 3397.045 ops/s
# Warmup Iteration   3: 3311.817 ops/s
# Warmup Iteration   4: 3394.562 ops/s
# Warmup Iteration   5: 3395.733 ops/s
Iteration   1: 3364.500 ops/s
Iteration   2: 3402.682 ops/s
Iteration   3: 3315.918 ops/s
Iteration   4: 3407.973 ops/s
Iteration   5: 3320.866 ops/s
Iteration   6: 3353.597 ops/s
Iteration   7: 3368.963 ops/s
Iteration   8: 3361.875 ops/s
Iteration   9: 3326.872 ops/s
Iteration  10: 3402.555 ops/s


Result "dev.yll.simdjsonjni.bench.ScalingBenchmark.checksumBatch":
  3372.121 ±(99.9%) 24.010 ops/s [Average]
  (min, avg, max) = (3305.662, 3372.121, 3428.393), stdev = 35.937
  CI (99.9%): [3348.111, 3396.131] (assumes normal distribution)


# JMH version: 1.37
# VM version: JDK 21.0.12.1, OpenJDK 64-Bit Server VM, 21.0.12.1+1-LTS
# VM invoker: /tmp/toolchain-152522/jdk21/bin/java
# VM options: -Dsimdjson.jni.library=/tmp/simdjson-jni-152522/build/libsimdjson_jni.so -Dsimdjson.data.dir=/tmp/simdjson-jni-152522/data -Xms2g -Xmx2g -XX:+UseG1GC
# Blackhole mode: compiler (auto-detected, use -Djmh.blackhole.autoDetect=false to disable)
# Warmup: 5 iterations, 1 s each
# Measurement: 10 iterations, 1 s each
# Timeout: 10 min per iteration
# Threads: 1 thread, will synchronize iterations
# Benchmark mode: Throughput, ops/time
# Benchmark: dev.yll.simdjsonjni.bench.ScalingBenchmark.checksumBatch
# Parameters: (engine = simdjson-jni-direct)

# Run progress: 75.00% complete, ETA 00:00:46
# Fork: 1 of 3
# Warmup Iteration   1: 3512.008 ops/s
# Warmup Iteration   2: 3423.353 ops/s
# Warmup Iteration   3: 3501.181 ops/s
# Warmup Iteration   4: 3464.325 ops/s
# Warmup Iteration   5: 3427.607 ops/s
Iteration   1: 3512.397 ops/s
Iteration   2: 3425.130 ops/s
Iteration   3: 3507.649 ops/s
Iteration   4: 3433.498 ops/s
Iteration   5: 3473.415 ops/s
Iteration   6: 3469.564 ops/s
Iteration   7: 3475.907 ops/s
Iteration   8: 3403.818 ops/s
Iteration   9: 3429.912 ops/s
Iteration  10: 3473.264 ops/s

# Run progress: 83.33% complete, ETA 00:00:30
# Fork: 2 of 3
# Warmup Iteration   1: 3460.915 ops/s
# Warmup Iteration   2: 3457.555 ops/s
# Warmup Iteration   3: 3498.476 ops/s
# Warmup Iteration   4: 3419.073 ops/s
# Warmup Iteration   5: 3459.035 ops/s
Iteration   1: 3452.746 ops/s
Iteration   2: 3458.468 ops/s
Iteration   3: 3504.565 ops/s
Iteration   4: 3464.252 ops/s
Iteration   5: 3506.096 ops/s
Iteration   6: 3508.364 ops/s
Iteration   7: 3507.925 ops/s
Iteration   8: 3489.026 ops/s
Iteration   9: 3417.069 ops/s
Iteration  10: 3505.887 ops/s

# Run progress: 91.67% complete, ETA 00:00:15
# Fork: 3 of 3
# Warmup Iteration   1: 3508.637 ops/s
# Warmup Iteration   2: 3464.247 ops/s
# Warmup Iteration   3: 3496.016 ops/s
# Warmup Iteration   4: 3512.122 ops/s
# Warmup Iteration   5: 3512.386 ops/s
Iteration   1: 3506.889 ops/s
Iteration   2: 3503.349 ops/s
Iteration   3: 3500.803 ops/s
Iteration   4: 3506.615 ops/s
Iteration   5: 3505.518 ops/s
Iteration   6: 3504.389 ops/s
Iteration   7: 3505.062 ops/s
Iteration   8: 3510.324 ops/s
Iteration   9: 3470.832 ops/s
Iteration  10: 3507.110 ops/s


Result "dev.yll.simdjsonjni.bench.ScalingBenchmark.checksumBatch":
  3481.328 ±(99.9%) 21.674 ops/s [Average]
  (min, avg, max) = (3403.818, 3481.328, 3512.397), stdev = 32.440
  CI (99.9%): [3459.655, 3503.002] (assumes normal distribution)


# Run complete. Total time: 00:03:05

REMEMBER: The numbers below are just data. To gain reusable insights, you need to follow up on
why the numbers are the way they are. Use profilers (see -prof, -lprof), design factorial
experiments, perform baseline and negative tests that provide experimental control, make sure
the benchmarking environment is safe on JVM/OS/HW level, ask for reviews from the domain experts.
Do not assume the numbers tell you what you want them to tell.

NOTE: Current JVM experimentally supports Compiler Blackholes, and they are in use. Please exercise
extra caution when trusting the results, look into the generated code to check the benchmark still
works, and factor in a small probability of new VM bugs. Additionally, while comparisons between
different JVMs are already problematic, the performance difference caused by different Blackhole
modes can be very significant. Please make sure you use the consistent Blackhole mode for comparisons.

Benchmark                                  (engine)   Mode  Cnt     Score    Error  Units
ScalingBenchmark.checksumBatch         jackson-tree  thrpt   30   558.013 ±  6.814  ops/s
ScalingBenchmark.checksumBatch       jackson-stream  thrpt   30   741.163 ±  4.975  ops/s
ScalingBenchmark.checksumBatch    simdjson-jni-copy  thrpt   30  3372.121 ± 24.010  ops/s
ScalingBenchmark.checksumBatch  simdjson-jni-direct  thrpt   30  3481.328 ± 21.674  ops/s

Benchmark result is saved to /tmp/simdjson-jni-152522/results/raw_scaling_t1.json
==> jmh scaling_t2
# JMH version: 1.37
# VM version: JDK 21.0.12.1, OpenJDK 64-Bit Server VM, 21.0.12.1+1-LTS
# VM invoker: /tmp/toolchain-152522/jdk21/bin/java
# VM options: -Dsimdjson.jni.library=/tmp/simdjson-jni-152522/build/libsimdjson_jni.so -Dsimdjson.data.dir=/tmp/simdjson-jni-152522/data -Xms2g -Xmx2g -XX:+UseG1GC
# Blackhole mode: compiler (auto-detected, use -Djmh.blackhole.autoDetect=false to disable)
# Warmup: 5 iterations, 1 s each
# Measurement: 10 iterations, 1 s each
# Timeout: 10 min per iteration
# Threads: 2 threads, will synchronize iterations
# Benchmark mode: Throughput, ops/time
# Benchmark: dev.yll.simdjsonjni.bench.ScalingBenchmark.checksumBatch
# Parameters: (engine = jackson-tree)

# Run progress: 0.00% complete, ETA 00:03:00
# Fork: 1 of 3
# Warmup Iteration   1: 871.581 ops/s
# Warmup Iteration   2: 1141.718 ops/s
# Warmup Iteration   3: 1142.031 ops/s
# Warmup Iteration   4: 1127.916 ops/s
# Warmup Iteration   5: 1131.430 ops/s
Iteration   1: 1142.375 ops/s
Iteration   2: 1146.475 ops/s
Iteration   3: 1137.326 ops/s
Iteration   4: 1135.414 ops/s
Iteration   5: 1152.712 ops/s
Iteration   6: 1141.254 ops/s
Iteration   7: 1152.152 ops/s
Iteration   8: 1138.636 ops/s
Iteration   9: 1149.705 ops/s
Iteration  10: 1125.442 ops/s

# Run progress: 8.33% complete, ETA 00:02:50
# Fork: 2 of 3
# Warmup Iteration   1: 856.639 ops/s
# Warmup Iteration   2: 1143.324 ops/s
# Warmup Iteration   3: 1115.884 ops/s
# Warmup Iteration   4: 1123.310 ops/s
# Warmup Iteration   5: 1133.328 ops/s
Iteration   1: 1141.687 ops/s
Iteration   2: 1141.452 ops/s
Iteration   3: 1108.904 ops/s
Iteration   4: 1122.953 ops/s
Iteration   5: 1124.841 ops/s
Iteration   6: 1112.293 ops/s
Iteration   7: 1138.074 ops/s
Iteration   8: 1110.544 ops/s
Iteration   9: 1123.305 ops/s
Iteration  10: 1125.246 ops/s

# Run progress: 16.67% complete, ETA 00:02:35
# Fork: 3 of 3
# Warmup Iteration   1: 870.735 ops/s
# Warmup Iteration   2: 1126.540 ops/s
# Warmup Iteration   3: 1129.747 ops/s
# Warmup Iteration   4: 1141.604 ops/s
# Warmup Iteration   5: 1115.480 ops/s
Iteration   1: 1129.610 ops/s
Iteration   2: 1119.619 ops/s
Iteration   3: 1103.632 ops/s
Iteration   4: 1107.322 ops/s
Iteration   5: 1135.062 ops/s
Iteration   6: 1107.408 ops/s
Iteration   7: 1121.966 ops/s
Iteration   8: 1123.103 ops/s
Iteration   9: 1122.662 ops/s
Iteration  10: 1122.138 ops/s


Result "dev.yll.simdjsonjni.bench.ScalingBenchmark.checksumBatch":
  1128.777 ±(99.9%) 9.428 ops/s [Average]
  (min, avg, max) = (1103.632, 1128.777, 1152.712), stdev = 14.111
  CI (99.9%): [1119.349, 1138.205] (assumes normal distribution)


# JMH version: 1.37
# VM version: JDK 21.0.12.1, OpenJDK 64-Bit Server VM, 21.0.12.1+1-LTS
# VM invoker: /tmp/toolchain-152522/jdk21/bin/java
# VM options: -Dsimdjson.jni.library=/tmp/simdjson-jni-152522/build/libsimdjson_jni.so -Dsimdjson.data.dir=/tmp/simdjson-jni-152522/data -Xms2g -Xmx2g -XX:+UseG1GC
# Blackhole mode: compiler (auto-detected, use -Djmh.blackhole.autoDetect=false to disable)
# Warmup: 5 iterations, 1 s each
# Measurement: 10 iterations, 1 s each
# Timeout: 10 min per iteration
# Threads: 2 threads, will synchronize iterations
# Benchmark mode: Throughput, ops/time
# Benchmark: dev.yll.simdjsonjni.bench.ScalingBenchmark.checksumBatch
# Parameters: (engine = jackson-stream)

# Run progress: 25.00% complete, ETA 00:02:19
# Fork: 1 of 3
# Warmup Iteration   1: 1180.168 ops/s
# Warmup Iteration   2: 1423.732 ops/s
# Warmup Iteration   3: 1544.416 ops/s
# Warmup Iteration   4: 1512.862 ops/s
# Warmup Iteration   5: 1523.642 ops/s
Iteration   1: 1527.301 ops/s
Iteration   2: 1507.321 ops/s
Iteration   3: 1498.679 ops/s
Iteration   4: 1475.582 ops/s
Iteration   5: 1509.196 ops/s
Iteration   6: 1483.768 ops/s
Iteration   7: 1540.094 ops/s
Iteration   8: 1509.025 ops/s
Iteration   9: 1527.045 ops/s
Iteration  10: 1528.085 ops/s

# Run progress: 33.33% complete, ETA 00:02:04
# Fork: 2 of 3
# Warmup Iteration   1: 1185.671 ops/s
# Warmup Iteration   2: 1487.701 ops/s
# Warmup Iteration   3: 1533.180 ops/s
# Warmup Iteration   4: 1572.012 ops/s
# Warmup Iteration   5: 1544.018 ops/s
Iteration   1: 1577.982 ops/s
Iteration   2: 1528.696 ops/s
Iteration   3: 1553.885 ops/s
Iteration   4: 1559.214 ops/s
Iteration   5: 1542.396 ops/s
Iteration   6: 1578.324 ops/s
Iteration   7: 1546.324 ops/s
Iteration   8: 1578.158 ops/s
Iteration   9: 1520.308 ops/s
Iteration  10: 1532.414 ops/s

# Run progress: 41.67% complete, ETA 00:01:48
# Fork: 3 of 3
# Warmup Iteration   1: 1183.716 ops/s
# Warmup Iteration   2: 1472.470 ops/s
# Warmup Iteration   3: 1507.577 ops/s
# Warmup Iteration   4: 1522.460 ops/s
# Warmup Iteration   5: 1567.736 ops/s
Iteration   1: 1528.206 ops/s
Iteration   2: 1562.927 ops/s
Iteration   3: 1513.127 ops/s
Iteration   4: 1530.011 ops/s
Iteration   5: 1546.636 ops/s
Iteration   6: 1532.063 ops/s
Iteration   7: 1565.858 ops/s
Iteration   8: 1526.603 ops/s
Iteration   9: 1565.900 ops/s
Iteration  10: 1528.220 ops/s


Result "dev.yll.simdjsonjni.bench.ScalingBenchmark.checksumBatch":
  1534.112 ±(99.9%) 17.644 ops/s [Average]
  (min, avg, max) = (1475.582, 1534.112, 1578.324), stdev = 26.409
  CI (99.9%): [1516.467, 1551.756] (assumes normal distribution)


# JMH version: 1.37
# VM version: JDK 21.0.12.1, OpenJDK 64-Bit Server VM, 21.0.12.1+1-LTS
# VM invoker: /tmp/toolchain-152522/jdk21/bin/java
# VM options: -Dsimdjson.jni.library=/tmp/simdjson-jni-152522/build/libsimdjson_jni.so -Dsimdjson.data.dir=/tmp/simdjson-jni-152522/data -Xms2g -Xmx2g -XX:+UseG1GC
# Blackhole mode: compiler (auto-detected, use -Djmh.blackhole.autoDetect=false to disable)
# Warmup: 5 iterations, 1 s each
# Measurement: 10 iterations, 1 s each
# Timeout: 10 min per iteration
# Threads: 2 threads, will synchronize iterations
# Benchmark mode: Throughput, ops/time
# Benchmark: dev.yll.simdjsonjni.bench.ScalingBenchmark.checksumBatch
# Parameters: (engine = simdjson-jni-copy)

# Run progress: 50.00% complete, ETA 00:01:33
# Fork: 1 of 3
# Warmup Iteration   1: 6244.828 ops/s
# Warmup Iteration   2: 6815.061 ops/s
# Warmup Iteration   3: 6661.707 ops/s
# Warmup Iteration   4: 6647.951 ops/s
# Warmup Iteration   5: 6826.197 ops/s
Iteration   1: 6665.002 ops/s
Iteration   2: 6669.383 ops/s
Iteration   3: 6831.936 ops/s
Iteration   4: 6670.124 ops/s
Iteration   5: 6634.748 ops/s
Iteration   6: 6832.410 ops/s
Iteration   7: 6657.191 ops/s
Iteration   8: 6832.589 ops/s
Iteration   9: 6674.556 ops/s
Iteration  10: 6672.473 ops/s

# Run progress: 58.33% complete, ETA 00:01:17
# Fork: 2 of 3
# Warmup Iteration   1: 6638.328 ops/s
# Warmup Iteration   2: 6826.744 ops/s
# Warmup Iteration   3: 6658.693 ops/s
# Warmup Iteration   4: 6741.915 ops/s
# Warmup Iteration   5: 6739.196 ops/s
Iteration   1: 6717.606 ops/s
Iteration   2: 6806.634 ops/s
Iteration   3: 6651.649 ops/s
Iteration   4: 6632.662 ops/s
Iteration   5: 6815.892 ops/s
Iteration   6: 6643.295 ops/s
Iteration   7: 6740.897 ops/s
Iteration   8: 6725.432 ops/s
Iteration   9: 6657.735 ops/s
Iteration  10: 6745.505 ops/s

# Run progress: 66.67% complete, ETA 00:01:01
# Fork: 3 of 3
# Warmup Iteration   1: 6696.955 ops/s
# Warmup Iteration   2: 6720.629 ops/s
# Warmup Iteration   3: 6636.124 ops/s
# Warmup Iteration   4: 6812.162 ops/s
# Warmup Iteration   5: 6625.115 ops/s
Iteration   1: 6733.648 ops/s
Iteration   2: 6703.669 ops/s
Iteration   3: 6718.458 ops/s
Iteration   4: 6730.797 ops/s
Iteration   5: 6648.558 ops/s
Iteration   6: 6806.490 ops/s
Iteration   7: 6646.392 ops/s
Iteration   8: 6820.451 ops/s
Iteration   9: 6650.937 ops/s
Iteration  10: 6742.529 ops/s


Result "dev.yll.simdjsonjni.bench.ScalingBenchmark.checksumBatch":
  6715.988 ±(99.9%) 45.550 ops/s [Average]
  (min, avg, max) = (6632.662, 6715.988, 6832.589), stdev = 68.177
  CI (99.9%): [6670.438, 6761.538] (assumes normal distribution)


# JMH version: 1.37
# VM version: JDK 21.0.12.1, OpenJDK 64-Bit Server VM, 21.0.12.1+1-LTS
# VM invoker: /tmp/toolchain-152522/jdk21/bin/java
# VM options: -Dsimdjson.jni.library=/tmp/simdjson-jni-152522/build/libsimdjson_jni.so -Dsimdjson.data.dir=/tmp/simdjson-jni-152522/data -Xms2g -Xmx2g -XX:+UseG1GC
# Blackhole mode: compiler (auto-detected, use -Djmh.blackhole.autoDetect=false to disable)
# Warmup: 5 iterations, 1 s each
# Measurement: 10 iterations, 1 s each
# Timeout: 10 min per iteration
# Threads: 2 threads, will synchronize iterations
# Benchmark mode: Throughput, ops/time
# Benchmark: dev.yll.simdjsonjni.bench.ScalingBenchmark.checksumBatch
# Parameters: (engine = simdjson-jni-direct)

# Run progress: 75.00% complete, ETA 00:00:46
# Fork: 1 of 3
# Warmup Iteration   1: 6821.589 ops/s
# Warmup Iteration   2: 6997.000 ops/s
# Warmup Iteration   3: 6816.001 ops/s
# Warmup Iteration   4: 6987.637 ops/s
# Warmup Iteration   5: 6838.736 ops/s
Iteration   1: 6990.819 ops/s
Iteration   2: 6813.889 ops/s
Iteration   3: 6908.298 ops/s
Iteration   4: 6914.983 ops/s
Iteration   5: 6834.518 ops/s
Iteration   6: 6892.408 ops/s
Iteration   7: 6889.688 ops/s
Iteration   8: 6897.126 ops/s
Iteration   9: 6895.257 ops/s
Iteration  10: 6899.270 ops/s

# Run progress: 83.33% complete, ETA 00:00:30
# Fork: 2 of 3
# Warmup Iteration   1: 6961.762 ops/s
# Warmup Iteration   2: 6807.640 ops/s
# Warmup Iteration   3: 6827.581 ops/s
# Warmup Iteration   4: 6986.508 ops/s
# Warmup Iteration   5: 6823.338 ops/s
Iteration   1: 6900.926 ops/s
Iteration   2: 6900.772 ops/s
Iteration   3: 6905.572 ops/s
Iteration   4: 6590.240 ops/s
Iteration   5: 6803.498 ops/s
Iteration   6: 6978.059 ops/s
Iteration   7: 6804.884 ops/s
Iteration   8: 6902.109 ops/s
Iteration   9: 6890.531 ops/s
Iteration  10: 6824.493 ops/s

# Run progress: 91.67% complete, ETA 00:00:15
# Fork: 3 of 3
# Warmup Iteration   1: 6977.255 ops/s
# Warmup Iteration   2: 6817.197 ops/s
# Warmup Iteration   3: 6805.392 ops/s
# Warmup Iteration   4: 6971.090 ops/s
# Warmup Iteration   5: 6828.517 ops/s
Iteration   1: 6888.365 ops/s
Iteration   2: 6892.012 ops/s
Iteration   3: 6899.405 ops/s
Iteration   4: 6980.022 ops/s
Iteration   5: 6904.172 ops/s
Iteration   6: 6892.510 ops/s
Iteration   7: 6879.529 ops/s
Iteration   8: 6887.459 ops/s
Iteration   9: 6981.918 ops/s
Iteration  10: 6900.485 ops/s


Result "dev.yll.simdjsonjni.bench.ScalingBenchmark.checksumBatch":
  6884.774 ±(99.9%) 48.636 ops/s [Average]
  (min, avg, max) = (6590.240, 6884.774, 6990.819), stdev = 72.797
  CI (99.9%): [6836.138, 6933.410] (assumes normal distribution)


# Run complete. Total time: 00:03:05

REMEMBER: The numbers below are just data. To gain reusable insights, you need to follow up on
why the numbers are the way they are. Use profilers (see -prof, -lprof), design factorial
experiments, perform baseline and negative tests that provide experimental control, make sure
the benchmarking environment is safe on JVM/OS/HW level, ask for reviews from the domain experts.
Do not assume the numbers tell you what you want them to tell.

NOTE: Current JVM experimentally supports Compiler Blackholes, and they are in use. Please exercise
extra caution when trusting the results, look into the generated code to check the benchmark still
works, and factor in a small probability of new VM bugs. Additionally, while comparisons between
different JVMs are already problematic, the performance difference caused by different Blackhole
modes can be very significant. Please make sure you use the consistent Blackhole mode for comparisons.

Benchmark                                  (engine)   Mode  Cnt     Score    Error  Units
ScalingBenchmark.checksumBatch         jackson-tree  thrpt   30  1128.777 ±  9.428  ops/s
ScalingBenchmark.checksumBatch       jackson-stream  thrpt   30  1534.112 ± 17.644  ops/s
ScalingBenchmark.checksumBatch    simdjson-jni-copy  thrpt   30  6715.988 ± 45.550  ops/s
ScalingBenchmark.checksumBatch  simdjson-jni-direct  thrpt   30  6884.774 ± 48.636  ops/s

Benchmark result is saved to /tmp/simdjson-jni-152522/results/raw_scaling_t2.json
==> jmh scaling_t4
# JMH version: 1.37
# VM version: JDK 21.0.12.1, OpenJDK 64-Bit Server VM, 21.0.12.1+1-LTS
# VM invoker: /tmp/toolchain-152522/jdk21/bin/java
# VM options: -Dsimdjson.jni.library=/tmp/simdjson-jni-152522/build/libsimdjson_jni.so -Dsimdjson.data.dir=/tmp/simdjson-jni-152522/data -Xms2g -Xmx2g -XX:+UseG1GC
# Blackhole mode: compiler (auto-detected, use -Djmh.blackhole.autoDetect=false to disable)
# Warmup: 5 iterations, 1 s each
# Measurement: 10 iterations, 1 s each
# Timeout: 10 min per iteration
# Threads: 4 threads, will synchronize iterations
# Benchmark mode: Throughput, ops/time
# Benchmark: dev.yll.simdjsonjni.bench.ScalingBenchmark.checksumBatch
# Parameters: (engine = jackson-tree)

# Run progress: 0.00% complete, ETA 00:03:00
# Fork: 1 of 3
# Warmup Iteration   1: 1796.054 ops/s
# Warmup Iteration   2: 2219.893 ops/s
# Warmup Iteration   3: 2173.501 ops/s
# Warmup Iteration   4: 2164.975 ops/s
# Warmup Iteration   5: 2198.723 ops/s
Iteration   1: 2146.053 ops/s
Iteration   2: 2199.557 ops/s
Iteration   3: 2200.676 ops/s
Iteration   4: 2198.584 ops/s
Iteration   5: 2175.616 ops/s
Iteration   6: 2199.330 ops/s
Iteration   7: 2171.146 ops/s
Iteration   8: 2201.853 ops/s
Iteration   9: 2169.187 ops/s
Iteration  10: 2200.731 ops/s

# Run progress: 8.33% complete, ETA 00:02:50
# Fork: 2 of 3
# Warmup Iteration   1: 1816.139 ops/s
# Warmup Iteration   2: 2169.460 ops/s
# Warmup Iteration   3: 2166.346 ops/s
# Warmup Iteration   4: 2139.600 ops/s
# Warmup Iteration   5: 2149.733 ops/s
Iteration   1: 2123.728 ops/s
Iteration   2: 2150.164 ops/s
Iteration   3: 2100.675 ops/s
Iteration   4: 2100.776 ops/s
Iteration   5: 2154.603 ops/s
Iteration   6: 2101.542 ops/s
Iteration   7: 2156.433 ops/s
Iteration   8: 2094.723 ops/s
Iteration   9: 2095.756 ops/s
Iteration  10: 2156.179 ops/s

# Run progress: 16.67% complete, ETA 00:02:35
# Fork: 3 of 3
# Warmup Iteration   1: 1790.345 ops/s
# Warmup Iteration   2: 2100.531 ops/s
# Warmup Iteration   3: 2154.174 ops/s
# Warmup Iteration   4: 2084.057 ops/s
# Warmup Iteration   5: 2052.227 ops/s
Iteration   1: 2080.811 ops/s
Iteration   2: 2020.149 ops/s
Iteration   3: 2020.145 ops/s
Iteration   4: 2081.889 ops/s
Iteration   5: 2027.756 ops/s
Iteration   6: 2081.140 ops/s
Iteration   7: 2019.556 ops/s
Iteration   8: 2021.377 ops/s
Iteration   9: 2083.780 ops/s
Iteration  10: 2026.137 ops/s


Result "dev.yll.simdjsonjni.bench.ScalingBenchmark.checksumBatch":
  2118.668 ±(99.9%) 42.479 ops/s [Average]
  (min, avg, max) = (2019.556, 2118.668, 2201.853), stdev = 63.581
  CI (99.9%): [2076.189, 2161.147] (assumes normal distribution)


# JMH version: 1.37
# VM version: JDK 21.0.12.1, OpenJDK 64-Bit Server VM, 21.0.12.1+1-LTS
# VM invoker: /tmp/toolchain-152522/jdk21/bin/java
# VM options: -Dsimdjson.jni.library=/tmp/simdjson-jni-152522/build/libsimdjson_jni.so -Dsimdjson.data.dir=/tmp/simdjson-jni-152522/data -Xms2g -Xmx2g -XX:+UseG1GC
# Blackhole mode: compiler (auto-detected, use -Djmh.blackhole.autoDetect=false to disable)
# Warmup: 5 iterations, 1 s each
# Measurement: 10 iterations, 1 s each
# Timeout: 10 min per iteration
# Threads: 4 threads, will synchronize iterations
# Benchmark mode: Throughput, ops/time
# Benchmark: dev.yll.simdjsonjni.bench.ScalingBenchmark.checksumBatch
# Parameters: (engine = jackson-stream)

# Run progress: 25.00% complete, ETA 00:02:19
# Fork: 1 of 3
# Warmup Iteration   1: 2446.680 ops/s
# Warmup Iteration   2: 3138.917 ops/s
# Warmup Iteration   3: 3137.660 ops/s
# Warmup Iteration   4: 3155.309 ops/s
# Warmup Iteration   5: 3169.043 ops/s
Iteration   1: 3127.855 ops/s
Iteration   2: 3208.543 ops/s
Iteration   3: 3115.078 ops/s
Iteration   4: 3176.176 ops/s
Iteration   5: 3184.554 ops/s
Iteration   6: 3133.075 ops/s
Iteration   7: 3220.330 ops/s
Iteration   8: 3132.273 ops/s
Iteration   9: 3178.995 ops/s
Iteration  10: 3177.151 ops/s

# Run progress: 33.33% complete, ETA 00:02:04
# Fork: 2 of 3
# Warmup Iteration   1: 2327.887 ops/s
# Warmup Iteration   2: 3026.114 ops/s
# Warmup Iteration   3: 3100.224 ops/s
# Warmup Iteration   4: 3013.797 ops/s
# Warmup Iteration   5: 3113.056 ops/s
Iteration   1: 3022.639 ops/s
Iteration   2: 3025.588 ops/s
Iteration   3: 3084.074 ops/s
Iteration   4: 2361.694 ops/s
Iteration   5: 1308.941 ops/s
Iteration   6: 1326.743 ops/s
Iteration   7: 1305.942 ops/s
Iteration   8: 1307.326 ops/s
Iteration   9: 1328.830 ops/s
Iteration  10: 1310.324 ops/s

# Run progress: 41.67% complete, ETA 00:01:48
# Fork: 3 of 3
# Warmup Iteration   1: 2373.892 ops/s
# Warmup Iteration   2: 3213.847 ops/s
# Warmup Iteration   3: 3120.892 ops/s
# Warmup Iteration   4: 3188.523 ops/s
# Warmup Iteration   5: 3135.457 ops/s
Iteration   1: 3140.252 ops/s
Iteration   2: 3178.481 ops/s
Iteration   3: 3108.406 ops/s
Iteration   4: 3162.701 ops/s
Iteration   5: 3170.767 ops/s
Iteration   6: 3122.886 ops/s
Iteration   7: 3200.466 ops/s
Iteration   8: 3119.491 ops/s
Iteration   9: 3203.670 ops/s
Iteration  10: 3110.007 ops/s


Result "dev.yll.simdjsonjni.bench.ScalingBenchmark.checksumBatch":
  2751.775 ±(99.9%) 498.380 ops/s [Average]
  (min, avg, max) = (1305.942, 2751.775, 3220.330), stdev = 745.952
  CI (99.9%): [2253.395, 3250.155] (assumes normal distribution)


# JMH version: 1.37
# VM version: JDK 21.0.12.1, OpenJDK 64-Bit Server VM, 21.0.12.1+1-LTS
# VM invoker: /tmp/toolchain-152522/jdk21/bin/java
# VM options: -Dsimdjson.jni.library=/tmp/simdjson-jni-152522/build/libsimdjson_jni.so -Dsimdjson.data.dir=/tmp/simdjson-jni-152522/data -Xms2g -Xmx2g -XX:+UseG1GC
# Blackhole mode: compiler (auto-detected, use -Djmh.blackhole.autoDetect=false to disable)
# Warmup: 5 iterations, 1 s each
# Measurement: 10 iterations, 1 s each
# Timeout: 10 min per iteration
# Threads: 4 threads, will synchronize iterations
# Benchmark mode: Throughput, ops/time
# Benchmark: dev.yll.simdjsonjni.bench.ScalingBenchmark.checksumBatch
# Parameters: (engine = simdjson-jni-copy)

# Run progress: 50.00% complete, ETA 00:01:33
# Fork: 1 of 3
# Warmup Iteration   1: 13255.642 ops/s
# Warmup Iteration   2: 13628.025 ops/s
# Warmup Iteration   3: 13454.563 ops/s
# Warmup Iteration   4: 13459.791 ops/s
# Warmup Iteration   5: 13639.591 ops/s
Iteration   1: 13313.689 ops/s
Iteration   2: 13554.672 ops/s
Iteration   3: 13245.351 ops/s
Iteration   4: 13413.683 ops/s
Iteration   5: 13488.957 ops/s
Iteration   6: 13153.756 ops/s
Iteration   7: 13480.536 ops/s
Iteration   8: 13160.192 ops/s
Iteration   9: 13331.623 ops/s
Iteration  10: 13328.517 ops/s

# Run progress: 58.33% complete, ETA 00:01:17
# Fork: 2 of 3
# Warmup Iteration   1: 13428.874 ops/s
# Warmup Iteration   2: 13235.087 ops/s
# Warmup Iteration   3: 13275.322 ops/s
# Warmup Iteration   4: 13631.803 ops/s
# Warmup Iteration   5: 13258.208 ops/s
Iteration   1: 13655.418 ops/s
Iteration   2: 13313.793 ops/s
Iteration   3: 13312.555 ops/s
Iteration   4: 13613.960 ops/s
Iteration   5: 13122.368 ops/s
Iteration   6: 13312.822 ops/s
Iteration   7: 13302.446 ops/s
Iteration   8: 13297.881 ops/s
Iteration   9: 13297.666 ops/s
Iteration  10: 13122.526 ops/s

# Run progress: 66.67% complete, ETA 00:01:02
# Fork: 3 of 3
# Warmup Iteration   1: 13258.978 ops/s
# Warmup Iteration   2: 13652.050 ops/s
# Warmup Iteration   3: 13285.540 ops/s
# Warmup Iteration   4: 13660.284 ops/s
# Warmup Iteration   5: 13291.831 ops/s
Iteration   1: 13633.349 ops/s
Iteration   2: 13261.198 ops/s
Iteration   3: 13459.602 ops/s
Iteration   4: 13432.660 ops/s
Iteration   5: 13080.484 ops/s
Iteration   6: 13308.389 ops/s
Iteration   7: 13302.240 ops/s
Iteration   8: 13311.897 ops/s
Iteration   9: 13320.373 ops/s
Iteration  10: 13142.962 ops/s


Result "dev.yll.simdjsonjni.bench.ScalingBenchmark.checksumBatch":
  13335.852 ±(99.9%) 101.634 ops/s [Average]
  (min, avg, max) = (13080.484, 13335.852, 13655.418), stdev = 152.122
  CI (99.9%): [13234.218, 13437.487] (assumes normal distribution)


# JMH version: 1.37
# VM version: JDK 21.0.12.1, OpenJDK 64-Bit Server VM, 21.0.12.1+1-LTS
# VM invoker: /tmp/toolchain-152522/jdk21/bin/java
# VM options: -Dsimdjson.jni.library=/tmp/simdjson-jni-152522/build/libsimdjson_jni.so -Dsimdjson.data.dir=/tmp/simdjson-jni-152522/data -Xms2g -Xmx2g -XX:+UseG1GC
# Blackhole mode: compiler (auto-detected, use -Djmh.blackhole.autoDetect=false to disable)
# Warmup: 5 iterations, 1 s each
# Measurement: 10 iterations, 1 s each
# Timeout: 10 min per iteration
# Threads: 4 threads, will synchronize iterations
# Benchmark mode: Throughput, ops/time
# Benchmark: dev.yll.simdjsonjni.bench.ScalingBenchmark.checksumBatch
# Parameters: (engine = simdjson-jni-direct)

# Run progress: 75.00% complete, ETA 00:00:46
# Fork: 1 of 3
# Warmup Iteration   1: 13625.960 ops/s
# Warmup Iteration   2: 14019.486 ops/s
# Warmup Iteration   3: 13647.114 ops/s
# Warmup Iteration   4: 13656.603 ops/s
# Warmup Iteration   5: 14016.843 ops/s
Iteration   1: 13677.889 ops/s
Iteration   2: 13982.666 ops/s
Iteration   3: 13628.274 ops/s
Iteration   4: 13686.943 ops/s
Iteration   5: 13659.383 ops/s
Iteration   6: 13496.119 ops/s
Iteration   7: 13689.817 ops/s
Iteration   8: 13661.665 ops/s
Iteration   9: 13484.523 ops/s
Iteration  10: 13765.527 ops/s

# Run progress: 83.33% complete, ETA 00:00:30
# Fork: 2 of 3
# Warmup Iteration   1: 13972.439 ops/s
# Warmup Iteration   2: 13649.351 ops/s
# Warmup Iteration   3: 14000.797 ops/s
# Warmup Iteration   4: 13630.776 ops/s
# Warmup Iteration   5: 13604.300 ops/s
Iteration   1: 13968.531 ops/s
Iteration   2: 13627.792 ops/s
Iteration   3: 13969.034 ops/s
Iteration   4: 13486.558 ops/s
Iteration   5: 13842.690 ops/s
Iteration   6: 13479.615 ops/s
Iteration   7: 13406.978 ops/s
Iteration   8: 13834.785 ops/s
Iteration   9: 13487.688 ops/s
Iteration  10: 13868.132 ops/s

# Run progress: 91.67% complete, ETA 00:00:15
# Fork: 3 of 3
# Warmup Iteration   1: 13824.655 ops/s
# Warmup Iteration   2: 13786.034 ops/s
# Warmup Iteration   3: 13803.382 ops/s
# Warmup Iteration   4: 13801.658 ops/s
# Warmup Iteration   5: 13796.020 ops/s
Iteration   1: 13614.928 ops/s
Iteration   2: 13978.436 ops/s
Iteration   3: 13781.290 ops/s
Iteration   4: 13667.720 ops/s
Iteration   5: 13850.312 ops/s
Iteration   6: 13843.556 ops/s
Iteration   7: 13853.119 ops/s
Iteration   8: 13836.816 ops/s
Iteration   9: 13826.294 ops/s
Iteration  10: 13816.116 ops/s


Result "dev.yll.simdjsonjni.bench.ScalingBenchmark.checksumBatch":
  13725.773 ±(99.9%) 111.664 ops/s [Average]
  (min, avg, max) = (13406.978, 13725.773, 13982.666), stdev = 167.133
  CI (99.9%): [13614.110, 13837.437] (assumes normal distribution)


# Run complete. Total time: 00:03:05

REMEMBER: The numbers below are just data. To gain reusable insights, you need to follow up on
why the numbers are the way they are. Use profilers (see -prof, -lprof), design factorial
experiments, perform baseline and negative tests that provide experimental control, make sure
the benchmarking environment is safe on JVM/OS/HW level, ask for reviews from the domain experts.
Do not assume the numbers tell you what you want them to tell.

NOTE: Current JVM experimentally supports Compiler Blackholes, and they are in use. Please exercise
extra caution when trusting the results, look into the generated code to check the benchmark still
works, and factor in a small probability of new VM bugs. Additionally, while comparisons between
different JVMs are already problematic, the performance difference caused by different Blackhole
modes can be very significant. Please make sure you use the consistent Blackhole mode for comparisons.

Benchmark                                  (engine)   Mode  Cnt      Score     Error  Units
ScalingBenchmark.checksumBatch         jackson-tree  thrpt   30   2118.668 ±  42.479  ops/s
ScalingBenchmark.checksumBatch       jackson-stream  thrpt   30   2751.775 ± 498.380  ops/s
ScalingBenchmark.checksumBatch    simdjson-jni-copy  thrpt   30  13335.852 ± 101.634  ops/s
ScalingBenchmark.checksumBatch  simdjson-jni-direct  thrpt   30  13725.773 ± 111.664  ops/s

Benchmark result is saved to /tmp/simdjson-jni-152522/results/raw_scaling_t4.json
==> jmh scaling_t8
# JMH version: 1.37
# VM version: JDK 21.0.12.1, OpenJDK 64-Bit Server VM, 21.0.12.1+1-LTS
# VM invoker: /tmp/toolchain-152522/jdk21/bin/java
# VM options: -Dsimdjson.jni.library=/tmp/simdjson-jni-152522/build/libsimdjson_jni.so -Dsimdjson.data.dir=/tmp/simdjson-jni-152522/data -Xms2g -Xmx2g -XX:+UseG1GC
# Blackhole mode: compiler (auto-detected, use -Djmh.blackhole.autoDetect=false to disable)
# Warmup: 5 iterations, 1 s each
# Measurement: 10 iterations, 1 s each
# Timeout: 10 min per iteration
# Threads: 8 threads, will synchronize iterations
# Benchmark mode: Throughput, ops/time
# Benchmark: dev.yll.simdjsonjni.bench.ScalingBenchmark.checksumBatch
# Parameters: (engine = jackson-tree)

# Run progress: 0.00% complete, ETA 00:03:00
# Fork: 1 of 3
# Warmup Iteration   1: 3749.846 ops/s
# Warmup Iteration   2: 4175.744 ops/s
# Warmup Iteration   3: 4096.267 ops/s
# Warmup Iteration   4: 4020.997 ops/s
# Warmup Iteration   5: 4105.142 ops/s
Iteration   1: 4033.942 ops/s
Iteration   2: 4101.973 ops/s
Iteration   3: 4043.057 ops/s
Iteration   4: 4096.450 ops/s
Iteration   5: 4102.279 ops/s
Iteration   6: 3983.849 ops/s
Iteration   7: 4036.865 ops/s
Iteration   8: 4037.683 ops/s
Iteration   9: 4047.529 ops/s
Iteration  10: 4105.749 ops/s

# Run progress: 8.33% complete, ETA 00:02:51
# Fork: 2 of 3
# Warmup Iteration   1: 3750.813 ops/s
# Warmup Iteration   2: 4120.354 ops/s
# Warmup Iteration   3: 4265.686 ops/s
# Warmup Iteration   4: 4272.214 ops/s
# Warmup Iteration   5: 4122.974 ops/s
Iteration   1: 4262.787 ops/s
Iteration   2: 4123.626 ops/s
Iteration   3: 4265.762 ops/s
Iteration   4: 4135.275 ops/s
Iteration   5: 4136.448 ops/s
Iteration   6: 4278.175 ops/s
Iteration   7: 4124.546 ops/s
Iteration   8: 4271.686 ops/s
Iteration   9: 4217.235 ops/s
Iteration  10: 4278.911 ops/s

# Run progress: 16.67% complete, ETA 00:02:35
# Fork: 3 of 3
# Warmup Iteration   1: 3813.318 ops/s
# Warmup Iteration   2: 4170.047 ops/s
# Warmup Iteration   3: 2402.550 ops/s
# Warmup Iteration   4: 2349.754 ops/s
# Warmup Iteration   5: 2383.569 ops/s
Iteration   1: 2381.289 ops/s
Iteration   2: 2358.736 ops/s
Iteration   3: 2410.978 ops/s
Iteration   4: 2352.928 ops/s
Iteration   5: 2383.274 ops/s
Iteration   6: 2372.545 ops/s
Iteration   7: 2351.692 ops/s
Iteration   8: 2400.129 ops/s
Iteration   9: 2377.743 ops/s
Iteration  10: 2379.433 ops/s


Result "dev.yll.simdjsonjni.bench.ScalingBenchmark.checksumBatch":
  3548.419 ±(99.9%) 565.338 ops/s [Average]
  (min, avg, max) = (2351.692, 3548.419, 4278.911), stdev = 846.171
  CI (99.9%): [2983.081, 4113.757] (assumes normal distribution)


# JMH version: 1.37
# VM version: JDK 21.0.12.1, OpenJDK 64-Bit Server VM, 21.0.12.1+1-LTS
# VM invoker: /tmp/toolchain-152522/jdk21/bin/java
# VM options: -Dsimdjson.jni.library=/tmp/simdjson-jni-152522/build/libsimdjson_jni.so -Dsimdjson.data.dir=/tmp/simdjson-jni-152522/data -Xms2g -Xmx2g -XX:+UseG1GC
# Blackhole mode: compiler (auto-detected, use -Djmh.blackhole.autoDetect=false to disable)
# Warmup: 5 iterations, 1 s each
# Measurement: 10 iterations, 1 s each
# Timeout: 10 min per iteration
# Threads: 8 threads, will synchronize iterations
# Benchmark mode: Throughput, ops/time
# Benchmark: dev.yll.simdjsonjni.bench.ScalingBenchmark.checksumBatch
# Parameters: (engine = jackson-stream)

# Run progress: 25.00% complete, ETA 00:02:19
# Fork: 1 of 3
# Warmup Iteration   1: 4914.980 ops/s
# Warmup Iteration   2: 6104.523 ops/s
# Warmup Iteration   3: 6174.082 ops/s
# Warmup Iteration   4: 6088.134 ops/s
# Warmup Iteration   5: 6062.181 ops/s
Iteration   1: 6294.413 ops/s
Iteration   2: 6254.923 ops/s
Iteration   3: 6272.551 ops/s
Iteration   4: 6280.762 ops/s
Iteration   5: 6156.744 ops/s
Iteration   6: 6361.839 ops/s
Iteration   7: 6365.380 ops/s
Iteration   8: 6265.993 ops/s
Iteration   9: 6362.470 ops/s
Iteration  10: 6169.891 ops/s

# Run progress: 33.33% complete, ETA 00:02:04
# Fork: 2 of 3
# Warmup Iteration   1: 5082.763 ops/s
# Warmup Iteration   2: 6238.751 ops/s
# Warmup Iteration   3: 6165.406 ops/s
# Warmup Iteration   4: 6071.312 ops/s
# Warmup Iteration   5: 6012.331 ops/s
Iteration   1: 5926.066 ops/s
Iteration   2: 5861.395 ops/s
Iteration   3: 5959.126 ops/s
Iteration   4: 5768.474 ops/s
Iteration   5: 5874.123 ops/s
Iteration   6: 5958.557 ops/s
Iteration   7: 5782.760 ops/s
Iteration   8: 5947.897 ops/s
Iteration   9: 5961.163 ops/s
Iteration  10: 5790.147 ops/s

# Run progress: 41.67% complete, ETA 00:01:48
# Fork: 3 of 3
# Warmup Iteration   1: 5088.126 ops/s
# Warmup Iteration   2: 6250.515 ops/s
# Warmup Iteration   3: 6239.655 ops/s
# Warmup Iteration   4: 6350.442 ops/s
# Warmup Iteration   5: 4066.436 ops/s
Iteration   1: 3186.141 ops/s
Iteration   2: 3202.896 ops/s
Iteration   3: 3143.288 ops/s
Iteration   4: 3207.801 ops/s
Iteration   5: 3140.656 ops/s
Iteration   6: 3143.692 ops/s
Iteration   7: 3209.633 ops/s
Iteration   8: 3145.015 ops/s
Iteration   9: 3136.762 ops/s
Iteration  10: 3216.312 ops/s


Result "dev.yll.simdjsonjni.bench.ScalingBenchmark.checksumBatch":
  5111.562 ±(99.9%) 938.769 ops/s [Average]
  (min, avg, max) = (3136.762, 5111.562, 6365.380), stdev = 1405.106
  CI (99.9%): [4172.793, 6050.332] (assumes normal distribution)


# JMH version: 1.37
# VM version: JDK 21.0.12.1, OpenJDK 64-Bit Server VM, 21.0.12.1+1-LTS
# VM invoker: /tmp/toolchain-152522/jdk21/bin/java
# VM options: -Dsimdjson.jni.library=/tmp/simdjson-jni-152522/build/libsimdjson_jni.so -Dsimdjson.data.dir=/tmp/simdjson-jni-152522/data -Xms2g -Xmx2g -XX:+UseG1GC
# Blackhole mode: compiler (auto-detected, use -Djmh.blackhole.autoDetect=false to disable)
# Warmup: 5 iterations, 1 s each
# Measurement: 10 iterations, 1 s each
# Timeout: 10 min per iteration
# Threads: 8 threads, will synchronize iterations
# Benchmark mode: Throughput, ops/time
# Benchmark: dev.yll.simdjsonjni.bench.ScalingBenchmark.checksumBatch
# Parameters: (engine = simdjson-jni-copy)

# Run progress: 50.00% complete, ETA 00:01:33
# Fork: 1 of 3
# Warmup Iteration   1: 26783.836 ops/s
# Warmup Iteration   2: 26294.520 ops/s
# Warmup Iteration   3: 26828.736 ops/s
# Warmup Iteration   4: 27254.037 ops/s
# Warmup Iteration   5: 26391.454 ops/s
Iteration   1: 26611.507 ops/s
Iteration   2: 26555.383 ops/s
Iteration   3: 26587.799 ops/s
Iteration   4: 27002.211 ops/s
Iteration   5: 26164.042 ops/s
Iteration   6: 26605.243 ops/s
Iteration   7: 26998.171 ops/s
Iteration   8: 26595.549 ops/s
Iteration   9: 26991.706 ops/s
Iteration  10: 26578.928 ops/s

# Run progress: 58.33% complete, ETA 00:01:17
# Fork: 2 of 3
# Warmup Iteration   1: 26772.695 ops/s
# Warmup Iteration   2: 27096.210 ops/s
# Warmup Iteration   3: 27062.865 ops/s
# Warmup Iteration   4: 26503.500 ops/s
# Warmup Iteration   5: 27007.615 ops/s
Iteration   1: 26844.954 ops/s
Iteration   2: 26591.920 ops/s
Iteration   3: 26992.828 ops/s
Iteration   4: 26191.281 ops/s
Iteration   5: 26270.849 ops/s
Iteration   6: 26933.460 ops/s
Iteration   7: 26137.476 ops/s
Iteration   8: 26976.986 ops/s
Iteration   9: 26184.265 ops/s
Iteration  10: 26601.603 ops/s

# Run progress: 66.67% complete, ETA 00:01:02
# Fork: 3 of 3
# Warmup Iteration   1: 27216.886 ops/s
# Warmup Iteration   2: 26454.717 ops/s
# Warmup Iteration   3: 27249.289 ops/s
# Warmup Iteration   4: 26451.646 ops/s
# Warmup Iteration   5: 26473.106 ops/s
Iteration   1: 27000.868 ops/s
Iteration   2: 26161.948 ops/s
Iteration   3: 26992.797 ops/s
Iteration   4: 26200.866 ops/s
Iteration   5: 26622.353 ops/s
Iteration   6: 26607.702 ops/s
Iteration   7: 26245.976 ops/s
Iteration   8: 26999.123 ops/s
Iteration   9: 26204.156 ops/s
Iteration  10: 26249.662 ops/s


Result "dev.yll.simdjsonjni.bench.ScalingBenchmark.checksumBatch":
  26590.054 ±(99.9%) 215.755 ops/s [Average]
  (min, avg, max) = (26137.476, 26590.054, 27002.211), stdev = 322.932
  CI (99.9%): [26374.299, 26805.808] (assumes normal distribution)


# JMH version: 1.37
# VM version: JDK 21.0.12.1, OpenJDK 64-Bit Server VM, 21.0.12.1+1-LTS
# VM invoker: /tmp/toolchain-152522/jdk21/bin/java
# VM options: -Dsimdjson.jni.library=/tmp/simdjson-jni-152522/build/libsimdjson_jni.so -Dsimdjson.data.dir=/tmp/simdjson-jni-152522/data -Xms2g -Xmx2g -XX:+UseG1GC
# Blackhole mode: compiler (auto-detected, use -Djmh.blackhole.autoDetect=false to disable)
# Warmup: 5 iterations, 1 s each
# Measurement: 10 iterations, 1 s each
# Timeout: 10 min per iteration
# Threads: 8 threads, will synchronize iterations
# Benchmark mode: Throughput, ops/time
# Benchmark: dev.yll.simdjsonjni.bench.ScalingBenchmark.checksumBatch
# Parameters: (engine = simdjson-jni-direct)

# Run progress: 75.00% complete, ETA 00:00:46
# Fork: 1 of 3
# Warmup Iteration   1: 27972.573 ops/s
# Warmup Iteration   2: 28012.655 ops/s
# Warmup Iteration   3: 28012.454 ops/s
# Warmup Iteration   4: 27992.269 ops/s
# Warmup Iteration   5: 27273.691 ops/s
Iteration   1: 27721.533 ops/s
Iteration   2: 27735.924 ops/s
Iteration   3: 27735.768 ops/s
Iteration   4: 27689.903 ops/s
Iteration   5: 27305.658 ops/s
Iteration   6: 26851.002 ops/s
Iteration   7: 27745.838 ops/s
Iteration   8: 26766.935 ops/s
Iteration   9: 26827.775 ops/s
Iteration  10: 27739.002 ops/s

# Run progress: 83.33% complete, ETA 00:00:31
# Fork: 2 of 3
# Warmup Iteration   1: 27882.429 ops/s
# Warmup Iteration   2: 27973.430 ops/s
# Warmup Iteration   3: 28003.907 ops/s
# Warmup Iteration   4: 27507.286 ops/s
# Warmup Iteration   5: 27746.333 ops/s
Iteration   1: 27750.186 ops/s
Iteration   2: 26702.621 ops/s
Iteration   3: 27745.731 ops/s
Iteration   4: 26901.530 ops/s
Iteration   5: 27443.451 ops/s
Iteration   6: 27683.125 ops/s
Iteration   7: 27305.222 ops/s
Iteration   8: 27252.856 ops/s
Iteration   9: 27752.286 ops/s
Iteration  10: 26669.584 ops/s

# Run progress: 91.67% complete, ETA 00:00:15
# Fork: 3 of 3
# Warmup Iteration   1: 27645.618 ops/s
# Warmup Iteration   2: 27158.157 ops/s
# Warmup Iteration   3: 27999.604 ops/s
# Warmup Iteration   4: 27039.394 ops/s
# Warmup Iteration   5: 27758.284 ops/s
Iteration   1: 27768.072 ops/s
Iteration   2: 27301.547 ops/s
Iteration   3: 27715.277 ops/s
Iteration   4: 27562.814 ops/s
Iteration   5: 27584.208 ops/s
Iteration   6: 27587.032 ops/s
Iteration   7: 27615.948 ops/s
Iteration   8: 27134.681 ops/s
Iteration   9: 27573.564 ops/s
Iteration  10: 27590.712 ops/s


Result "dev.yll.simdjsonjni.bench.ScalingBenchmark.checksumBatch":
  27425.326 ±(99.9%) 246.188 ops/s [Average]
  (min, avg, max) = (26669.584, 27425.326, 27768.072), stdev = 368.482
  CI (99.9%): [27179.139, 27671.514] (assumes normal distribution)


# Run complete. Total time: 00:03:06

REMEMBER: The numbers below are just data. To gain reusable insights, you need to follow up on
why the numbers are the way they are. Use profilers (see -prof, -lprof), design factorial
experiments, perform baseline and negative tests that provide experimental control, make sure
the benchmarking environment is safe on JVM/OS/HW level, ask for reviews from the domain experts.
Do not assume the numbers tell you what you want them to tell.

NOTE: Current JVM experimentally supports Compiler Blackholes, and they are in use. Please exercise
extra caution when trusting the results, look into the generated code to check the benchmark still
works, and factor in a small probability of new VM bugs. Additionally, while comparisons between
different JVMs are already problematic, the performance difference caused by different Blackhole
modes can be very significant. Please make sure you use the consistent Blackhole mode for comparisons.

Benchmark                                  (engine)   Mode  Cnt      Score     Error  Units
ScalingBenchmark.checksumBatch         jackson-tree  thrpt   30   3548.419 ± 565.338  ops/s
ScalingBenchmark.checksumBatch       jackson-stream  thrpt   30   5111.562 ± 938.769  ops/s
ScalingBenchmark.checksumBatch    simdjson-jni-copy  thrpt   30  26590.054 ± 215.755  ops/s
ScalingBenchmark.checksumBatch  simdjson-jni-direct  thrpt   30  27425.326 ± 246.188  ops/s

Benchmark result is saved to /tmp/simdjson-jni-152522/results/raw_scaling_t8.json
==> jmh scaling_t16
# JMH version: 1.37
# VM version: JDK 21.0.12.1, OpenJDK 64-Bit Server VM, 21.0.12.1+1-LTS
# VM invoker: /tmp/toolchain-152522/jdk21/bin/java
# VM options: -Dsimdjson.jni.library=/tmp/simdjson-jni-152522/build/libsimdjson_jni.so -Dsimdjson.data.dir=/tmp/simdjson-jni-152522/data -Xms2g -Xmx2g -XX:+UseG1GC
# Blackhole mode: compiler (auto-detected, use -Djmh.blackhole.autoDetect=false to disable)
# Warmup: 5 iterations, 1 s each
# Measurement: 10 iterations, 1 s each
# Timeout: 10 min per iteration
# Threads: 16 threads, will synchronize iterations
# Benchmark mode: Throughput, ops/time
# Benchmark: dev.yll.simdjsonjni.bench.ScalingBenchmark.checksumBatch
# Parameters: (engine = jackson-tree)

# Run progress: 0.00% complete, ETA 00:03:00
# Fork: 1 of 3
# Warmup Iteration   1: 7543.967 ops/s
# Warmup Iteration   2: 8383.121 ops/s
# Warmup Iteration   3: 8202.387 ops/s
# Warmup Iteration   4: 8030.361 ops/s
# Warmup Iteration   5: 8414.446 ops/s
Iteration   1: 8423.860 ops/s
Iteration   2: 8221.157 ops/s
Iteration   3: 8412.572 ops/s
Iteration   4: 8033.318 ops/s
Iteration   5: 8233.211 ops/s
Iteration   6: 8230.757 ops/s
Iteration   7: 8096.041 ops/s
Iteration   8: 8396.947 ops/s
Iteration   9: 8051.548 ops/s
Iteration  10: 8242.170 ops/s

# Run progress: 8.33% complete, ETA 00:02:51
# Fork: 2 of 3
# Warmup Iteration   1: 7262.609 ops/s
# Warmup Iteration   2: 7998.480 ops/s
# Warmup Iteration   3: 8234.931 ops/s
# Warmup Iteration   4: 8234.009 ops/s
# Warmup Iteration   5: 8032.775 ops/s
Iteration   1: 8239.798 ops/s
Iteration   2: 7860.144 ops/s
Iteration   3: 7840.428 ops/s
Iteration   4: 8203.424 ops/s
Iteration   5: 7818.957 ops/s
Iteration   6: 7828.165 ops/s
Iteration   7: 8226.413 ops/s
Iteration   8: 7850.733 ops/s
Iteration   9: 7875.542 ops/s
Iteration  10: 8165.353 ops/s

# Run progress: 16.67% complete, ETA 00:02:35
# Fork: 3 of 3
# Warmup Iteration   1: 7428.598 ops/s
# Warmup Iteration   2: 8015.227 ops/s
# Warmup Iteration   3: 8021.774 ops/s
# Warmup Iteration   4: 8038.086 ops/s
# Warmup Iteration   5: 8049.953 ops/s
Iteration   1: 8255.796 ops/s
Iteration   2: 7840.519 ops/s
Iteration   3: 8046.028 ops/s
Iteration   4: 8247.246 ops/s
Iteration   5: 7892.755 ops/s
Iteration   6: 8071.282 ops/s
Iteration   7: 8060.923 ops/s
Iteration   8: 8057.034 ops/s
Iteration   9: 8261.548 ops/s
Iteration  10: 8068.959 ops/s


Result "dev.yll.simdjsonjni.bench.ScalingBenchmark.checksumBatch":
  8101.754 ±(99.9%) 123.967 ops/s [Average]
  (min, avg, max) = (7818.957, 8101.754, 8423.860), stdev = 185.548
  CI (99.9%): [7977.787, 8225.722] (assumes normal distribution)


# JMH version: 1.37
# VM version: JDK 21.0.12.1, OpenJDK 64-Bit Server VM, 21.0.12.1+1-LTS
# VM invoker: /tmp/toolchain-152522/jdk21/bin/java
# VM options: -Dsimdjson.jni.library=/tmp/simdjson-jni-152522/build/libsimdjson_jni.so -Dsimdjson.data.dir=/tmp/simdjson-jni-152522/data -Xms2g -Xmx2g -XX:+UseG1GC
# Blackhole mode: compiler (auto-detected, use -Djmh.blackhole.autoDetect=false to disable)
# Warmup: 5 iterations, 1 s each
# Measurement: 10 iterations, 1 s each
# Timeout: 10 min per iteration
# Threads: 16 threads, will synchronize iterations
# Benchmark mode: Throughput, ops/time
# Benchmark: dev.yll.simdjsonjni.bench.ScalingBenchmark.checksumBatch
# Parameters: (engine = jackson-stream)

# Run progress: 25.00% complete, ETA 00:02:19
# Fork: 1 of 3
# Warmup Iteration   1: 9530.264 ops/s
# Warmup Iteration   2: 11888.464 ops/s
# Warmup Iteration   3: 11477.551 ops/s
# Warmup Iteration   4: 10767.035 ops/s
# Warmup Iteration   5: 10714.869 ops/s
Iteration   1: 11101.435 ops/s
Iteration   2: 10944.848 ops/s
Iteration   3: 10792.682 ops/s
Iteration   4: 11276.557 ops/s
Iteration   5: 10792.916 ops/s
Iteration   6: 11257.923 ops/s
Iteration   7: 10831.070 ops/s
Iteration   8: 10789.488 ops/s
Iteration   9: 11221.090 ops/s
Iteration  10: 10845.482 ops/s

# Run progress: 33.33% complete, ETA 00:02:04
# Fork: 2 of 3
# Warmup Iteration   1: 9873.779 ops/s
# Warmup Iteration   2: 11925.246 ops/s
# Warmup Iteration   3: 11263.479 ops/s
# Warmup Iteration   4: 11490.087 ops/s
# Warmup Iteration   5: 11008.507 ops/s
Iteration   1: 10984.912 ops/s
Iteration   2: 11485.439 ops/s
Iteration   3: 10986.809 ops/s
Iteration   4: 11485.352 ops/s
Iteration   5: 10981.448 ops/s
Iteration   6: 11505.225 ops/s
Iteration   7: 11245.767 ops/s
Iteration   8: 10982.753 ops/s
Iteration   9: 11472.195 ops/s
Iteration  10: 10966.720 ops/s

# Run progress: 41.67% complete, ETA 00:01:48
# Fork: 3 of 3
# Warmup Iteration   1: 9224.190 ops/s
# Warmup Iteration   2: 12108.710 ops/s
# Warmup Iteration   3: 11630.319 ops/s
# Warmup Iteration   4: 11174.558 ops/s
# Warmup Iteration   5: 11201.164 ops/s
Iteration   1: 10944.194 ops/s
Iteration   2: 11384.390 ops/s
Iteration   3: 10930.894 ops/s
Iteration   4: 11147.494 ops/s
Iteration   5: 11168.158 ops/s
Iteration   6: 10937.722 ops/s
Iteration   7: 11396.937 ops/s
Iteration   8: 11140.138 ops/s
Iteration   9: 11408.893 ops/s
Iteration  10: 10911.963 ops/s


Result "dev.yll.simdjsonjni.bench.ScalingBenchmark.checksumBatch":
  11110.696 ±(99.9%) 156.632 ops/s [Average]
  (min, avg, max) = (10789.488, 11110.696, 11505.225), stdev = 234.439
  CI (99.9%): [10954.065, 11267.328] (assumes normal distribution)


# JMH version: 1.37
# VM version: JDK 21.0.12.1, OpenJDK 64-Bit Server VM, 21.0.12.1+1-LTS
# VM invoker: /tmp/toolchain-152522/jdk21/bin/java
# VM options: -Dsimdjson.jni.library=/tmp/simdjson-jni-152522/build/libsimdjson_jni.so -Dsimdjson.data.dir=/tmp/simdjson-jni-152522/data -Xms2g -Xmx2g -XX:+UseG1GC
# Blackhole mode: compiler (auto-detected, use -Djmh.blackhole.autoDetect=false to disable)
# Warmup: 5 iterations, 1 s each
# Measurement: 10 iterations, 1 s each
# Timeout: 10 min per iteration
# Threads: 16 threads, will synchronize iterations
# Benchmark mode: Throughput, ops/time
# Benchmark: dev.yll.simdjsonjni.bench.ScalingBenchmark.checksumBatch
# Parameters: (engine = simdjson-jni-copy)

# Run progress: 50.00% complete, ETA 00:01:33
# Fork: 1 of 3
# Warmup Iteration   1: 52100.137 ops/s
# Warmup Iteration   2: 54579.817 ops/s
# Warmup Iteration   3: 51908.215 ops/s
# Warmup Iteration   4: 53172.350 ops/s
# Warmup Iteration   5: 52515.716 ops/s
Iteration   1: 53617.001 ops/s
Iteration   2: 52967.753 ops/s
Iteration   3: 51271.118 ops/s
Iteration   4: 54526.746 ops/s
Iteration   5: 52087.091 ops/s
Iteration   6: 53200.608 ops/s
Iteration   7: 54554.719 ops/s
Iteration   8: 54551.954 ops/s
Iteration   9: 53152.796 ops/s
Iteration  10: 53608.433 ops/s

# Run progress: 58.33% complete, ETA 00:01:17
# Fork: 2 of 3
# Warmup Iteration   1: 51902.126 ops/s
# Warmup Iteration   2: 53236.743 ops/s
# Warmup Iteration   3: 54401.963 ops/s
# Warmup Iteration   4: 53959.705 ops/s
# Warmup Iteration   5: 53975.333 ops/s
Iteration   1: 52631.311 ops/s
Iteration   2: 52654.832 ops/s
Iteration   3: 53956.126 ops/s
Iteration   4: 54577.928 ops/s
Iteration   5: 54537.934 ops/s
Iteration   6: 54583.946 ops/s
Iteration   7: 53229.364 ops/s
Iteration   8: 54598.501 ops/s
Iteration   9: 53225.639 ops/s
Iteration  10: 54567.571 ops/s

# Run progress: 66.67% complete, ETA 00:01:02
# Fork: 3 of 3
# Warmup Iteration   1: 54299.355 ops/s
# Warmup Iteration   2: 54390.553 ops/s
# Warmup Iteration   3: 53746.954 ops/s
# Warmup Iteration   4: 52111.335 ops/s
# Warmup Iteration   5: 53825.580 ops/s
Iteration   1: 53798.889 ops/s
Iteration   2: 52469.681 ops/s
Iteration   3: 53822.493 ops/s
Iteration   4: 54340.142 ops/s
Iteration   5: 53173.084 ops/s
Iteration   6: 53046.256 ops/s
Iteration   7: 54360.797 ops/s
Iteration   8: 53265.553 ops/s
Iteration   9: 54349.082 ops/s
Iteration  10: 53175.431 ops/s


Result "dev.yll.simdjsonjni.bench.ScalingBenchmark.checksumBatch":
  53596.759 ±(99.9%) 581.354 ops/s [Average]
  (min, avg, max) = (51271.118, 53596.759, 54598.501), stdev = 870.143
  CI (99.9%): [53015.405, 54178.113] (assumes normal distribution)


# JMH version: 1.37
# VM version: JDK 21.0.12.1, OpenJDK 64-Bit Server VM, 21.0.12.1+1-LTS
# VM invoker: /tmp/toolchain-152522/jdk21/bin/java
# VM options: -Dsimdjson.jni.library=/tmp/simdjson-jni-152522/build/libsimdjson_jni.so -Dsimdjson.data.dir=/tmp/simdjson-jni-152522/data -Xms2g -Xmx2g -XX:+UseG1GC
# Blackhole mode: compiler (auto-detected, use -Djmh.blackhole.autoDetect=false to disable)
# Warmup: 5 iterations, 1 s each
# Measurement: 10 iterations, 1 s each
# Timeout: 10 min per iteration
# Threads: 16 threads, will synchronize iterations
# Benchmark mode: Throughput, ops/time
# Benchmark: dev.yll.simdjsonjni.bench.ScalingBenchmark.checksumBatch
# Parameters: (engine = simdjson-jni-direct)

# Run progress: 75.00% complete, ETA 00:00:46
# Fork: 1 of 3
# Warmup Iteration   1: 54751.080 ops/s
# Warmup Iteration   2: 55800.950 ops/s
# Warmup Iteration   3: 54340.512 ops/s
# Warmup Iteration   4: 54040.404 ops/s
# Warmup Iteration   5: 53734.172 ops/s
Iteration   1: 52905.078 ops/s
Iteration   2: 55226.039 ops/s
Iteration   3: 52924.937 ops/s
Iteration   4: 55793.661 ops/s
Iteration   5: 53173.637 ops/s
Iteration   6: 54851.660 ops/s
Iteration   7: 54354.563 ops/s
Iteration   8: 54278.331 ops/s
Iteration   9: 55786.218 ops/s
Iteration  10: 53022.717 ops/s

# Run progress: 83.33% complete, ETA 00:00:31
# Fork: 2 of 3
# Warmup Iteration   1: 55962.847 ops/s
# Warmup Iteration   2: 54601.891 ops/s
# Warmup Iteration   3: 54475.440 ops/s
# Warmup Iteration   4: 55031.489 ops/s
# Warmup Iteration   5: 54468.508 ops/s
Iteration   1: 52836.772 ops/s
Iteration   2: 55436.892 ops/s
Iteration   3: 54019.520 ops/s
Iteration   4: 56010.026 ops/s
Iteration   5: 53167.188 ops/s
Iteration   6: 53414.588 ops/s
Iteration   7: 55987.373 ops/s
Iteration   8: 54623.460 ops/s
Iteration   9: 53228.628 ops/s
Iteration  10: 55979.270 ops/s

# Run progress: 91.67% complete, ETA 00:00:15
# Fork: 3 of 3
# Warmup Iteration   1: 54480.693 ops/s
# Warmup Iteration   2: 54200.799 ops/s
# Warmup Iteration   3: 54760.010 ops/s
# Warmup Iteration   4: 52725.110 ops/s
# Warmup Iteration   5: 55266.739 ops/s
Iteration   1: 55223.727 ops/s
Iteration   2: 52495.109 ops/s
Iteration   3: 54878.654 ops/s
Iteration   4: 53487.045 ops/s
Iteration   5: 55782.964 ops/s
Iteration   6: 54411.228 ops/s
Iteration   7: 53125.785 ops/s
Iteration   8: 55800.106 ops/s
Iteration   9: 53201.299 ops/s
Iteration  10: 53666.438 ops/s


Result "dev.yll.simdjsonjni.bench.ScalingBenchmark.checksumBatch":
  54303.097 ±(99.9%) 787.799 ops/s [Average]
  (min, avg, max) = (52495.109, 54303.097, 56010.026), stdev = 1179.140
  CI (99.9%): [53515.298, 55090.896] (assumes normal distribution)


# Run complete. Total time: 00:03:06

REMEMBER: The numbers below are just data. To gain reusable insights, you need to follow up on
why the numbers are the way they are. Use profilers (see -prof, -lprof), design factorial
experiments, perform baseline and negative tests that provide experimental control, make sure
the benchmarking environment is safe on JVM/OS/HW level, ask for reviews from the domain experts.
Do not assume the numbers tell you what you want them to tell.

NOTE: Current JVM experimentally supports Compiler Blackholes, and they are in use. Please exercise
extra caution when trusting the results, look into the generated code to check the benchmark still
works, and factor in a small probability of new VM bugs. Additionally, while comparisons between
different JVMs are already problematic, the performance difference caused by different Blackhole
modes can be very significant. Please make sure you use the consistent Blackhole mode for comparisons.

Benchmark                                  (engine)   Mode  Cnt      Score     Error  Units
ScalingBenchmark.checksumBatch         jackson-tree  thrpt   30   8101.754 ± 123.967  ops/s
ScalingBenchmark.checksumBatch       jackson-stream  thrpt   30  11110.696 ± 156.632  ops/s
ScalingBenchmark.checksumBatch    simdjson-jni-copy  thrpt   30  53596.759 ± 581.354  ops/s
ScalingBenchmark.checksumBatch  simdjson-jni-direct  thrpt   30  54303.097 ± 787.799  ops/s

Benchmark result is saved to /tmp/simdjson-jni-152522/results/raw_scaling_t16.json
==> distilling results
wrote /tmp/simdjson-jni-152522/results/summary.json failures=0
==> done in 5930s
failures: []
sections: ['A_throughput', 'B_latency', 'C_allocation', 'D_jni_crossing', 'E_pipeline_share', 'F_scaling']
